name,content,label
grotesk_medium.woff2,,fonts
wireframes_6745.fig,,design
quarterly_review_q3.pptx,slide overview agenda slide overview agenda slide overview agenda,presentations
interview_recording_6641.flac,,audio
gardening_book.epub,preface acknowledgements chapter one it was a,books
song_demo_9971.wav,,audio
document1,,other
download_3480,,other
download_1622,,other
expenses_jun.xlsx,"column,values",spreadsheets
voice_memo_8848.m4a,,audio
metrics_2016-06-21.json,"{""status"": ""ok"", ""items"": 42} {""status"": ""ok"", ""items"": 42}",data
config_4778.json,"{""status"": ""ok"", ""items"": 42} id,name,value",data
marketing_book.epub,preface acknowledgements preface acknowledgements preface acknowledgements,books
interview_recording_6950.flac,,audio
project_export_6942.7z,compressed archive contents,archives
customers_export.tsv,"{""status"": ""ok"", ""items"": 42} {""status"": ""ok"", ""items"": 42}",data
gothic_5992.otf,,fonts
scan_doc1321.jpg,,images
drone_flight_beach.mov,,videos
gardening_book.epub,,books
wireframes_8752.fig,layer mask vector artboard,design
pitch_deck_v2186.pptx,,presentations
drone_flight_city.mov,,videos
document1,,other
wireframes_8802.fig,layer mask vector artboard layer mask vector artboard layer mask vector artboard layer mask vector artboard,design
song_demo_6572.wav,,audio
project_export_4046.7z,compressed archive contents compressed archive contents compressed archive contents,archives
newfile_7414,,other
meeting_notes_2023-04-14.txt,dear sir or madam dear sir or madam,documents
banner_1280.ai,,design
birthday_2022.mp4,,videos
newfile_2567,,other
IMG_3228.jpg,,images
screenshot_2026-06-18.png,,images
interview_recording_8718.flac,,audio
backup_2022-03-05.zip,,archives
banner_5326.ai,layer mask vector artboard layer mask vector artboard layer mask vector artboard layer mask vector artboard,design
inter_bold.ttf,,fonts
wireframes_9039.fig,layer mask vector artboard,design
report_draft_6671.docx,dear sir or madam invoice total due dear sir or madam,documents
banner_251.ai,,design
export_events.csv,"id,name,value id,name,value {""status"": ""ok"", ""items"": 42} id,name,value",data
wireframes_8706.fig,layer mask vector artboard layer mask vector artboard layer mask vector artboard,design
birthday_2017.mp4,,videos
app_component_8043.tsx,,code
gothic_2876.otf,,fonts
server_main.go,export default component export default component function render props,code
voice_memo_7063.m4a,,audio
VID_1282.mp4,,videos
drone_flight_beach.mov,,videos
letter_to_globex.txt,,documents
server_main.go,export default component,code
export_orders.csv,"{""status"": ""ok"", ""items"": 42} id,name,value",data
history_book.epub,chapter one it was a preface acknowledgements chapter one it was a chapter one it was a,books
manual_v885.pdf,agreement between parties agreement between parties invoice total due,documents
expenses_mar.xlsx,"column,values sum of expenses sum of expenses",spreadsheets
voice_memo_2206.m4a,,audio
logo_draft_v7248.psd,layer mask vector artboard layer mask vector artboard,design
expenses_apr.xlsx,sum of expenses,spreadsheets
resume_wei_kim.docx,invoice total due,documents
lecture_history.mkv,,videos
birthday_2021.mp4,,videos
birthday_2015.mp4,,videos
letter_to_globex.txt,invoice total due meeting agenda attendees,documents
export_orders.csv,"{""status"": ""ok"", ""items"": 42}",data
IMG_9252.jpg,,images
budget_2024.xlsx,sum of expenses sum of expenses,spreadsheets
scan_doc8700.jpg,,images
banner_4885.ai,layer mask vector artboard layer mask vector artboard,design
project_export_50.7z,compressed archive contents compressed archive contents compressed archive contents,archives
receipt_6352.pdf,invoice total due dear sir or madam,documents
drone_flight_beach.mov,,videos
budget_2016.xlsx,"sum of expenses column,values",spreadsheets
history_book.epub,,books
untitled_5592,,other
quarterly_review_q4.pptx,market opportunity pricing,presentations
document1,,other
calibre_4681.mobi,chapter one it was a preface acknowledgements,books
styles_main.css,,code
lease_agreement_3278.pdf,agreement between parties,documents
wireframes_5181.fig,layer mask vector artboard layer mask vector artboard layer mask vector artboard,design
podcast_ep1303.mp3,,audio
screenshot_2020-09-02.png,,images
history_book.epub,chapter one it was a,books
project_export_5335.7z,compressed archive contents compressed archive contents compressed archive contents compressed archive contents,archives
vacation_beach.jpeg,,images
podcast_ep5192.mp3,,audio
podcast_ep5948.mp3,,audio
server_main.go,export default component export default component function render props function render props,code
interview_recording_7888.flac,,audio
logo_draft_v8778.psd,layer mask vector artboard layer mask vector artboard,design
lecture_physics.mkv,,videos
app_component_5883.tsx,import pandas as pd function render props import pandas as pd,code
drone_flight_city.mov,,videos
quarterly_review_q3.pptx,slide overview agenda market opportunity pricing market opportunity pricing market opportunity pricing,presentations
project_export_9187.7z,compressed archive contents compressed archive contents compressed archive contents,archives
gothic_606.otf,,fonts
query_runner.py,export default component import pandas as pd import pandas as pd,code
project_export_4051.7z,,archives
calibre_9019.mobi,chapter one it was a preface acknowledgements,books
song_demo_926.wav,,audio
IMG_205.jpg,,images
marketing_book.epub,chapter one it was a,books
podcast_ep8379.mp3,,audio
gothic_2054.otf,,fonts
untitled_3610,,other
song_demo_5023.wav,,audio
logo_draft_v8560.psd,,design
invoice_2813_umbrella.pdf,dear sir or madam invoice total due agreement between parties,documents
cooking_book.epub,chapter one it was a preface acknowledgements,books
scan_doc1833.jpg,,images
metrics_2019-06-11.json,"{""status"": ""ok"", ""items"": 42} id,name,value",data
manual_v9428.pdf,meeting agenda attendees,documents
voice_memo_2228.m4a,,audio
quarterly_review_q2.pptx,market opportunity pricing market opportunity pricing slide overview agenda,presentations
grotesk_medium.woff2,,fonts
voice_memo_5846.m4a,,audio
invoice_4950_hooli.pdf,meeting agenda attendees,documents
expenses_may.xlsx,"column,values",spreadsheets
download_3141,,other
inter_bold.ttf,,fonts
invoice_5108_acme.pdf,,documents
customers_export.tsv,"{""status"": ""ok"", ""items"": 42} id,name,value id,name,value",data
inter_bold.ttf,,fonts
meeting_notes_2021-03-20.txt,agreement between parties meeting agenda attendees,documents
receipt_7021.pdf,dear sir or madam agreement between parties,documents
drone_flight_mountains.mov,,videos
utils_8441.py,export default component,code
photos_archive_2024.tar.gz,,archives
backup_2016-05-24.zip,compressed archive contents compressed archive contents compressed archive contents,archives
VID_4482.mp4,,videos
logo_draft_v320.psd,layer mask vector artboard layer mask vector artboard,design
voice_memo_3032.m4a,,audio
voice_memo_9197.m4a,,audio
logo_draft_v8257.psd,layer mask vector artboard layer mask vector artboard layer mask vector artboard layer mask vector artboard,design
VID_8217.mp4,,videos
styles_main.css,export default component import pandas as pd,code
VID_9942.mp4,,videos
family_trip.png,,images
marketing_book.epub,preface acknowledgements preface acknowledgements,books
letter_to_umbrella.txt,invoice total due agreement between parties,documents
birthday_2022.mp4,,videos
hours_tracking_4094.ods,,spreadsheets
server_main.go,export default component,code
history_book.epub,,books
scan_doc2825.jpg,,images
gothic_3661.otf,,fonts
export_orders.csv,"{""status"": ""ok"", ""items"": 42} id,name,value {""status"": ""ok"", ""items"": 42} id,name,value",data
calibre_9422.mobi,chapter one it was a chapter one it was a chapter one it was a preface acknowledgements,books
family_trip.png,,images
banner_7339.ai,layer mask vector artboard layer mask vector artboard layer mask vector artboard layer mask vector artboard,design
photos_archive_2024.tar.gz,,archives
document1,,other
backup_2020-04-23.zip,compressed archive contents compressed archive contents compressed archive contents,archives
calibre_9145.mobi,chapter one it was a chapter one it was a,books
backup_2017-05-10.zip,compressed archive contents compressed archive contents compressed archive contents compressed archive contents,archives
query_runner.py,export default component,code
resume_jo_patel.docx,meeting agenda attendees meeting agenda attendees,documents
styles_main.css,export default component function render props,code
banner_1487.ai,layer mask vector artboard layer mask vector artboard layer mask vector artboard,design
photos_archive_2015.tar.gz,compressed archive contents compressed archive contents compressed archive contents compressed archive contents,archives
metrics_2017-11-27.json,"id,name,value id,name,value {""status"": ""ok"", ""items"": 42} id,name,value",data
banner_5649.ai,layer mask vector artboard layer mask vector artboard layer mask vector artboard,design
photos_archive_2023.tar.gz,compressed archive contents,archives
photos_archive_2020.tar.gz,compressed archive contents,archives
physics_book.epub,preface acknowledgements preface acknowledgements preface acknowledgements chapter one it was a,books
history_book.epub,,books
calibre_7955.mobi,preface acknowledgements preface acknowledgements chapter one it was a,books
banner_155.ai,,design
meeting_notes_2021-12-26.txt,,documents
quarterly_review_q4.pptx,slide overview agenda market opportunity pricing,presentations
pitch_deck_v6519.pptx,market opportunity pricing,presentations
quarterly_review_q1.pptx,market opportunity pricing market opportunity pricing slide overview agenda,presentations
cooking_book.epub,preface acknowledgements,books
utils_9219.py,import pandas as pd export default component,code
scan_doc8961.jpg,,images
budget_2022.xlsx,"budget forecast q1 sum of expenses column,values sum of expenses",spreadsheets
calibre_4068.mobi,,books
backup_2018-08-06.zip,compressed archive contents compressed archive contents,archives
server_main.go,export default component export default component import pandas as pd export default component,code
styles_main.css,,code
export_events.csv,"id,name,value",data
VID_2277.mp4,,videos
receipt_9778.pdf,dear sir or madam agreement between parties dear sir or madam,documents
photos_archive_2025.tar.gz,compressed archive contents compressed archive contents,archives
cooking_book.epub,chapter one it was a preface acknowledgements,books
app_component_5953.tsx,import pandas as pd export default component function render props,code
export_orders.csv,"id,name,value id,name,value",data
scan_doc1401.jpg,,images
wireframes_9141.fig,layer mask vector artboard layer mask vector artboard layer mask vector artboard,design
family_dinner.png,,images
customers_export.tsv,"{""status"": ""ok"", ""items"": 42} id,name,value id,name,value id,name,value",data
utils_329.py,,code
budget_2016.xlsx,,spreadsheets
VID_4452.mp4,,videos
grotesk_medium.woff2,,fonts
quarterly_review_q3.pptx,market opportunity pricing market opportunity pricing,presentations
lecture_cooking.mkv,,videos
pitch_deck_v7646.pptx,slide overview agenda market opportunity pricing,presentations
expenses_apr.xlsx,"sum of expenses budget forecast q1 column,values column,values",spreadsheets
drone_flight_beach.mov,,videos
VID_8348.mp4,,videos
banner_9710.ai,layer mask vector artboard,design
backup_2025-04-16.zip,,archives
budget_2018.xlsx,"column,values budget forecast q1",spreadsheets
download_8116,,other
document1,,other
backup_2018-10-15.zip,compressed archive contents compressed archive contents compressed archive contents,archives
marketing_book.epub,,books
report_draft_5846.docx,dear sir or madam,documents
vacation_city.jpeg,,images
wireframes_9041.fig,layer mask vector artboard layer mask vector artboard,design
hours_tracking_1767.ods,,spreadsheets
grotesk_medium.woff2,,fonts
physics_book.epub,preface acknowledgements preface acknowledgements preface acknowledgements preface acknowledgements,books
document1,,other
vacation_lake.jpeg,,images
pitch_deck_v6896.pptx,market opportunity pricing slide overview agenda market opportunity pricing slide overview agenda,presentations
family_graduation.png,,images
podcast_ep9202.mp3,,audio
expenses_jun.xlsx,"column,values sum of expenses budget forecast q1",spreadsheets
grotesk_medium.woff2,,fonts
gothic_6657.otf,,fonts
pitch_deck_v4084.pptx,,presentations
meeting_notes_2016-08-16.txt,agreement between parties,documents
calibre_515.mobi,preface acknowledgements chapter one it was a chapter one it was a,books
pitch_deck_v7305.pptx,market opportunity pricing market opportunity pricing market opportunity pricing slide overview agenda,presentations
budget_2025.xlsx,,spreadsheets
pitch_deck_v6243.pptx,slide overview agenda slide overview agenda slide overview agenda,presentations
quarterly_review_q3.pptx,slide overview agenda slide overview agenda,presentations
family_trip.png,,images
calibre_3163.mobi,preface acknowledgements preface acknowledgements chapter one it was a chapter one it was a,books
gothic_3072.otf,,fonts
screenshot_2023-12-24.png,,images
VID_1399.mp4,,videos
backup_2024-12-10.zip,compressed archive contents compressed archive contents compressed archive contents,archives
lecture_marketing.mkv,,videos
letter_to_initech.txt,invoice total due invoice total due agreement between parties meeting agenda attendees,documents
customers_export.tsv,"id,name,value {""status"": ""ok"", ""items"": 42} id,name,value",data
styles_main.css,import pandas as pd function render props function render props,code
photos_archive_2022.tar.gz,compressed archive contents compressed archive contents compressed archive contents,archives
history_book.epub,,books
export_users.csv,"id,name,value",data
quarterly_review_q1.pptx,,presentations
budget_2016.xlsx,"column,values",spreadsheets
untitled_4455,,other
gardening_book.epub,chapter one it was a chapter one it was a chapter one it was a preface acknowledgements,books
scan_doc7178.jpg,,images
budget_2016.xlsx,"column,values column,values column,values budget forecast q1",spreadsheets
backup_2021-04-19.zip,,archives
inter_bold.ttf,,fonts
meeting_notes_2025-07-02.txt,invoice total due meeting agenda attendees meeting agenda attendees,documents
document1,,other
query_runner.py,function render props,code
server_main.go,,code
wireframes_1996.fig,layer mask vector artboard layer mask vector artboard,design
project_export_9551.7z,compressed archive contents compressed archive contents compressed archive contents,archives
server_main.go,export default component function render props function render props,code
training_marketing.key,slide overview agenda market opportunity pricing slide overview agenda market opportunity pricing,presentations
lease_agreement_9264.pdf,dear sir or madam,documents
logo_draft_v1287.psd,,design
logo_draft_v3761.psd,layer mask vector artboard layer mask vector artboard layer mask vector artboard layer mask vector artboard,design
screenshot_2016-12-21.png,,images
lecture_physics.mkv,,videos
receipt_4918.pdf,invoice total due meeting agenda attendees invoice total due agreement between parties,documents
customers_export.tsv,"{""status"": ""ok"", ""items"": 42} id,name,value {""status"": ""ok"", ""items"": 42}",data
quarterly_review_q2.pptx,market opportunity pricing market opportunity pricing,presentations
expenses_apr.xlsx,sum of expenses sum of expenses sum of expenses,spreadsheets
utils_3111.py,function render props export default component,code
logo_draft_v2646.psd,layer mask vector artboard layer mask vector artboard layer mask vector artboard,design
grotesk_medium.woff2,,fonts
styles_main.css,import pandas as pd,code
calibre_9715.mobi,preface acknowledgements,books
hours_tracking_1621.ods,,spreadsheets
calibre_6790.mobi,chapter one it was a chapter one it was a,books
project_export_4842.7z,,archives
banner_3390.ai,layer mask vector artboard layer mask vector artboard layer mask vector artboard layer mask vector artboard,design
expenses_mar.xlsx,budget forecast q1,spreadsheets
song_demo_9612.wav,,audio
download_9391,,other
styles_main.css,import pandas as pd function render props,code
scan_doc6622.jpg,,images
banner_2572.ai,layer mask vector artboard,design
vacation_lake.jpeg,,images
banner_1710.ai,,design
untitled_4249,,other
inter_bold.ttf,,fonts
voice_memo_865.m4a,,audio
pitch_deck_v786.pptx,market opportunity pricing market opportunity pricing,presentations
report_draft_8193.docx,invoice total due meeting agenda attendees,documents
letter_to_umbrella.txt,meeting agenda attendees invoice total due,documents
physics_book.epub,chapter one it was a,books
banner_2418.ai,layer mask vector artboard layer mask vector artboard layer mask vector artboard layer mask vector artboard,design
budget_2020.xlsx,"column,values budget forecast q1 column,values sum of expenses",spreadsheets
banner_5257.ai,,design
newfile_9714,,other
budget_2021.xlsx,,spreadsheets
newfile_9266,,other
project_export_4139.7z,compressed archive contents,archives
calibre_7822.mobi,preface acknowledgements,books
physics_book.epub,preface acknowledgements preface acknowledgements chapter one it was a chapter one it was a,books
utils_7517.py,function render props export default component function render props,code
backup_2026-04-04.zip,,archives
untitled_3780,,other
IMG_2832.jpg,,images
birthday_2024.mp4,,videos
document1,,other
app_component_2273.tsx,function render props export default component function render props,code
quarterly_review_q3.pptx,market opportunity pricing,presentations
utils_3804.py,function render props function render props,code
inter_bold.ttf,,fonts
interview_recording_6604.flac,,audio
birthday_2025.mp4,,videos
photos_archive_2016.tar.gz,compressed archive contents compressed archive contents compressed archive contents compressed archive contents,archives
training_cooking.key,slide overview agenda,presentations
letter_to_acme.txt,meeting agenda attendees invoice total due meeting agenda attendees agreement between parties,documents
app_component_7515.tsx,function render props function render props,code
gothic_6459.otf,,fonts
scan_doc1118.jpg,,images
newfile_9629,,other
config_9466.json,,data
gothic_3919.otf,,fonts
IMG_8753.jpg,,images
IMG_9635.jpg,,images
logo_draft_v5328.psd,layer mask vector artboard layer mask vector artboard,design
logo_draft_v7517.psd,layer mask vector artboard layer mask vector artboard layer mask vector artboard layer mask vector artboard,design
grotesk_medium.woff2,,fonts
cooking_book.epub,chapter one it was a chapter one it was a,books
banner_5401.ai,layer mask vector artboard layer mask vector artboard,design
newfile_7119,,other
wireframes_6713.fig,layer mask vector artboard layer mask vector artboard,design
expenses_may.xlsx,budget forecast q1 budget forecast q1 budget forecast q1,spreadsheets
photos_archive_2019.tar.gz,compressed archive contents,archives
resume_wei_kim.docx,agreement between parties meeting agenda attendees,documents
utils_8034.py,export default component import pandas as pd import pandas as pd function render props,code
download_3841,,other
pitch_deck_v8155.pptx,slide overview agenda,presentations
gardening_book.epub,preface acknowledgements,books
drone_flight_beach.mov,,videos
calibre_3143.mobi,preface acknowledgements chapter one it was a,books
calibre_3009.mobi,preface acknowledgements,books
physics_book.epub,chapter one it was a preface acknowledgements chapter one it was a preface acknowledgements,books
download_9086,,other
screenshot_2023-03-07.png,,images
inter_bold.ttf,,fonts
untitled_120,,other
song_demo_2229.wav,,audio
query_runner.py,function render props function render props,code
meeting_notes_2015-01-26.txt,meeting agenda attendees invoice total due dear sir or madam,documents
photos_archive_2017.tar.gz,compressed archive contents compressed archive contents compressed archive contents,archives
expenses_mar.xlsx,budget forecast q1 sum of expenses sum of expenses,spreadsheets
inter_bold.ttf,,fonts
project_export_6995.7z,compressed archive contents compressed archive contents,archives
birthday_2021.mp4,,videos
expenses_may.xlsx,"column,values column,values sum of expenses",spreadsheets
birthday_2015.mp4,,videos
training_history.key,slide overview agenda,presentations
gothic_6767.otf,,fonts
history_book.epub,chapter one it was a,books
hours_tracking_9504.ods,"sum of expenses budget forecast q1 column,values",spreadsheets
export_orders.csv,"id,name,value {""status"": ""ok"", ""items"": 42} id,name,value",data
quarterly_review_q2.pptx,market opportunity pricing slide overview agenda slide overview agenda slide overview agenda,presentations
project_export_2513.7z,compressed archive contents compressed archive contents,archives
export_orders.csv,"id,name,value id,name,value",data
quarterly_review_q2.pptx,,presentations
calibre_9284.mobi,,books
manual_v388.pdf,,documents
download_1733,,other
document1,,other
wireframes_421.fig,layer mask vector artboard layer mask vector artboard layer mask vector artboard layer mask vector artboard,design
manual_v5759.pdf,invoice total due invoice total due dear sir or madam invoice total due,documents
metrics_2021-04-04.json,,data
lecture_cooking.mkv,,videos
physics_book.epub,,books
styles_main.css,export default component function render props,code
physics_book.epub,chapter one it was a,books
letter_to_acme.txt,invoice total due dear sir or madam,documents
untitled_7113,,other
manual_v2482.pdf,,documents
grotesk_medium.woff2,,fonts
project_export_926.7z,compressed archive contents,archives
banner_2927.ai,layer mask vector artboard,design
utils_4746.py,export default component function render props import pandas as pd,code
config_4394.json,,data
wireframes_3263.fig,layer mask vector artboard layer mask vector artboard,design
IMG_8639.jpg,,images
vacation_mountains.jpeg,,images
budget_2019.xlsx,sum of expenses,spreadsheets
quarterly_review_q4.pptx,,presentations
backup_2025-09-07.zip,compressed archive contents compressed archive contents,archives
metrics_2022-07-13.json,"id,name,value",data
vacation_beach.jpeg,,images
meeting_notes_2019-03-07.txt,invoice total due,documents
voice_memo_7111.m4a,,audio
newfile_5656,,other
resume_priya_garcia.docx,dear sir or madam dear sir or madam,documents
VID_6450.mp4,,videos
untitled_1054,,other
newfile_8944,,other
training_history.key,market opportunity pricing market opportunity pricing,presentations
receipt_9268.pdf,meeting agenda attendees agreement between parties invoice total due,documents
IMG_7720.jpg,,images
voice_memo_4210.m4a,,audio
document1,,other
server_main.go,import pandas as pd import pandas as pd import pandas as pd,code
report_draft_6968.docx,agreement between parties invoice total due agreement between parties invoice total due,documents
banner_6282.ai,layer mask vector artboard layer mask vector artboard layer mask vector artboard layer mask vector artboard,design
export_events.csv,,data
newfile_8893,,other
quarterly_review_q4.pptx,market opportunity pricing slide overview agenda,presentations
drone_flight_city.mov,,videos
metrics_2016-11-05.json,"id,name,value id,name,value {""status"": ""ok"", ""items"": 42}",data
vacation_lake.jpeg,,images
training_physics.key,slide overview agenda slide overview agenda market opportunity pricing,presentations
voice_memo_7097.m4a,,audio
IMG_2677.jpg,,images
grotesk_medium.woff2,,fonts
song_demo_6018.wav,,audio
podcast_ep8678.mp3,,audio
manual_v3598.pdf,dear sir or madam meeting agenda attendees,documents
photos_archive_2026.tar.gz,compressed archive contents,archives
export_orders.csv,"id,name,value",data
query_runner.py,,code
lease_agreement_359.pdf,meeting agenda attendees dear sir or madam invoice total due invoice total due,documents
banner_3294.ai,layer mask vector artboard,design
inter_bold.ttf,,fonts
query_runner.py,import pandas as pd function render props function render props export default component,code
inter_bold.ttf,,fonts
document1,,other
screenshot_2020-11-13.png,,images
birthday_2015.mp4,,videos
backup_2023-03-10.zip,compressed archive contents compressed archive contents compressed archive contents compressed archive contents,archives
invoice_6430_umbrella.pdf,dear sir or madam agreement between parties dear sir or madam,documents
gardening_book.epub,preface acknowledgements,books
drone_flight_city.mov,,videos
grotesk_medium.woff2,,fonts
customers_export.tsv,"id,name,value id,name,value id,name,value {""status"": ""ok"", ""items"": 42}",data
banner_7702.ai,layer mask vector artboard layer mask vector artboard,design
meeting_notes_2022-05-02.txt,agreement between parties agreement between parties invoice total due meeting agenda attendees,documents
resume_sam_nova.docx,invoice total due dear sir or madam,documents
logo_draft_v5732.psd,layer mask vector artboard layer mask vector artboard layer mask vector artboard layer mask vector artboard,design
podcast_ep6885.mp3,,audio
vacation_lake.jpeg,,images
query_runner.py,import pandas as pd,code
banner_384.ai,layer mask vector artboard layer mask vector artboard layer mask vector artboard layer mask vector artboard,design
expenses_apr.xlsx,"column,values",spreadsheets
app_component_8962.tsx,import pandas as pd export default component,code
gothic_633.otf,,fonts
untitled_9637,,other
history_book.epub,preface acknowledgements,books
podcast_ep7792.mp3,,audio
pitch_deck_v7710.pptx,market opportunity pricing,presentations
newfile_6116,,other
download_3825,,other
logo_draft_v6885.psd,,design
utils_754.py,export default component,code
cooking_book.epub,chapter one it was a chapter one it was a,books
project_export_1170.7z,compressed archive contents compressed archive contents compressed archive contents,archives
calibre_8053.mobi,preface acknowledgements,books
budget_2016.xlsx,"column,values",spreadsheets
metrics_2020-11-15.json,"{""status"": ""ok"", ""items"": 42} {""status"": ""ok"", ""items"": 42}",data
app_component_3617.tsx,,code
drone_flight_beach.mov,,videos
meeting_notes_2016-12-11.txt,invoice total due invoice total due invoice total due,documents
download_4096,,other
screenshot_2026-01-17.png,,images
resume_sam_nova.docx,invoice total due agreement between parties,documents
scan_doc6579.jpg,,images
document1,,other
quarterly_review_q3.pptx,market opportunity pricing,presentations
banner_5231.ai,layer mask vector artboard layer mask vector artboard layer mask vector artboard layer mask vector artboard,design
hours_tracking_8571.ods,budget forecast q1 sum of expenses sum of expenses,spreadsheets
gardening_book.epub,preface acknowledgements,books
gothic_9229.otf,,fonts
training_physics.key,slide overview agenda slide overview agenda market opportunity pricing,presentations
drone_flight_mountains.mov,,videos
document1,,other
inter_bold.ttf,,fonts
calibre_8960.mobi,,books
grotesk_medium.woff2,,fonts
report_draft_6231.docx,meeting agenda attendees dear sir or madam dear sir or madam agreement between parties,documents
gothic_7330.otf,,fonts
document1,,other
family_trip.png,,images
receipt_6818.pdf,,documents
calibre_7435.mobi,,books
grotesk_medium.woff2,,fonts
quarterly_review_q2.pptx,slide overview agenda market opportunity pricing slide overview agenda,presentations
newfile_1299,,other
expenses_may.xlsx,budget forecast q1 sum of expenses sum of expenses,spreadsheets
customers_export.tsv,"{""status"": ""ok"", ""items"": 42} {""status"": ""ok"", ""items"": 42} {""status"": ""ok"", ""items"": 42}",data
download_454,,other
budget_2026.xlsx,"column,values",spreadsheets
family_dinner.png,,images
backup_2024-06-04.zip,,archives
interview_recording_3845.flac,,audio
birthday_2017.mp4,,videos
expenses_may.xlsx,"column,values sum of expenses",spreadsheets
receipt_2353.pdf,,documents
history_book.epub,chapter one it was a chapter one it was a,books
grotesk_medium.woff2,,fonts
project_export_2945.7z,compressed archive contents compressed archive contents,archives
logo_draft_v9329.psd,layer mask vector artboard layer mask vector artboard layer mask vector artboard layer mask vector artboard,design
vacation_beach.jpeg,,images
song_demo_5791.wav,,audio
newfile_8569,,other
lecture_cooking.mkv,,videos
training_marketing.key,,presentations
grotesk_medium.woff2,,fonts
screenshot_2021-01-15.png,,images
wireframes_1793.fig,layer mask vector artboard layer mask vector artboard,design
banner_3379.ai,layer mask vector artboard layer mask vector artboard layer mask vector artboard layer mask vector artboard,design
inter_bold.ttf,,fonts
drone_flight_mountains.mov,,videos
receipt_5876.pdf,agreement between parties dear sir or madam dear sir or madam,documents
config_5239.json,"{""status"": ""ok"", ""items"": 42} id,name,value {""status"": ""ok"", ""items"": 42} {""status"": ""ok"", ""items"": 42}",data
document1,,other
drone_flight_mountains.mov,,videos
banner_3348.ai,layer mask vector artboard layer mask vector artboard,design
wireframes_737.fig,layer mask vector artboard layer mask vector artboard,design
gothic_4987.otf,,fonts
inter_bold.ttf,,fonts
screenshot_2015-12-27.png,,images
lease_agreement_5402.pdf,meeting agenda attendees dear sir or madam agreement between parties agreement between parties,documents
family_trip.png,,images
banner_4801.ai,layer mask vector artboard,design
pitch_deck_v6833.pptx,market opportunity pricing market opportunity pricing slide overview agenda market opportunity pricing,presentations
document1,,other
drone_flight_lake.mov,,videos
wireframes_9965.fig,layer mask vector artboard layer mask vector artboard layer mask vector artboard layer mask vector artboard,design
family_dinner.png,,images
VID_1572.mp4,,videos
interview_recording_2967.flac,,audio
logo_draft_v2321.psd,layer mask vector artboard layer mask vector artboard,design
newfile_8435,,other
training_history.key,market opportunity pricing slide overview agenda market opportunity pricing,presentations
expenses_feb.xlsx,,spreadsheets
drone_flight_beach.mov,,videos
voice_memo_2480.m4a,,audio
logo_draft_v4333.psd,layer mask vector artboard layer mask vector artboard,design
utils_7162.py,,code
resume_priya_nova.docx,meeting agenda attendees invoice total due invoice total due agreement between parties,documents
birthday_2025.mp4,,videos
IMG_3552.jpg,,images
budget_2017.xlsx,sum of expenses,spreadsheets
lecture_history.mkv,,videos
download_791,,other
download_3578,,other
pitch_deck_v2919.pptx,slide overview agenda slide overview agenda slide overview agenda,presentations
backup_2021-06-12.zip,compressed archive contents compressed archive contents compressed archive contents,archives
document1,,other
photos_archive_2024.tar.gz,compressed archive contents compressed archive contents compressed archive contents,archives
song_demo_5910.wav,,audio
VID_9106.mp4,,videos
hours_tracking_8650.ods,"column,values sum of expenses budget forecast q1",spreadsheets
voice_memo_7105.m4a,,audio
banner_1239.ai,layer mask vector artboard layer mask vector artboard layer mask vector artboard,design
styles_main.css,,code
birthday_2021.mp4,,videos
manual_v9240.pdf,dear sir or madam agreement between parties agreement between parties,documents
podcast_ep10.mp3,,audio
quarterly_review_q3.pptx,market opportunity pricing,presentations
letter_to_initech.txt,agreement between parties meeting agenda attendees,documents
VID_3804.mp4,,videos
export_orders.csv,"id,name,value id,name,value",data
cooking_book.epub,chapter one it was a chapter one it was a,books
letter_to_umbrella.txt,meeting agenda attendees dear sir or madam agreement between parties,documents
budget_2015.xlsx,"column,values column,values",spreadsheets
podcast_ep2084.mp3,,audio
config_455.json,"id,name,value id,name,value",data
photos_archive_2026.tar.gz,compressed archive contents compressed archive contents,archives
budget_2023.xlsx,,spreadsheets
interview_recording_6340.flac,,audio
backup_2020-12-18.zip,compressed archive contents,archives
wireframes_5008.fig,layer mask vector artboard layer mask vector artboard,design
metrics_2017-08-16.json,"{""status"": ""ok"", ""items"": 42} id,name,value {""status"": ""ok"", ""items"": 42}",data
letter_to_hooli.txt,agreement between parties meeting agenda attendees,documents
metrics_2017-12-03.json,"{""status"": ""ok"", ""items"": 42} id,name,value {""status"": ""ok"", ""items"": 42} id,name,value",data
metrics_2015-01-10.json,"{""status"": ""ok"", ""items"": 42} id,name,value {""status"": ""ok"", ""items"": 42}",data
pitch_deck_v5990.pptx,market opportunity pricing slide overview agenda market opportunity pricing,presentations
gothic_1495.otf,,fonts
pitch_deck_v6365.pptx,slide overview agenda market opportunity pricing market opportunity pricing,presentations
metrics_2019-11-07.json,,data
metrics_2020-12-16.json,,data
quarterly_review_q4.pptx,slide overview agenda slide overview agenda market opportunity pricing slide overview agenda,presentations
backup_2018-07-28.zip,compressed archive contents compressed archive contents compressed archive contents compressed archive contents,archives
lecture_gardening.mkv,,videos
lease_agreement_7676.pdf,meeting agenda attendees meeting agenda attendees,documents
family_dinner.png,,images
family_trip.png,,images
app_component_3106.tsx,export default component export default component export default component import pandas as pd,code
expenses_jun.xlsx,sum of expenses,spreadsheets
customers_export.tsv,"id,name,value {""status"": ""ok"", ""items"": 42} id,name,value {""status"": ""ok"", ""items"": 42}",data
training_marketing.key,slide overview agenda slide overview agenda slide overview agenda,presentations
invoice_2389_umbrella.pdf,meeting agenda attendees,documents
wireframes_7955.fig,layer mask vector artboard layer mask vector artboard,design
budget_2021.xlsx,"sum of expenses budget forecast q1 column,values",spreadsheets
vacation_lake.jpeg,,images
photos_archive_2021.tar.gz,compressed archive contents compressed archive contents compressed archive contents compressed archive contents,archives
query_runner.py,,code
inter_bold.ttf,,fonts
banner_7519.ai,layer mask vector artboard layer mask vector artboard layer mask vector artboard,design
training_history.key,market opportunity pricing,presentations
quarterly_review_q2.pptx,market opportunity pricing market opportunity pricing,presentations
banner_7507.ai,,design
photos_archive_2025.tar.gz,,archives
gardening_book.epub,chapter one it was a,books
physics_book.epub,preface acknowledgements preface acknowledgements,books
budget_2022.xlsx,budget forecast q1 sum of expenses sum of expenses sum of expenses,spreadsheets
gothic_2130.otf,,fonts
lecture_history.mkv,,videos
receipt_7765.pdf,invoice total due invoice total due invoice total due,documents
lecture_cooking.mkv,,videos
query_runner.py,import pandas as pd export default component,code
utils_1654.py,import pandas as pd export default component function render props,code
document1,,other
hours_tracking_8679.ods,"column,values column,values sum of expenses",spreadsheets
logo_draft_v4927.psd,,design
gothic_1415.otf,,fonts
logo_draft_v2728.psd,layer mask vector artboard layer mask vector artboard,design
styles_main.css,,code
backup_2026-05-12.zip,compressed archive contents compressed archive contents compressed archive contents,archives
inter_bold.ttf,,fonts
birthday_2018.mp4,,videos
utils_8400.py,export default component function render props import pandas as pd export default component,code
training_marketing.key,slide overview agenda slide overview agenda market opportunity pricing,presentations
logo_draft_v6851.psd,,design
calibre_4838.mobi,preface acknowledgements chapter one it was a preface acknowledgements,books
export_events.csv,"{""status"": ""ok"", ""items"": 42}",data
budget_2017.xlsx,"budget forecast q1 column,values",spreadsheets
cooking_book.epub,,books
quarterly_review_q3.pptx,market opportunity pricing slide overview agenda market opportunity pricing slide overview agenda,presentations
wireframes_3702.fig,layer mask vector artboard,design
backup_2015-07-21.zip,compressed archive contents compressed archive contents compressed archive contents compressed archive contents,archives
expenses_apr.xlsx,,spreadsheets
IMG_2487.jpg,,images
birthday_2021.mp4,,videos
document1,,other
logo_draft_v6932.psd,,design
newfile_6311,,other
receipt_6226.pdf,agreement between parties dear sir or madam agreement between parties,documents
birthday_2021.mp4,,videos
voice_memo_956.m4a,,audio
project_export_7125.7z,,archives
letter_to_acme.txt,meeting agenda attendees agreement between parties dear sir or madam,documents
cooking_book.epub,preface acknowledgements preface acknowledgements,books
voice_memo_6558.m4a,,audio
app_component_6703.tsx,function render props export default component function render props,code
customers_export.tsv,"{""status"": ""ok"", ""items"": 42} {""status"": ""ok"", ""items"": 42} id,name,value",data
photos_archive_2024.tar.gz,compressed archive contents,archives
quarterly_review_q4.pptx,slide overview agenda market opportunity pricing,presentations
query_runner.py,function render props export default component import pandas as pd,code
song_demo_2420.wav,,audio
hours_tracking_9655.ods,"column,values budget forecast q1 sum of expenses",spreadsheets
config_1610.json,"{""status"": ""ok"", ""items"": 42}",data
backup_2022-11-28.zip,,archives
photos_archive_2026.tar.gz,compressed archive contents,archives
manual_v8915.pdf,invoice total due invoice total due dear sir or madam,documents
voice_memo_310.m4a,,audio
vacation_city.jpeg,,images
wireframes_3751.fig,layer mask vector artboard layer mask vector artboard,design
hours_tracking_9890.ods,"sum of expenses column,values sum of expenses column,values",spreadsheets
vacation_mountains.jpeg,,images
quarterly_review_q1.pptx,,presentations
export_orders.csv,"id,name,value {""status"": ""ok"", ""items"": 42} {""status"": ""ok"", ""items"": 42}",data
gothic_6109.otf,,fonts
interview_recording_899.flac,,audio
screenshot_2023-02-15.png,,images
meeting_notes_2022-07-13.txt,,documents
drone_flight_mountains.mov,,videos
server_main.go,function render props function render props export default component,code
receipt_310.pdf,,documents
config_3180.json,,data
drone_flight_mountains.mov,,videos
history_book.epub,preface acknowledgements chapter one it was a chapter one it was a chapter one it was a,books
VID_8546.mp4,,videos
query_runner.py,import pandas as pd,code
utils_5983.py,,code
export_orders.csv,"id,name,value",data
inter_bold.ttf,,fonts
styles_main.css,import pandas as pd export default component,code
VID_2409.mp4,,videos
grotesk_medium.woff2,,fonts
expenses_jan.xlsx,budget forecast q1 budget forecast q1 budget forecast q1 sum of expenses,spreadsheets
manual_v7829.pdf,dear sir or madam agreement between parties,documents
family_graduation.png,,images
project_export_4940.7z,compressed archive contents compressed archive contents,archives
inter_bold.ttf,,fonts
calibre_1221.mobi,,books
styles_main.css,import pandas as pd export default component function render props export default component,code
resume_sam_lee.docx,meeting agenda attendees meeting agenda attendees,documents
project_export_2044.7z,compressed archive contents compressed archive contents,archives
lease_agreement_5560.pdf,dear sir or madam meeting agenda attendees dear sir or madam meeting agenda attendees,documents
inter_bold.ttf,,fonts
training_history.key,slide overview agenda market opportunity pricing slide overview agenda slide overview agenda,presentations
quarterly_review_q2.pptx,slide overview agenda market opportunity pricing,presentations
VID_4596.mp4,,videos
family_graduation.png,,images
budget_2017.xlsx,"sum of expenses column,values column,values",spreadsheets
budget_2018.xlsx,sum of expenses sum of expenses budget forecast q1,spreadsheets
birthday_2023.mp4,,videos
podcast_ep4852.mp3,,audio
query_runner.py,function render props import pandas as pd export default component,code
VID_7876.mp4,,videos
document1,,other
document1,,other
app_component_1143.tsx,export default component import pandas as pd export default component export default component,code
wireframes_9276.fig,layer mask vector artboard layer mask vector artboard layer mask vector artboard layer mask vector artboard,design
hours_tracking_5680.ods,,spreadsheets
song_demo_6415.wav,,audio
styles_main.css,function render props,code
photos_archive_2020.tar.gz,compressed archive contents compressed archive contents compressed archive contents compressed archive contents,archives
download_8295,,other
VID_2701.mp4,,videos
vacation_beach.jpeg,,images
pitch_deck_v6559.pptx,,presentations
query_runner.py,export default component,code
banner_2762.ai,,design
metrics_2021-01-14.json,"id,name,value id,name,value {""status"": ""ok"", ""items"": 42} {""status"": ""ok"", ""items"": 42}",data
config_3630.json,"id,name,value id,name,value {""status"": ""ok"", ""items"": 42} {""status"": ""ok"", ""items"": 42}",data
server_main.go,,code
utils_4508.py,import pandas as pd export default component,code
inter_bold.ttf,,fonts
app_component_1048.tsx,function render props export default component export default component function render props,code
photos_archive_2020.tar.gz,compressed archive contents compressed archive contents compressed archive contents compressed archive contents,archives
photos_archive_2016.tar.gz,,archives
backup_2017-02-24.zip,,archives
hours_tracking_38.ods,"column,values",spreadsheets
pitch_deck_v6636.pptx,slide overview agenda market opportunity pricing market opportunity pricing,presentations
meeting_notes_2015-06-07.txt,,documents
quarterly_review_q2.pptx,,presentations
history_book.epub,preface acknowledgements preface acknowledgements chapter one it was a preface acknowledgements,books
photos_archive_2019.tar.gz,compressed archive contents compressed archive contents compressed archive contents,archives
family_dinner.png,,images
newfile_2692,,other
calibre_1372.mobi,chapter one it was a chapter one it was a preface acknowledgements,books
lecture_gardening.mkv,,videos
expenses_apr.xlsx,"budget forecast q1 sum of expenses column,values sum of expenses",spreadsheets
utils_1116.py,function render props export default component,code
receipt_2633.pdf,agreement between parties dear sir or madam agreement between parties dear sir or madam,documents
metrics_2019-06-19.json,,data
quarterly_review_q1.pptx,market opportunity pricing slide overview agenda,presentations
screenshot_2022-05-07.png,,images
banner_7255.ai,,design
document1,,other
photos_archive_2021.tar.gz,compressed archive contents compressed archive contents compressed archive contents,archives
training_gardening.key,slide overview agenda slide overview agenda slide overview agenda market opportunity pricing,presentations
invoice_7512_umbrella.pdf,invoice total due dear sir or madam,documents
newfile_2238,,other
grotesk_medium.woff2,,fonts
meeting_notes_2018-06-12.txt,dear sir or madam,documents
expenses_jan.xlsx,"column,values sum of expenses sum of expenses column,values",spreadsheets
family_trip.png,,images
lecture_gardening.mkv,,videos
calibre_5813.mobi,preface acknowledgements preface acknowledgements chapter one it was a chapter one it was a,books
newfile_4247,,other
vacation_mountains.jpeg,,images
grotesk_medium.woff2,,fonts
screenshot_2023-03-11.png,,images
family_dinner.png,,images
pitch_deck_v3570.pptx,market opportunity pricing,presentations
untitled_4850,,other
export_users.csv,"id,name,value id,name,value",data
hours_tracking_5095.ods,"budget forecast q1 column,values",spreadsheets
quarterly_review_q4.pptx,,presentations
podcast_ep7581.mp3,,audio
expenses_apr.xlsx,sum of expenses,spreadsheets
family_trip.png,,images
banner_580.ai,layer mask vector artboard layer mask vector artboard,design
pitch_deck_v3455.pptx,slide overview agenda slide overview agenda slide overview agenda,presentations
screenshot_2024-11-05.png,,images
voice_memo_9709.m4a,,audio
backup_2021-05-12.zip,compressed archive contents compressed archive contents compressed archive contents,archives
VID_4978.mp4,,videos
customers_export.tsv,"{""status"": ""ok"", ""items"": 42} id,name,value {""status"": ""ok"", ""items"": 42}",data
export_orders.csv,"{""status"": ""ok"", ""items"": 42} id,name,value {""status"": ""ok"", ""items"": 42} {""status"": ""ok"", ""items"": 42}",data
wireframes_9287.fig,layer mask vector artboard layer mask vector artboard layer mask vector artboard,design
banner_4406.ai,layer mask vector artboard layer mask vector artboard layer mask vector artboard layer mask vector artboard,design
podcast_ep8842.mp3,,audio
app_component_31.tsx,import pandas as pd import pandas as pd export default component,code
pitch_deck_v5400.pptx,market opportunity pricing slide overview agenda slide overview agenda market opportunity pricing,presentations
birthday_2018.mp4,,videos
config_6812.json,"{""status"": ""ok"", ""items"": 42} id,name,value id,name,value {""status"": ""ok"", ""items"": 42}",data
pitch_deck_v3457.pptx,slide overview agenda slide overview agenda slide overview agenda,presentations
invoice_7182_initech.pdf,,documents
backup_2016-12-22.zip,,archives
IMG_8108.jpg,,images
photos_archive_2026.tar.gz,compressed archive contents compressed archive contents compressed archive contents compressed archive contents,archives
interview_recording_9855.flac,,audio
cooking_book.epub,preface acknowledgements chapter one it was a,books
export_users.csv,,data
project_export_3194.7z,compressed archive contents compressed archive contents compressed archive contents,archives
cooking_book.epub,preface acknowledgements chapter one it was a preface acknowledgements chapter one it was a,books
calibre_9267.mobi,preface acknowledgements preface acknowledgements,books
drone_flight_mountains.mov,,videos
screenshot_2016-05-16.png,,images
podcast_ep736.mp3,,audio
inter_bold.ttf,,fonts
training_marketing.key,market opportunity pricing market opportunity pricing slide overview agenda market opportunity pricing,presentations
vacation_beach.jpeg,,images
VID_1250.mp4,,videos
wireframes_7387.fig,layer mask vector artboard layer mask vector artboard,design
backup_2020-04-14.zip,compressed archive contents,archives
marketing_book.epub,chapter one it was a,books
vacation_lake.jpeg,,images
gardening_book.epub,,books
metrics_2015-03-12.json,"id,name,value id,name,value id,name,value id,name,value",data
photos_archive_2022.tar.gz,compressed archive contents compressed archive contents compressed archive contents,archives
grotesk_medium.woff2,,fonts
quarterly_review_q1.pptx,market opportunity pricing slide overview agenda,presentations
physics_book.epub,chapter one it was a chapter one it was a,books
report_draft_2855.docx,agreement between parties agreement between parties invoice total due meeting agenda attendees,documents
voice_memo_4992.m4a,,audio
metrics_2025-09-21.json,"{""status"": ""ok"", ""items"": 42}",data
song_demo_1039.wav,,audio
budget_2023.xlsx,sum of expenses sum of expenses,spreadsheets
backup_2025-01-11.zip,compressed archive contents compressed archive contents compressed archive contents,archives
untitled_2719,,other
wireframes_628.fig,,design
invoice_1510_acme.pdf,dear sir or madam invoice total due dear sir or madam dear sir or madam,documents
drone_flight_mountains.mov,,videos
untitled_6325,,other
budget_2021.xlsx,sum of expenses,spreadsheets
podcast_ep2650.mp3,,audio
report_draft_7058.docx,agreement between parties,documents
utils_8230.py,import pandas as pd export default component,code
budget_2022.xlsx,"column,values sum of expenses column,values budget forecast q1",spreadsheets
marketing_book.epub,preface acknowledgements preface acknowledgements preface acknowledgements preface acknowledgements,books
project_export_9559.7z,compressed archive contents compressed archive contents compressed archive contents,archives
quarterly_review_q3.pptx,slide overview agenda market opportunity pricing,presentations
expenses_apr.xlsx,"sum of expenses column,values column,values",spreadsheets
backup_2016-08-07.zip,compressed archive contents compressed archive contents compressed archive contents compressed archive contents,archives
gothic_9274.otf,,fonts
hours_tracking_5581.ods,budget forecast q1 budget forecast q1 budget forecast q1,spreadsheets
query_runner.py,function render props,code
styles_main.css,function render props import pandas as pd,code
styles_main.css,,code
project_export_3213.7z,compressed archive contents compressed archive contents compressed archive contents,archives
gothic_7773.otf,,fonts
wireframes_6846.fig,,design
calibre_8456.mobi,preface acknowledgements,books
pitch_deck_v3332.pptx,slide overview agenda,presentations
podcast_ep5503.mp3,,audio
invoice_752_umbrella.pdf,meeting agenda attendees invoice total due meeting agenda attendees meeting agenda attendees,documents
family_graduation.png,,images
styles_main.css,import pandas as pd,code
banner_7541.ai,layer mask vector artboard layer mask vector artboard,design
training_cooking.key,,presentations
scan_doc6635.jpg,,images
metrics_2022-07-07.json,"{""status"": ""ok"", ""items"": 42}",data
letter_to_globex.txt,invoice total due invoice total due agreement between parties meeting agenda attendees,documents
calibre_2715.mobi,preface acknowledgements,books
query_runner.py,import pandas as pd export default component,code
expenses_may.xlsx,,spreadsheets
training_physics.key,market opportunity pricing slide overview agenda market opportunity pricing,presentations
customers_export.tsv,"{""status"": ""ok"", ""items"": 42} id,name,value",data
backup_2017-01-18.zip,compressed archive contents compressed archive contents compressed archive contents,archives
screenshot_2017-06-05.png,,images
document1,,other
vacation_mountains.jpeg,,images
receipt_661.pdf,agreement between parties agreement between parties,documents
backup_2015-08-03.zip,compressed archive contents compressed archive contents,archives
logo_draft_v5068.psd,layer mask vector artboard layer mask vector artboard,design
IMG_9788.jpg,,images
config_7172.json,"id,name,value id,name,value",data
VID_4974.mp4,,videos
podcast_ep5191.mp3,,audio
interview_recording_9318.flac,,audio
photos_archive_2018.tar.gz,compressed archive contents compressed archive contents,archives
voice_memo_7809.m4a,,audio
banner_5360.ai,,design
scan_doc1831.jpg,,images
lease_agreement_1078.pdf,meeting agenda attendees dear sir or madam,documents
song_demo_5378.wav,,audio
newfile_1017,,other
drone_flight_city.mov,,videos
grotesk_medium.woff2,,fonts
newfile_7577,,other
query_runner.py,export default component export default component import pandas as pd import pandas as pd,code
expenses_apr.xlsx,sum of expenses sum of expenses,spreadsheets
backup_2026-07-28.zip,compressed archive contents compressed archive contents compressed archive contents,archives
customers_export.tsv,"{""status"": ""ok"", ""items"": 42} id,name,value",data
letter_to_globex.txt,dear sir or madam agreement between parties,documents
newfile_4261,,other
styles_main.css,export default component function render props,code
hours_tracking_9141.ods,budget forecast q1 budget forecast q1 budget forecast q1 budget forecast q1,spreadsheets
backup_2021-09-16.zip,compressed archive contents compressed archive contents compressed archive contents compressed archive contents,archives
banner_6759.ai,layer mask vector artboard layer mask vector artboard,design
receipt_6597.pdf,agreement between parties dear sir or madam invoice total due agreement between parties,documents
metrics_2023-09-17.json,"id,name,value",data
resume_priya_lee.docx,agreement between parties dear sir or madam,documents
expenses_jan.xlsx,,spreadsheets
history_book.epub,,books
training_physics.key,slide overview agenda market opportunity pricing slide overview agenda market opportunity pricing,presentations
expenses_may.xlsx,sum of expenses,spreadsheets
inter_bold.ttf,,fonts
untitled_1493,,other
quarterly_review_q4.pptx,,presentations
podcast_ep1665.mp3,,audio
project_export_5511.7z,compressed archive contents compressed archive contents,archives
podcast_ep2986.mp3,,audio
calibre_432.mobi,chapter one it was a preface acknowledgements,books
document1,,other
screenshot_2020-07-03.png,,images
expenses_jan.xlsx,"budget forecast q1 column,values budget forecast q1 sum of expenses",spreadsheets
meeting_notes_2026-07-14.txt,invoice total due meeting agenda attendees,documents
project_export_2633.7z,compressed archive contents compressed archive contents,archives
gothic_1543.otf,,fonts
VID_8884.mp4,,videos
backup_2017-03-21.zip,compressed archive contents compressed archive contents compressed archive contents,archives
download_7870,,other
hours_tracking_2614.ods,sum of expenses budget forecast q1,spreadsheets
interview_recording_6913.flac,,audio
newfile_7237,,other
letter_to_umbrella.txt,invoice total due meeting agenda attendees,documents
history_book.epub,,books
logo_draft_v6675.psd,layer mask vector artboard layer mask vector artboard layer mask vector artboard,design
history_book.epub,chapter one it was a preface acknowledgements preface acknowledgements chapter one it was a,books
export_events.csv,,data
report_draft_4287.docx,dear sir or madam meeting agenda attendees meeting agenda attendees,documents
banner_6595.ai,layer mask vector artboard,design
server_main.go,export default component,code
training_history.key,market opportunity pricing,presentations
gothic_5776.otf,,fonts
server_main.go,function render props function render props import pandas as pd function render props,code
gothic_9144.otf,,fonts
calibre_5211.mobi,preface acknowledgements,books
birthday_2021.mp4,,videos
training_cooking.key,slide overview agenda market opportunity pricing slide overview agenda,presentations
VID_1912.mp4,,videos
untitled_3968,,other
budget_2021.xlsx,"column,values column,values sum of expenses sum of expenses",spreadsheets
config_9746.json,"{""status"": ""ok"", ""items"": 42} id,name,value id,name,value {""status"": ""ok"", ""items"": 42}",data
training_cooking.key,slide overview agenda slide overview agenda slide overview agenda slide overview agenda,presentations
marketing_book.epub,chapter one it was a,books
training_marketing.key,slide overview agenda slide overview agenda,presentations
banner_7284.ai,,design
manual_v9627.pdf,meeting agenda attendees invoice total due,documents
styles_main.css,import pandas as pd,code
letter_to_acme.txt,agreement between parties meeting agenda attendees dear sir or madam,documents
receipt_5873.pdf,meeting agenda attendees,documents
export_users.csv,"id,name,value id,name,value id,name,value",data
gothic_8142.otf,,fonts
VID_8687.mp4,,videos
expenses_feb.xlsx,"sum of expenses sum of expenses column,values",spreadsheets
IMG_2601.jpg,,images
pitch_deck_v9977.pptx,slide overview agenda market opportunity pricing market opportunity pricing,presentations
podcast_ep4065.mp3,,audio
hours_tracking_1509.ods,sum of expenses sum of expenses,spreadsheets
app_component_5207.tsx,,code
document1,,other
inter_bold.ttf,,fonts
customers_export.tsv,,data
export_orders.csv,"id,name,value {""status"": ""ok"", ""items"": 42}",data
banner_2585.ai,layer mask vector artboard,design
export_events.csv,"{""status"": ""ok"", ""items"": 42}",data
podcast_ep8171.mp3,,audio
report_draft_6088.docx,,documents
budget_2021.xlsx,budget forecast q1 sum of expenses sum of expenses budget forecast q1,spreadsheets
quarterly_review_q2.pptx,slide overview agenda market opportunity pricing slide overview agenda market opportunity pricing,presentations
backup_2025-07-20.zip,compressed archive contents compressed archive contents compressed archive contents compressed archive contents,archives
hours_tracking_4700.ods,"column,values column,values budget forecast q1 sum of expenses",spreadsheets
lease_agreement_4359.pdf,,documents
screenshot_2020-03-27.png,,images
IMG_6489.jpg,,images
wireframes_845.fig,layer mask vector artboard layer mask vector artboard layer mask vector artboard,design
hours_tracking_4268.ods,,spreadsheets
gardening_book.epub,chapter one it was a preface acknowledgements preface acknowledgements,books
invoice_2690_acme.pdf,,documents
voice_memo_1798.m4a,,audio
customers_export.tsv,"id,name,value {""status"": ""ok"", ""items"": 42} {""status"": ""ok"", ""items"": 42} id,name,value",data
drone_flight_beach.mov,,videos
hours_tracking_4807.ods,,spreadsheets
pitch_deck_v6028.pptx,slide overview agenda slide overview agenda,presentations
quarterly_review_q1.pptx,market opportunity pricing slide overview agenda slide overview agenda,presentations
family_dinner.png,,images
quarterly_review_q3.pptx,slide overview agenda,presentations
hours_tracking_2558.ods,sum of expenses,spreadsheets
hours_tracking_5760.ods,"sum of expenses sum of expenses column,values sum of expenses",spreadsheets
drone_flight_lake.mov,,videos
config_3024.json,"id,name,value",data
budget_2024.xlsx,sum of expenses sum of expenses sum of expenses,spreadsheets
query_runner.py,function render props function render props,code
receipt_3075.pdf,dear sir or madam dear sir or madam dear sir or madam invoice total due,documents
lecture_physics.mkv,,videos
interview_recording_3351.flac,,audio
VID_3976.mp4,,videos
podcast_ep455.mp3,,audio
IMG_6769.jpg,,images
banner_5125.ai,layer mask vector artboard layer mask vector artboard layer mask vector artboard,design
download_128,,other
meeting_notes_2024-06-20.txt,meeting agenda attendees agreement between parties agreement between parties agreement between parties,documents
inter_bold.ttf,,fonts
app_component_6964.tsx,,code
grotesk_medium.woff2,,fonts
gardening_book.epub,chapter one it was a chapter one it was a,books
song_demo_4181.wav,,audio
physics_book.epub,,books
resume_alex_nova.docx,invoice total due dear sir or madam,documents
vacation_city.jpeg,,images
VID_3888.mp4,,videos
hours_tracking_3081.ods,"column,values",spreadsheets
birthday_2016.mp4,,videos
newfile_1165,,other
resume_alex_kim.docx,meeting agenda attendees invoice total due,documents
screenshot_2025-01-26.png,,images
query_runner.py,import pandas as pd import pandas as pd import pandas as pd,code
song_demo_3745.wav,,audio
newfile_7816,,other
export_orders.csv,"{""status"": ""ok"", ""items"": 42}",data
hours_tracking_9594.ods,sum of expenses,spreadsheets
scan_doc4672.jpg,,images
song_demo_7340.wav,,audio
banner_9352.ai,layer mask vector artboard layer mask vector artboard,design
quarterly_review_q3.pptx,,presentations
training_gardening.key,market opportunity pricing,presentations
marketing_book.epub,,books
gothic_8897.otf,,fonts
config_2711.json,"id,name,value id,name,value id,name,value",data
metrics_2015-10-17.json,"{""status"": ""ok"", ""items"": 42} {""status"": ""ok"", ""items"": 42} id,name,value id,name,value",data
song_demo_9852.wav,,audio
calibre_1150.mobi,chapter one it was a,books
project_export_6777.7z,compressed archive contents compressed archive contents,archives
wireframes_3971.fig,layer mask vector artboard layer mask vector artboard layer mask vector artboard layer mask vector artboard,design
song_demo_3762.wav,,audio
photos_archive_2023.tar.gz,compressed archive contents compressed archive contents compressed archive contents compressed archive contents,archives
newfile_9746,,other
voice_memo_1853.m4a,,audio
training_gardening.key,slide overview agenda market opportunity pricing,presentations
styles_main.css,,code
export_orders.csv,,data
backup_2018-09-03.zip,compressed archive contents compressed archive contents,archives
document1,,other
lecture_history.mkv,,videos
meeting_notes_2016-03-22.txt,dear sir or madam meeting agenda attendees agreement between parties agreement between parties,documents
drone_flight_lake.mov,,videos
voice_memo_2841.m4a,,audio
manual_v6098.pdf,invoice total due dear sir or madam,documents
project_export_2698.7z,compressed archive contents,archives
budget_2018.xlsx,"column,values",spreadsheets
song_demo_9374.wav,,audio
podcast_ep7271.mp3,,audio
banner_7385.ai,layer mask vector artboard layer mask vector artboard,design
physics_book.epub,chapter one it was a preface acknowledgements preface acknowledgements,books
training_physics.key,,presentations
interview_recording_4232.flac,,audio
IMG_8058.jpg,,images
birthday_2017.mp4,,videos
backup_2015-03-19.zip,,archives
customers_export.tsv,,data
budget_2021.xlsx,budget forecast q1 sum of expenses sum of expenses budget forecast q1,spreadsheets
project_export_8177.7z,compressed archive contents,archives
hours_tracking_448.ods,"column,values budget forecast q1 sum of expenses",spreadsheets
budget_2025.xlsx,sum of expenses,spreadsheets
meeting_notes_2024-02-10.txt,agreement between parties invoice total due,documents
export_orders.csv,"{""status"": ""ok"", ""items"": 42} id,name,value id,name,value",data
untitled_8194,,other
letter_to_acme.txt,,documents
drone_flight_mountains.mov,,videos
photos_archive_2025.tar.gz,compressed archive contents compressed archive contents,archives
styles_main.css,function render props import pandas as pd function render props function render props,code
gothic_8257.otf,,fonts
inter_bold.ttf,,fonts
voice_memo_7025.m4a,,audio
gothic_4108.otf,,fonts
quarterly_review_q2.pptx,slide overview agenda market opportunity pricing slide overview agenda,presentations
lease_agreement_9609.pdf,dear sir or madam,documents
podcast_ep3171.mp3,,audio
scan_doc2648.jpg,,images
logo_draft_v1292.psd,layer mask vector artboard layer mask vector artboard,design
song_demo_8927.wav,,audio
newfile_3792,,other
podcast_ep5604.mp3,,audio
VID_4804.mp4,,videos
cooking_book.epub,preface acknowledgements preface acknowledgements,books
untitled_7605,,other
backup_2020-05-23.zip,compressed archive contents compressed archive contents compressed archive contents,archives
scan_doc5354.jpg,,images
gothic_2222.otf,,fonts
photos_archive_2021.tar.gz,compressed archive contents,archives
logo_draft_v8581.psd,layer mask vector artboard,design
backup_2015-06-04.zip,compressed archive contents compressed archive contents compressed archive contents,archives
app_component_5025.tsx,import pandas as pd function render props,code
metrics_2015-06-02.json,"id,name,value {""status"": ""ok"", ""items"": 42} {""status"": ""ok"", ""items"": 42}",data
untitled_6319,,other
newfile_69,,other
grotesk_medium.woff2,,fonts
wireframes_1652.fig,,design
lecture_history.mkv,,videos
screenshot_2015-03-21.png,,images
screenshot_2024-10-22.png,,images
photos_archive_2016.tar.gz,compressed archive contents compressed archive contents compressed archive contents compressed archive contents,archives
newfile_2256,,other
interview_recording_4872.flac,,audio
podcast_ep9370.mp3,,audio
budget_2015.xlsx,budget forecast q1 sum of expenses,spreadsheets
hours_tracking_3392.ods,"column,values budget forecast q1 sum of expenses",spreadsheets
banner_6991.ai,layer mask vector artboard layer mask vector artboard,design
pitch_deck_v8472.pptx,slide overview agenda,presentations
letter_to_acme.txt,dear sir or madam invoice total due meeting agenda attendees dear sir or madam,documents
hours_tracking_5260.ods,,spreadsheets
letter_to_umbrella.txt,invoice total due,documents
manual_v5574.pdf,meeting agenda attendees meeting agenda attendees agreement between parties dear sir or madam,documents
report_draft_5774.docx,invoice total due,documents
training_gardening.key,market opportunity pricing,presentations
letter_to_initech.txt,agreement between parties invoice total due meeting agenda attendees dear sir or madam,documents
project_export_9355.7z,compressed archive contents compressed archive contents,archives
birthday_2021.mp4,,videos
drone_flight_beach.mov,,videos
config_2676.json,"{""status"": ""ok"", ""items"": 42} {""status"": ""ok"", ""items"": 42} id,name,value {""status"": ""ok"", ""items"": 42}",data
report_draft_7634.docx,dear sir or madam meeting agenda attendees dear sir or madam invoice total due,documents
untitled_5673,,other
logo_draft_v5135.psd,,design
quarterly_review_q2.pptx,slide overview agenda slide overview agenda,presentations
vacation_beach.jpeg,,images
banner_5657.ai,layer mask vector artboard layer mask vector artboard layer mask vector artboard,design
customers_export.tsv,"id,name,value {""status"": ""ok"", ""items"": 42} {""status"": ""ok"", ""items"": 42} {""status"": ""ok"", ""items"": 42}",data
screenshot_2018-06-03.png,,images
server_main.go,export default component function render props,code
scan_doc2679.jpg,,images
quarterly_review_q2.pptx,market opportunity pricing market opportunity pricing slide overview agenda market opportunity pricing,presentations
interview_recording_4384.flac,,audio
backup_2022-03-12.zip,compressed archive contents,archives
export_users.csv,"{""status"": ""ok"", ""items"": 42}",data
IMG_2412.jpg,,images
photos_archive_2015.tar.gz,compressed archive contents compressed archive contents,archives
interview_recording_7636.flac,,audio
wireframes_8846.fig,layer mask vector artboard,design
report_draft_6348.docx,,documents
inter_bold.ttf,,fonts
document1,,other
budget_2025.xlsx,"column,values sum of expenses sum of expenses",spreadsheets
utils_2627.py,,code
grotesk_medium.woff2,,fonts
calibre_6055.mobi,preface acknowledgements preface acknowledgements preface acknowledgements,books
birthday_2018.mp4,,videos
logo_draft_v1843.psd,layer mask vector artboard,design
grotesk_medium.woff2,,fonts
family_graduation.png,,images
gothic_7451.otf,,fonts
wireframes_4811.fig,,design
IMG_3424.jpg,,images
IMG_2768.jpg,,images
cooking_book.epub,,books
gardening_book.epub,preface acknowledgements preface acknowledgements,books
marketing_book.epub,preface acknowledgements,books
banner_4106.ai,layer mask vector artboard layer mask vector artboard,design
expenses_jun.xlsx,,spreadsheets
podcast_ep9912.mp3,,audio
hours_tracking_5077.ods,,spreadsheets
logo_draft_v4736.psd,layer mask vector artboard layer mask vector artboard layer mask vector artboard layer mask vector artboard,design
untitled_9027,,other
screenshot_2023-12-06.png,,images
metrics_2024-07-02.json,"{""status"": ""ok"", ""items"": 42} {""status"": ""ok"", ""items"": 42}",data
voice_memo_4901.m4a,,audio
server_main.go,export default component function render props function render props,code
export_users.csv,"{""status"": ""ok"", ""items"": 42}",data
banner_8849.ai,,design
grotesk_medium.woff2,,fonts
podcast_ep5113.mp3,,audio
receipt_902.pdf,invoice total due,documents
expenses_apr.xlsx,,spreadsheets
export_orders.csv,"id,name,value",data
grotesk_medium.woff2,,fonts
training_gardening.key,market opportunity pricing,presentations
lecture_gardening.mkv,,videos
history_book.epub,chapter one it was a chapter one it was a preface acknowledgements chapter one it was a,books
project_export_330.7z,compressed archive contents compressed archive contents compressed archive contents compressed archive contents,archives
training_marketing.key,market opportunity pricing market opportunity pricing market opportunity pricing,presentations
expenses_apr.xlsx,budget forecast q1 sum of expenses sum of expenses,spreadsheets
gardening_book.epub,chapter one it was a preface acknowledgements preface acknowledgements chapter one it was a,books
banner_4571.ai,layer mask vector artboard layer mask vector artboard layer mask vector artboard layer mask vector artboard,design
calibre_4750.mobi,chapter one it was a chapter one it was a preface acknowledgements chapter one it was a,books
song_demo_886.wav,,audio
meeting_notes_2018-10-02.txt,invoice total due agreement between parties,documents
pitch_deck_v8567.pptx,slide overview agenda slide overview agenda market opportunity pricing,presentations
calibre_3845.mobi,chapter one it was a preface acknowledgements chapter one it was a,books
physics_book.epub,preface acknowledgements chapter one it was a chapter one it was a,books
server_main.go,export default component export default component import pandas as pd import pandas as pd,code
receipt_7162.pdf,meeting agenda attendees agreement between parties dear sir or madam meeting agenda attendees,documents
song_demo_2380.wav,,audio
training_history.key,market opportunity pricing,presentations
vacation_city.jpeg,,images
report_draft_8260.docx,agreement between parties dear sir or madam invoice total due,documents
app_component_5955.tsx,import pandas as pd import pandas as pd,code
expenses_mar.xlsx,"sum of expenses sum of expenses column,values",spreadsheets
app_component_5481.tsx,import pandas as pd,code
receipt_3672.pdf,meeting agenda attendees,documents
backup_2015-09-13.zip,compressed archive contents compressed archive contents compressed archive contents,archives
budget_2019.xlsx,"budget forecast q1 budget forecast q1 column,values",spreadsheets
query_runner.py,import pandas as pd export default component function render props,code
expenses_feb.xlsx,"budget forecast q1 sum of expenses budget forecast q1 column,values",spreadsheets
newfile_2937,,other
grotesk_medium.woff2,,fonts
birthday_2024.mp4,,videos
IMG_8422.jpg,,images
expenses_apr.xlsx,"column,values column,values",spreadsheets
song_demo_9043.wav,,audio
calibre_2601.mobi,preface acknowledgements chapter one it was a,books
physics_book.epub,preface acknowledgements chapter one it was a chapter one it was a chapter one it was a,books
inter_bold.ttf,,fonts
birthday_2019.mp4,,videos
metrics_2025-06-20.json,"id,name,value",data
config_7165.json,,data
calibre_3607.mobi,chapter one it was a preface acknowledgements chapter one it was a chapter one it was a,books
VID_8287.mp4,,videos
logo_draft_v9341.psd,,design
podcast_ep1081.mp3,,audio
calibre_3104.mobi,preface acknowledgements chapter one it was a,books
resume_wei_garcia.docx,invoice total due agreement between parties dear sir or madam meeting agenda attendees,documents
config_2441.json,"id,name,value {""status"": ""ok"", ""items"": 42}",data
untitled_574,,other
styles_main.css,export default component import pandas as pd,code
document1,,other
history_book.epub,,books
receipt_475.pdf,,documents
budget_2019.xlsx,sum of expenses budget forecast q1 budget forecast q1 sum of expenses,spreadsheets
voice_memo_9361.m4a,,audio
grotesk_medium.woff2,,fonts
utils_6964.py,import pandas as pd import pandas as pd function render props,code
hours_tracking_4058.ods,"sum of expenses column,values sum of expenses column,values",spreadsheets
voice_memo_9189.m4a,,audio
pitch_deck_v1496.pptx,slide overview agenda market opportunity pricing,presentations
report_draft_3094.docx,invoice total due dear sir or madam agreement between parties meeting agenda attendees,documents
customers_export.tsv,"{""status"": ""ok"", ""items"": 42} {""status"": ""ok"", ""items"": 42}",data
lecture_physics.mkv,,videos
backup_2021-05-04.zip,compressed archive contents,archives
history_book.epub,chapter one it was a preface acknowledgements,books
styles_main.css,function render props function render props export default component import pandas as pd,code
family_graduation.png,,images
birthday_2020.mp4,,videos
family_trip.png,,images
download_8720,,other
backup_2025-05-25.zip,,archives
vacation_beach.jpeg,,images
document1,,other
grotesk_medium.woff2,,fonts
hours_tracking_4601.ods,"column,values budget forecast q1",spreadsheets
download_3574,,other
logo_draft_v6991.psd,layer mask vector artboard layer mask vector artboard layer mask vector artboard,design
scan_doc6927.jpg,,images
IMG_7545.jpg,,images
voice_memo_8482.m4a,,audio
backup_2023-11-01.zip,compressed archive contents compressed archive contents compressed archive contents,archives
export_events.csv,,data
family_trip.png,,images
meeting_notes_2021-01-19.txt,,documents
document1,,other
hours_tracking_5080.ods,,spreadsheets
document1,,other
vacation_beach.jpeg,,images
customers_export.tsv,"id,name,value {""status"": ""ok"", ""items"": 42} {""status"": ""ok"", ""items"": 42} id,name,value",data
banner_4791.ai,,design
training_gardening.key,market opportunity pricing,presentations
inter_bold.ttf,,fonts
app_component_8220.tsx,,code
invoice_7501_acme.pdf,meeting agenda attendees,documents
styles_main.css,,code
utils_4177.py,function render props import pandas as pd function render props import pandas as pd,code
birthday_2025.mp4,,videos
voice_memo_1581.m4a,,audio
report_draft_1069.docx,dear sir or madam,documents
utils_5532.py,export default component,code
wireframes_3436.fig,layer mask vector artboard layer mask vector artboard,design
config_3016.json,,data
expenses_may.xlsx,,spreadsheets
banner_1426.ai,,design
hours_tracking_7554.ods,"column,values",spreadsheets
drone_flight_lake.mov,,videos
server_main.go,,code
calibre_5145.mobi,preface acknowledgements,books
budget_2022.xlsx,"column,values",spreadsheets
config_2371.json,,data
interview_recording_6098.flac,,audio
receipt_3827.pdf,meeting agenda attendees,documents
grotesk_medium.woff2,,fonts
logo_draft_v5666.psd,layer mask vector artboard layer mask vector artboard layer mask vector artboard,design
utils_3435.py,export default component import pandas as pd export default component import pandas as pd,code
hours_tracking_4728.ods,"sum of expenses sum of expenses column,values",spreadsheets
customers_export.tsv,,data
metrics_2017-05-03.json,"{""status"": ""ok"", ""items"": 42}",data
quarterly_review_q3.pptx,,presentations
logo_draft_v1741.psd,layer mask vector artboard layer mask vector artboard,design
project_export_4850.7z,,archives
podcast_ep39.mp3,,audio
wireframes_2124.fig,layer mask vector artboard layer mask vector artboard layer mask vector artboard layer mask vector artboard,design
untitled_7751,,other
inter_bold.ttf,,fonts
utils_4860.py,,code
training_cooking.key,slide overview agenda market opportunity pricing market opportunity pricing market opportunity pricing,presentations
inter_bold.ttf,,fonts
document1,,other
lecture_physics.mkv,,videos
birthday_2020.mp4,,videos
export_events.csv,"{""status"": ""ok"", ""items"": 42} {""status"": ""ok"", ""items"": 42} id,name,value",data
newfile_5060,,other
photos_archive_2020.tar.gz,compressed archive contents compressed archive contents compressed archive contents,archives
metrics_2018-03-02.json,"id,name,value {""status"": ""ok"", ""items"": 42}",data
invoice_8403_hooli.pdf,agreement between parties dear sir or madam meeting agenda attendees dear sir or madam,documents
interview_recording_2660.flac,,audio
interview_recording_2257.flac,,audio
document1,,other
metrics_2022-10-23.json,"id,name,value",data
gardening_book.epub,chapter one it was a preface acknowledgements,books
inter_bold.ttf,,fonts
calibre_2.mobi,chapter one it was a,books
banner_852.ai,,design
config_9164.json,"{""status"": ""ok"", ""items"": 42} id,name,value {""status"": ""ok"", ""items"": 42}",data
hours_tracking_5885.ods,"sum of expenses column,values sum of expenses column,values",spreadsheets
interview_recording_641.flac,,audio
wireframes_8099.fig,layer mask vector artboard layer mask vector artboard,design
download_4036,,other
backup_2022-06-19.zip,compressed archive contents compressed archive contents compressed archive contents compressed archive contents,archives
lecture_cooking.mkv,,videos
podcast_ep7007.mp3,,audio
pitch_deck_v824.pptx,,presentations
document1,,other
gothic_6167.otf,,fonts
gothic_6796.otf,,fonts
physics_book.epub,chapter one it was a preface acknowledgements,books
document1,,other
IMG_3939.jpg,,images
drone_flight_mountains.mov,,videos
lecture_gardening.mkv,,videos
pitch_deck_v7093.pptx,market opportunity pricing,presentations
receipt_1244.pdf,invoice total due invoice total due dear sir or madam,documents
config_8911.json,"{""status"": ""ok"", ""items"": 42} id,name,value {""status"": ""ok"", ""items"": 42} id,name,value",data
grotesk_medium.woff2,,fonts
expenses_jun.xlsx,budget forecast q1 sum of expenses,spreadsheets
metrics_2017-04-27.json,"id,name,value id,name,value {""status"": ""ok"", ""items"": 42}",data
podcast_ep7874.mp3,,audio
budget_2025.xlsx,,spreadsheets
quarterly_review_q4.pptx,slide overview agenda market opportunity pricing slide overview agenda,presentations
song_demo_8344.wav,,audio
server_main.go,,code
untitled_7953,,other
training_marketing.key,market opportunity pricing slide overview agenda slide overview agenda,presentations
song_demo_3533.wav,,audio
IMG_6375.jpg,,images
voice_memo_427.m4a,,audio
VID_6260.mp4,,videos
gothic_1129.otf,,fonts
VID_1293.mp4,,videos
hours_tracking_8324.ods,budget forecast q1,spreadsheets
utils_8679.py,,code
utils_2895.py,export default component function render props import pandas as pd import pandas as pd,code
inter_bold.ttf,,fonts
receipt_2558.pdf,agreement between parties invoice total due dear sir or madam dear sir or madam,documents
logo_draft_v4878.psd,layer mask vector artboard,design
scan_doc8496.jpg,,images
expenses_jan.xlsx,sum of expenses budget forecast q1 sum of expenses,spreadsheets
screenshot_2020-06-05.png,,images
app_component_8628.tsx,,code
pitch_deck_v6106.pptx,slide overview agenda slide overview agenda market opportunity pricing,presentations
budget_2023.xlsx,sum of expenses budget forecast q1 budget forecast q1,spreadsheets
expenses_may.xlsx,,spreadsheets
letter_to_acme.txt,dear sir or madam invoice total due meeting agenda attendees,documents
voice_memo_7744.m4a,,audio
download_4091,,other
logo_draft_v4178.psd,layer mask vector artboard layer mask vector artboard,design
calibre_6578.mobi,,books
project_export_9395.7z,compressed archive contents compressed archive contents,archives
photos_archive_2022.tar.gz,,archives
manual_v7807.pdf,,documents
budget_2019.xlsx,,spreadsheets
banner_1148.ai,,design
metrics_2022-07-01.json,,data
photos_archive_2020.tar.gz,compressed archive contents compressed archive contents compressed archive contents compressed archive contents,archives
training_history.key,slide overview agenda,presentations
customers_export.tsv,"{""status"": ""ok"", ""items"": 42} id,name,value {""status"": ""ok"", ""items"": 42} {""status"": ""ok"", ""items"": 42}",data
song_demo_8236.wav,,audio
budget_2017.xlsx,sum of expenses budget forecast q1,spreadsheets
pitch_deck_v7965.pptx,,presentations
metrics_2021-03-28.json,,data
inter_bold.ttf,,fonts
app_component_9451.tsx,function render props import pandas as pd function render props import pandas as pd,code
metrics_2024-03-04.json,"{""status"": ""ok"", ""items"": 42}",data
quarterly_review_q3.pptx,slide overview agenda slide overview agenda slide overview agenda market opportunity pricing,presentations
interview_recording_3927.flac,,audio
training_cooking.key,slide overview agenda,presentations
report_draft_100.docx,agreement between parties dear sir or madam invoice total due agreement between parties,documents
untitled_3214,,other
download_8817,,other
meeting_notes_2018-08-02.txt,dear sir or madam agreement between parties meeting agenda attendees,documents
training_marketing.key,,presentations
backup_2025-08-12.zip,compressed archive contents compressed archive contents,archives
backup_2022-02-10.zip,compressed archive contents compressed archive contents compressed archive contents compressed archive contents,archives
expenses_may.xlsx,"column,values column,values budget forecast q1",spreadsheets
training_gardening.key,market opportunity pricing,presentations
untitled_5787,,other
project_export_1157.7z,compressed archive contents,archives
untitled_7449,,other
grotesk_medium.woff2,,fonts
inter_bold.ttf,,fonts
banner_3803.ai,layer mask vector artboard layer mask vector artboard layer mask vector artboard layer mask vector artboard,design
gothic_7438.otf,,fonts
budget_2025.xlsx,"column,values",spreadsheets
quarterly_review_q3.pptx,,presentations
download_9019,,other
letter_to_globex.txt,dear sir or madam agreement between parties meeting agenda attendees dear sir or madam,documents
physics_book.epub,chapter one it was a chapter one it was a,books
wireframes_7589.fig,layer mask vector artboard,design
quarterly_review_q1.pptx,,presentations
hours_tracking_2231.ods,budget forecast q1,spreadsheets
IMG_2856.jpg,,images
gardening_book.epub,preface acknowledgements preface acknowledgements preface acknowledgements preface acknowledgements,books
family_graduation.png,,images
cooking_book.epub,preface acknowledgements chapter one it was a chapter one it was a,books
quarterly_review_q4.pptx,,presentations
screenshot_2026-12-18.png,,images
photos_archive_2026.tar.gz,compressed archive contents,archives
marketing_book.epub,chapter one it was a preface acknowledgements chapter one it was a,books
grotesk_medium.woff2,,fonts
backup_2017-08-01.zip,,archives
query_runner.py,export default component function render props,code
untitled_641,,other
manual_v6941.pdf,,documents
newfile_2544,,other
hours_tracking_3081.ods,sum of expenses sum of expenses,spreadsheets
VID_8653.mp4,,videos
VID_1552.mp4,,videos
export_orders.csv,"id,name,value",data
scan_doc7343.jpg,,images
gardening_book.epub,preface acknowledgements,books
IMG_1514.jpg,,images
untitled_2851,,other
untitled_1665,,other
utils_7978.py,function render props,code
export_orders.csv,"{""status"": ""ok"", ""items"": 42}",data
expenses_feb.xlsx,budget forecast q1 sum of expenses,spreadsheets
calibre_8110.mobi,chapter one it was a chapter one it was a preface acknowledgements preface acknowledgements,books
project_export_5736.7z,compressed archive contents compressed archive contents compressed archive contents,archives
document1,,other
manual_v5187.pdf,dear sir or madam meeting agenda attendees dear sir or madam,documents
utils_3886.py,,code
logo_draft_v9085.psd,layer mask vector artboard,design
lecture_marketing.mkv,,videos
banner_5139.ai,layer mask vector artboard layer mask vector artboard layer mask vector artboard,design
document1,,other
scan_doc5228.jpg,,images
newfile_3243,,other
birthday_2022.mp4,,videos
expenses_may.xlsx,"column,values",spreadsheets
banner_9055.ai,layer mask vector artboard layer mask vector artboard layer mask vector artboard layer mask vector artboard,design
expenses_jun.xlsx,,spreadsheets
photos_archive_2016.tar.gz,,archives
budget_2026.xlsx,budget forecast q1 budget forecast q1 budget forecast q1,spreadsheets
report_draft_8640.docx,dear sir or madam agreement between parties dear sir or madam meeting agenda attendees,documents
meeting_notes_2015-03-13.txt,,documents
family_graduation.png,,images
untitled_6693,,other
wireframes_6128.fig,layer mask vector artboard layer mask vector artboard,design
utils_4413.py,import pandas as pd,code
calibre_9373.mobi,,books
project_export_9931.7z,compressed archive contents compressed archive contents,archives
training_marketing.key,,presentations
report_draft_841.docx,agreement between parties invoice total due meeting agenda attendees,documents
export_events.csv,"id,name,value id,name,value id,name,value",data
lecture_cooking.mkv,,videos
banner_9378.ai,,design
wireframes_9080.fig,layer mask vector artboard layer mask vector artboard layer mask vector artboard,design
logo_draft_v2773.psd,layer mask vector artboard layer mask vector artboard layer mask vector artboard,design
untitled_935,,other
lease_agreement_2443.pdf,agreement between parties invoice total due dear sir or madam,documents
physics_book.epub,chapter one it was a,books
banner_8700.ai,,design
pitch_deck_v3825.pptx,slide overview agenda slide overview agenda,presentations
training_cooking.key,,presentations
expenses_mar.xlsx,"column,values column,values",spreadsheets
expenses_may.xlsx,"column,values",spreadsheets
wireframes_1164.fig,layer mask vector artboard layer mask vector artboard layer mask vector artboard,design
lease_agreement_1916.pdf,agreement between parties,documents
receipt_4471.pdf,dear sir or madam dear sir or madam,documents
backup_2025-06-18.zip,,archives
lease_agreement_6794.pdf,,documents
pitch_deck_v3177.pptx,market opportunity pricing,presentations
song_demo_8079.wav,,audio
lecture_marketing.mkv,,videos
quarterly_review_q3.pptx,market opportunity pricing,presentations
app_component_5977.tsx,,code
banner_6776.ai,layer mask vector artboard layer mask vector artboard layer mask vector artboard,design
quarterly_review_q4.pptx,slide overview agenda slide overview agenda market opportunity pricing market opportunity pricing,presentations
config_9660.json,,data
inter_bold.ttf,,fonts
untitled_4878,,other
app_component_267.tsx,,code
pitch_deck_v9194.pptx,,presentations
config_9643.json,"id,name,value {""status"": ""ok"", ""items"": 42}",data
birthday_2024.mp4,,videos
gothic_8778.otf,,fonts
VID_8028.mp4,,videos
pitch_deck_v7812.pptx,slide overview agenda slide overview agenda,presentations
export_events.csv,,data
cooking_book.epub,chapter one it was a preface acknowledgements chapter one it was a,books
lecture_gardening.mkv,,videos
expenses_may.xlsx,sum of expenses,spreadsheets
newfile_6034,,other
voice_memo_8565.m4a,,audio
gardening_book.epub,preface acknowledgements preface acknowledgements preface acknowledgements chapter one it was a,books
styles_main.css,export default component import pandas as pd export default component import pandas as pd,code
server_main.go,export default component function render props,code
training_cooking.key,market opportunity pricing slide overview agenda slide overview agenda slide overview agenda,presentations
cooking_book.epub,,books
untitled_7634,,other
styles_main.css,function render props,code
backup_2018-12-12.zip,,archives
backup_2018-11-24.zip,compressed archive contents,archives
backup_2017-07-20.zip,compressed archive contents compressed archive contents compressed archive contents,archives
newfile_2226,,other
physics_book.epub,chapter one it was a chapter one it was a preface acknowledgements preface acknowledgements,books
inter_bold.ttf,,fonts
training_marketing.key,slide overview agenda slide overview agenda market opportunity pricing market opportunity pricing,presentations
wireframes_425.fig,layer mask vector artboard layer mask vector artboard layer mask vector artboard layer mask vector artboard,design
song_demo_5459.wav,,audio
song_demo_5628.wav,,audio
gothic_6643.otf,,fonts
server_main.go,function render props export default component,code
screenshot_2022-11-07.png,,images
newfile_2856,,other
backup_2020-10-23.zip,,archives
invoice_429_initech.pdf,agreement between parties agreement between parties agreement between parties,documents
gothic_8050.otf,,fonts
voice_memo_1636.m4a,,audio
grotesk_medium.woff2,,fonts
gothic_5486.otf,,fonts
cooking_book.epub,chapter one it was a preface acknowledgements,books
drone_flight_mountains.mov,,videos
training_gardening.key,,presentations
VID_1898.mp4,,videos
birthday_2020.mp4,,videos
backup_2020-04-17.zip,,archives
query_runner.py,function render props,code
scan_doc7713.jpg,,images
inter_bold.ttf,,fonts
family_trip.png,,images
song_demo_13.wav,,audio
photos_archive_2025.tar.gz,compressed archive contents compressed archive contents compressed archive contents compressed archive contents,archives
hours_tracking_2854.ods,"column,values sum of expenses column,values column,values",spreadsheets
voice_memo_5734.m4a,,audio
vacation_beach.jpeg,,images
styles_main.css,import pandas as pd import pandas as pd export default component,code
config_4088.json,"{""status"": ""ok"", ""items"": 42}",data
letter_to_umbrella.txt,,documents
family_dinner.png,,images
song_demo_9423.wav,,audio
resume_wei_lee.docx,meeting agenda attendees agreement between parties meeting agenda attendees,documents
lecture_marketing.mkv,,videos
config_2579.json,"{""status"": ""ok"", ""items"": 42} id,name,value id,name,value",data
scan_doc4769.jpg,,images
customers_export.tsv,,data
query_runner.py,function render props export default component function render props import pandas as pd,code
scan_doc5633.jpg,,images
screenshot_2015-05-16.png,,images
hours_tracking_2497.ods,"sum of expenses column,values sum of expenses",spreadsheets
scan_doc6108.jpg,,images
training_cooking.key,slide overview agenda,presentations
voice_memo_4246.m4a,,audio
quarterly_review_q1.pptx,slide overview agenda slide overview agenda market opportunity pricing slide overview agenda,presentations
budget_2020.xlsx,,spreadsheets
logo_draft_v4671.psd,layer mask vector artboard,design
lecture_physics.mkv,,videos
export_orders.csv,"{""status"": ""ok"", ""items"": 42} {""status"": ""ok"", ""items"": 42} id,name,value {""status"": ""ok"", ""items"": 42}",data
backup_2017-11-06.zip,compressed archive contents,archives
wireframes_2350.fig,layer mask vector artboard layer mask vector artboard layer mask vector artboard,design
expenses_jan.xlsx,sum of expenses budget forecast q1 budget forecast q1,spreadsheets
receipt_6871.pdf,invoice total due,documents
inter_bold.ttf,,fonts
marketing_book.epub,chapter one it was a chapter one it was a,books
photos_archive_2018.tar.gz,,archives
training_cooking.key,market opportunity pricing,presentations
styles_main.css,import pandas as pd,code
newfile_8703,,other
expenses_may.xlsx,"column,values",spreadsheets
photos_archive_2020.tar.gz,compressed archive contents compressed archive contents compressed archive contents,archives
expenses_jun.xlsx,,spreadsheets
invoice_7374_umbrella.pdf,meeting agenda attendees dear sir or madam agreement between parties dear sir or madam,documents
styles_main.css,function render props export default component import pandas as pd import pandas as pd,code
expenses_jun.xlsx,"sum of expenses sum of expenses column,values sum of expenses",spreadsheets
lease_agreement_636.pdf,,documents
banner_571.ai,layer mask vector artboard layer mask vector artboard layer mask vector artboard layer mask vector artboard,design
drone_flight_mountains.mov,,videos
meeting_notes_2019-07-08.txt,meeting agenda attendees,documents
lease_agreement_5864.pdf,,documents
photos_archive_2015.tar.gz,compressed archive contents compressed archive contents compressed archive contents,archives
pitch_deck_v2366.pptx,,presentations
VID_596.mp4,,videos
calibre_8791.mobi,preface acknowledgements preface acknowledgements preface acknowledgements chapter one it was a,books
family_graduation.png,,images
logo_draft_v9400.psd,layer mask vector artboard layer mask vector artboard,design
backup_2015-10-12.zip,compressed archive contents compressed archive contents,archives
backup_2022-12-09.zip,compressed archive contents,archives
hours_tracking_364.ods,,spreadsheets
expenses_mar.xlsx,"column,values",spreadsheets
config_8416.json,"{""status"": ""ok"", ""items"": 42} {""status"": ""ok"", ""items"": 42}",data
podcast_ep7124.mp3,,audio
styles_main.css,function render props function render props function render props function render props,code
inter_bold.ttf,,fonts
export_users.csv,"{""status"": ""ok"", ""items"": 42} {""status"": ""ok"", ""items"": 42} {""status"": ""ok"", ""items"": 42} id,name,value",data
IMG_3589.jpg,,images
project_export_5692.7z,compressed archive contents compressed archive contents compressed archive contents,archives
scan_doc9691.jpg,,images
voice_memo_7529.m4a,,audio
app_component_7664.tsx,export default component function render props export default component function render props,code
inter_bold.ttf,,fonts
hours_tracking_7170.ods,budget forecast q1,spreadsheets
photos_archive_2020.tar.gz,compressed archive contents compressed archive contents compressed archive contents,archives
quarterly_review_q2.pptx,market opportunity pricing,presentations
logo_draft_v121.psd,layer mask vector artboard layer mask vector artboard layer mask vector artboard layer mask vector artboard,design
gothic_753.otf,,fonts
calibre_1816.mobi,chapter one it was a preface acknowledgements,books
scan_doc9246.jpg,,images
newfile_143,,other
vacation_city.jpeg,,images
gardening_book.epub,chapter one it was a preface acknowledgements,books
meeting_notes_2017-02-08.txt,,documents
grotesk_medium.woff2,,fonts
logo_draft_v9804.psd,,design
grotesk_medium.woff2,,fonts
family_graduation.png,,images
app_component_6692.tsx,,code
download_4943,,other
gothic_5993.otf,,fonts
calibre_2796.mobi,,books
hours_tracking_4464.ods,"sum of expenses column,values budget forecast q1",spreadsheets
hours_tracking_3410.ods,"column,values",spreadsheets
inter_bold.ttf,,fonts
voice_memo_1987.m4a,,audio
logo_draft_v7570.psd,layer mask vector artboard layer mask vector artboard layer mask vector artboard,design
calibre_2536.mobi,preface acknowledgements,books
scan_doc945.jpg,,images
history_book.epub,preface acknowledgements chapter one it was a preface acknowledgements chapter one it was a,books
utils_301.py,function render props export default component export default component,code
grotesk_medium.woff2,,fonts
VID_8305.mp4,,videos
drone_flight_beach.mov,,videos
query_runner.py,export default component import pandas as pd export default component export default component,code
project_export_1540.7z,compressed archive contents compressed archive contents compressed archive contents compressed archive contents,archives
project_export_5905.7z,,archives
VID_8824.mp4,,videos
config_7827.json,"{""status"": ""ok"", ""items"": 42} id,name,value",data
gardening_book.epub,chapter one it was a chapter one it was a chapter one it was a,books
untitled_3159,,other
lease_agreement_9283.pdf,,documents
wireframes_9202.fig,layer mask vector artboard layer mask vector artboard layer mask vector artboard layer mask vector artboard,design
backup_2025-09-08.zip,compressed archive contents compressed archive contents,archives
styles_main.css,import pandas as pd export default component,code
quarterly_review_q2.pptx,,presentations
metrics_2020-07-16.json,"id,name,value id,name,value id,name,value {""status"": ""ok"", ""items"": 42}",data
app_component_6792.tsx,import pandas as pd import pandas as pd export default component function render props,code
banner_3907.ai,layer mask vector artboard layer mask vector artboard layer mask vector artboard layer mask vector artboard,design
document1,,other
document1,,other
quarterly_review_q3.pptx,market opportunity pricing market opportunity pricing market opportunity pricing,presentations
app_component_2377.tsx,export default component function render props,code
VID_7513.mp4,,videos
hours_tracking_4268.ods,sum of expenses sum of expenses budget forecast q1,spreadsheets
wireframes_5409.fig,layer mask vector artboard layer mask vector artboard,design
physics_book.epub,,books
pitch_deck_v7816.pptx,market opportunity pricing slide overview agenda slide overview agenda,presentations
project_export_9418.7z,compressed archive contents compressed archive contents,archives
training_history.key,market opportunity pricing market opportunity pricing market opportunity pricing market opportunity pricing,presentations
gothic_3085.otf,,fonts
logo_draft_v1027.psd,,design
podcast_ep9880.mp3,,audio
wireframes_734.fig,layer mask vector artboard layer mask vector artboard layer mask vector artboard,design
server_main.go,function render props,code
gothic_3454.otf,,fonts
customers_export.tsv,"{""status"": ""ok"", ""items"": 42} id,name,value id,name,value",data
drone_flight_lake.mov,,videos
query_runner.py,import pandas as pd import pandas as pd,code
calibre_3380.mobi,chapter one it was a,books
customers_export.tsv,,data
wireframes_6817.fig,,design
family_trip.png,,images
wireframes_3194.fig,layer mask vector artboard layer mask vector artboard,design
budget_2023.xlsx,budget forecast q1 budget forecast q1 budget forecast q1,spreadsheets
meeting_notes_2025-02-21.txt,dear sir or madam invoice total due meeting agenda attendees dear sir or madam,documents
gothic_6506.otf,,fonts
photos_archive_2026.tar.gz,compressed archive contents compressed archive contents compressed archive contents,archives
scan_doc5532.jpg,,images
photos_archive_2021.tar.gz,compressed archive contents,archives
song_demo_1599.wav,,audio
song_demo_5820.wav,,audio
physics_book.epub,chapter one it was a chapter one it was a chapter one it was a preface acknowledgements,books
IMG_2043.jpg,,images
metrics_2025-03-13.json,"id,name,value id,name,value id,name,value",data
budget_2020.xlsx,"column,values sum of expenses",spreadsheets
budget_2019.xlsx,"budget forecast q1 column,values sum of expenses",spreadsheets
drone_flight_beach.mov,,videos
wireframes_3668.fig,layer mask vector artboard layer mask vector artboard layer mask vector artboard,design
screenshot_2019-02-21.png,,images
photos_archive_2022.tar.gz,,archives
newfile_9794,,other
scan_doc4705.jpg,,images
training_history.key,,presentations
VID_4524.mp4,,videos
pitch_deck_v4949.pptx,slide overview agenda,presentations
podcast_ep3733.mp3,,audio
cooking_book.epub,chapter one it was a chapter one it was a preface acknowledgements chapter one it was a,books
family_dinner.png,,images
IMG_2449.jpg,,images
download_3660,,other
config_4909.json,,data
song_demo_6253.wav,,audio
gothic_6239.otf,,fonts
calibre_5829.mobi,chapter one it was a chapter one it was a,books
manual_v3670.pdf,agreement between parties invoice total due invoice total due,documents
calibre_6223.mobi,preface acknowledgements chapter one it was a chapter one it was a chapter one it was a,books
training_marketing.key,market opportunity pricing slide overview agenda market opportunity pricing,presentations
newfile_9249,,other
logo_draft_v7534.psd,layer mask vector artboard layer mask vector artboard,design
photos_archive_2019.tar.gz,compressed archive contents compressed archive contents compressed archive contents,archives
history_book.epub,chapter one it was a chapter one it was a chapter one it was a preface acknowledgements,books
grotesk_medium.woff2,,fonts
project_export_3862.7z,compressed archive contents compressed archive contents,archives
podcast_ep7192.mp3,,audio
untitled_3392,,other
expenses_apr.xlsx,budget forecast q1 budget forecast q1,spreadsheets
wireframes_5376.fig,,design
utils_6402.py,,code
inter_bold.ttf,,fonts
gardening_book.epub,,books
scan_doc4817.jpg,,images
birthday_2019.mp4,,videos
screenshot_2016-07-22.png,,images
project_export_1129.7z,compressed archive contents compressed archive contents compressed archive contents compressed archive contents,archives
hours_tracking_6811.ods,budget forecast q1 sum of expenses,spreadsheets
app_component_1890.tsx,export default component import pandas as pd,code
inter_bold.ttf,,fonts
resume_sam_patel.docx,agreement between parties dear sir or madam,documents
inter_bold.ttf,,fonts
wireframes_5351.fig,layer mask vector artboard layer mask vector artboard layer mask vector artboard,design
pitch_deck_v5617.pptx,slide overview agenda market opportunity pricing market opportunity pricing,presentations
quarterly_review_q2.pptx,market opportunity pricing,presentations
birthday_2019.mp4,,videos
training_physics.key,slide overview agenda,presentations
banner_7830.ai,layer mask vector artboard layer mask vector artboard,design
banner_822.ai,layer mask vector artboard layer mask vector artboard layer mask vector artboard,design
app_component_1573.tsx,,code
query_runner.py,,code
backup_2020-02-06.zip,compressed archive contents,archives
budget_2023.xlsx,sum of expenses,spreadsheets
query_runner.py,function render props function render props export default component,code
utils_1398.py,,code
pitch_deck_v3453.pptx,market opportunity pricing,presentations
screenshot_2023-06-14.png,,images
download_3600,,other
birthday_2025.mp4,,videos
server_main.go,import pandas as pd export default component import pandas as pd,code
newfile_9510,,other
banner_9435.ai,layer mask vector artboard layer mask vector artboard,design
server_main.go,function render props import pandas as pd import pandas as pd export default component,code
styles_main.css,export default component export default component,code
meeting_notes_2022-08-10.txt,,documents
family_dinner.png,,images
hours_tracking_4961.ods,"column,values",spreadsheets
interview_recording_8096.flac,,audio
letter_to_hooli.txt,invoice total due agreement between parties invoice total due dear sir or madam,documents
customers_export.tsv,"{""status"": ""ok"", ""items"": 42} id,name,value id,name,value",data
IMG_1821.jpg,,images
grotesk_medium.woff2,,fonts
meeting_notes_2017-06-09.txt,invoice total due,documents
app_component_5340.tsx,import pandas as pd import pandas as pd function render props function render props,code
metrics_2019-03-04.json,"{""status"": ""ok"", ""items"": 42} id,name,value",data
inter_bold.ttf,,fonts
banner_1175.ai,layer mask vector artboard,design
utils_3865.py,function render props export default component function render props function render props,code
config_4514.json,"id,name,value {""status"": ""ok"", ""items"": 42}",data
screenshot_2025-09-01.png,,images
podcast_ep3976.mp3,,audio
document1,,other
hours_tracking_5095.ods,"budget forecast q1 column,values",spreadsheets
birthday_2021.mp4,,videos
song_demo_3196.wav,,audio
document1,,other
interview_recording_7924.flac,,audio
metrics_2025-07-18.json,,data
screenshot_2016-07-04.png,,images
document1,,other
wireframes_4134.fig,layer mask vector artboard layer mask vector artboard,design
customers_export.tsv,,data
document1,,other
family_trip.png,,images
newfile_6803,,other
grotesk_medium.woff2,,fonts
server_main.go,,code
scan_doc7568.jpg,,images
VID_7837.mp4,,videos
pitch_deck_v7659.pptx,market opportunity pricing slide overview agenda slide overview agenda,presentations
manual_v5534.pdf,invoice total due invoice total due dear sir or madam,documents
photos_archive_2018.tar.gz,compressed archive contents compressed archive contents compressed archive contents compressed archive contents,archives
calibre_6197.mobi,chapter one it was a chapter one it was a chapter one it was a,books
invoice_9762_globex.pdf,meeting agenda attendees,documents
project_export_7425.7z,compressed archive contents compressed archive contents compressed archive contents compressed archive contents,archives
song_demo_1239.wav,,audio
gothic_8815.otf,,fonts
resume_sam_kim.docx,dear sir or madam invoice total due,documents
scan_doc7340.jpg,,images
config_3511.json,,data
IMG_7839.jpg,,images
birthday_2023.mp4,,videos
quarterly_review_q1.pptx,market opportunity pricing market opportunity pricing,presentations
marketing_book.epub,preface acknowledgements chapter one it was a chapter one it was a,books
photos_archive_2022.tar.gz,compressed archive contents compressed archive contents compressed archive contents compressed archive contents,archives
birthday_2021.mp4,,videos
banner_7684.ai,layer mask vector artboard layer mask vector artboard layer mask vector artboard,design
customers_export.tsv,"{""status"": ""ok"", ""items"": 42} {""status"": ""ok"", ""items"": 42} {""status"": ""ok"", ""items"": 42} {""status"": ""ok"", ""items"": 42}",data
grotesk_medium.woff2,,fonts
wireframes_9863.fig,layer mask vector artboard,design
birthday_2022.mp4,,videos
query_runner.py,import pandas as pd function render props import pandas as pd,code
meeting_notes_2023-01-04.txt,,documents
budget_2019.xlsx,"sum of expenses budget forecast q1 column,values column,values",spreadsheets
server_main.go,function render props import pandas as pd,code
download_395,,other
VID_7414.mp4,,videos
server_main.go,function render props export default component import pandas as pd import pandas as pd,code
inter_bold.ttf,,fonts
training_history.key,,presentations
podcast_ep9168.mp3,,audio
podcast_ep3352.mp3,,audio
hours_tracking_8209.ods,"budget forecast q1 budget forecast q1 column,values column,values",spreadsheets
marketing_book.epub,chapter one it was a preface acknowledgements preface acknowledgements,books
download_6304,,other
newfile_5534,,other
family_dinner.png,,images
banner_6940.ai,layer mask vector artboard,design
logo_draft_v1270.psd,layer mask vector artboard layer mask vector artboard layer mask vector artboard layer mask vector artboard,design
pitch_deck_v5698.pptx,slide overview agenda market opportunity pricing market opportunity pricing,presentations
newfile_8333,,other
lecture_history.mkv,,videos
newfile_4112,,other
document1,,other
interview_recording_1799.flac,,audio
pitch_deck_v113.pptx,slide overview agenda,presentations
customers_export.tsv,,data
quarterly_review_q1.pptx,,presentations
letter_to_umbrella.txt,dear sir or madam,documents
backup_2022-04-23.zip,,archives
query_runner.py,,code
resume_priya_patel.docx,agreement between parties meeting agenda attendees,documents
styles_main.css,import pandas as pd,code
calibre_3489.mobi,preface acknowledgements chapter one it was a preface acknowledgements preface acknowledgements,books
expenses_jun.xlsx,"budget forecast q1 column,values column,values sum of expenses",spreadsheets
letter_to_hooli.txt,invoice total due,documents
VID_1134.mp4,,videos
download_9754,,other
gothic_2936.otf,,fonts
banner_6093.ai,layer mask vector artboard,design
hours_tracking_8347.ods,sum of expenses budget forecast q1 budget forecast q1 sum of expenses,spreadsheets
logo_draft_v1312.psd,layer mask vector artboard layer mask vector artboard layer mask vector artboard,design
expenses_apr.xlsx,"column,values sum of expenses",spreadsheets
training_history.key,,presentations
config_8496.json,"id,name,value {""status"": ""ok"", ""items"": 42}",data
inter_bold.ttf,,fonts
grotesk_medium.woff2,,fonts
download_2200,,other
receipt_9343.pdf,meeting agenda attendees dear sir or madam,documents
document1,,other
VID_5016.mp4,,videos
photos_archive_2020.tar.gz,compressed archive contents compressed archive contents compressed archive contents compressed archive contents,archives
calibre_7478.mobi,,books
quarterly_review_q4.pptx,slide overview agenda market opportunity pricing,presentations
app_component_1281.tsx,import pandas as pd function render props,code
server_main.go,import pandas as pd import pandas as pd,code
pitch_deck_v1363.pptx,slide overview agenda,presentations
logo_draft_v3685.psd,layer mask vector artboard layer mask vector artboard layer mask vector artboard layer mask vector artboard,design
newfile_9354,,other
drone_flight_mountains.mov,,videos
interview_recording_8870.flac,,audio
banner_280.ai,layer mask vector artboard layer mask vector artboard layer mask vector artboard layer mask vector artboard,design
customers_export.tsv,"id,name,value {""status"": ""ok"", ""items"": 42} id,name,value",data
project_export_8189.7z,compressed archive contents compressed archive contents compressed archive contents,archives
utils_7720.py,import pandas as pd,code
expenses_apr.xlsx,"budget forecast q1 sum of expenses column,values",spreadsheets
wireframes_3600.fig,layer mask vector artboard,design
IMG_5439.jpg,,images
metrics_2025-03-26.json,"{""status"": ""ok"", ""items"": 42} id,name,value",data
metrics_2024-03-13.json,,data
untitled_5567,,other
letter_to_initech.txt,dear sir or madam dear sir or madam,documents
scan_doc2276.jpg,,images
photos_archive_2026.tar.gz,compressed archive contents compressed archive contents compressed archive contents,archives
grotesk_medium.woff2,,fonts
gothic_4570.otf,,fonts
voice_memo_4100.m4a,,audio
config_5767.json,"id,name,value",data
gothic_6211.otf,,fonts
export_events.csv,"id,name,value id,name,value id,name,value",data
backup_2022-08-10.zip,compressed archive contents compressed archive contents,archives
interview_recording_7690.flac,,audio
project_export_8083.7z,compressed archive contents compressed archive contents compressed archive contents,archives
banner_5168.ai,layer mask vector artboard layer mask vector artboard layer mask vector artboard,design
budget_2023.xlsx,"column,values column,values",spreadsheets
inter_bold.ttf,,fonts
song_demo_7373.wav,,audio
physics_book.epub,chapter one it was a chapter one it was a chapter one it was a preface acknowledgements,books
expenses_apr.xlsx,"column,values column,values budget forecast q1 column,values",spreadsheets
budget_2017.xlsx,sum of expenses budget forecast q1 sum of expenses sum of expenses,spreadsheets
wireframes_2240.fig,layer mask vector artboard,design
wireframes_7057.fig,layer mask vector artboard layer mask vector artboard layer mask vector artboard layer mask vector artboard,design
export_orders.csv,"{""status"": ""ok"", ""items"": 42} id,name,value id,name,value",data
receipt_9757.pdf,,documents
untitled_212,,other
photos_archive_2021.tar.gz,compressed archive contents compressed archive contents compressed archive contents,archives
logo_draft_v5528.psd,,design
project_export_6231.7z,compressed archive contents compressed archive contents compressed archive contents compressed archive contents,archives
gothic_9422.otf,,fonts
invoice_3633_hooli.pdf,dear sir or madam invoice total due dear sir or madam,documents
project_export_6989.7z,compressed archive contents,archives
vacation_mountains.jpeg,,images
config_6422.json,,data
expenses_jan.xlsx,"sum of expenses sum of expenses column,values",spreadsheets
banner_1115.ai,layer mask vector artboard layer mask vector artboard layer mask vector artboard,design
meeting_notes_2017-04-26.txt,dear sir or madam,documents
document1,,other
utils_895.py,export default component function render props,code
wireframes_6947.fig,layer mask vector artboard layer mask vector artboard,design
birthday_2018.mp4,,videos
metrics_2019-10-24.json,,data
download_7897,,other
song_demo_5031.wav,,audio
banner_469.ai,,design
banner_8661.ai,,design
logo_draft_v9407.psd,layer mask vector artboard layer mask vector artboard layer mask vector artboard layer mask vector artboard,design
untitled_6807,,other
budget_2020.xlsx,sum of expenses,spreadsheets
document1,,other
quarterly_review_q1.pptx,slide overview agenda slide overview agenda market opportunity pricing,presentations
expenses_jan.xlsx,sum of expenses sum of expenses,spreadsheets
song_demo_2498.wav,,audio
customers_export.tsv,"id,name,value id,name,value {""status"": ""ok"", ""items"": 42} id,name,value",data
backup_2016-07-03.zip,,archives
untitled_582,,other
utils_5625.py,import pandas as pd import pandas as pd import pandas as pd,code
config_2936.json,"{""status"": ""ok"", ""items"": 42} {""status"": ""ok"", ""items"": 42} {""status"": ""ok"", ""items"": 42}",data
wireframes_2288.fig,,design
expenses_jun.xlsx,sum of expenses budget forecast q1,spreadsheets
hours_tracking_3063.ods,,spreadsheets
app_component_5275.tsx,export default component export default component export default component function render props,code
photos_archive_2026.tar.gz,,archives
calibre_6998.mobi,chapter one it was a,books
export_orders.csv,"{""status"": ""ok"", ""items"": 42} id,name,value",data
report_draft_1916.docx,invoice total due dear sir or madam,documents
calibre_2517.mobi,chapter one it was a,books
utils_3728.py,import pandas as pd export default component,code
lecture_gardening.mkv,,videos
screenshot_2015-07-05.png,,images
wireframes_8834.fig,layer mask vector artboard layer mask vector artboard layer mask vector artboard,design
grotesk_medium.woff2,,fonts
download_7588,,other
project_export_2432.7z,compressed archive contents compressed archive contents compressed archive contents compressed archive contents,archives
podcast_ep4550.mp3,,audio
scan_doc3254.jpg,,images
scan_doc387.jpg,,images
birthday_2023.mp4,,videos
drone_flight_beach.mov,,videos
customers_export.tsv,"id,name,value {""status"": ""ok"", ""items"": 42}",data
lease_agreement_6590.pdf,dear sir or madam agreement between parties invoice total due meeting agenda attendees,documents
screenshot_2020-02-05.png,,images
training_gardening.key,,presentations
gothic_1616.otf,,fonts
interview_recording_4954.flac,,audio
birthday_2017.mp4,,videos
quarterly_review_q4.pptx,,presentations
gothic_1255.otf,,fonts
voice_memo_2371.m4a,,audio
logo_draft_v9197.psd,,design
hours_tracking_628.ods,,spreadsheets
quarterly_review_q1.pptx,slide overview agenda,presentations
budget_2023.xlsx,"column,values",spreadsheets
export_events.csv,"id,name,value {""status"": ""ok"", ""items"": 42}",data
pitch_deck_v9366.pptx,slide overview agenda slide overview agenda slide overview agenda market opportunity pricing,presentations
inter_bold.ttf,,fonts
export_users.csv,"id,name,value",data
hours_tracking_2279.ods,sum of expenses,spreadsheets
backup_2019-01-24.zip,compressed archive contents compressed archive contents,archives
project_export_7795.7z,compressed archive contents compressed archive contents compressed archive contents compressed archive contents,archives
newfile_7163,,other
VID_9295.mp4,,videos
config_8282.json,"{""status"": ""ok"", ""items"": 42} {""status"": ""ok"", ""items"": 42} {""status"": ""ok"", ""items"": 42} id,name,value",data
project_export_9234.7z,compressed archive contents compressed archive contents compressed archive contents,archives
family_graduation.png,,images
expenses_jan.xlsx,"sum of expenses column,values sum of expenses",spreadsheets
utils_1058.py,import pandas as pd function render props,code
newfile_2815,,other
IMG_9874.jpg,,images
training_marketing.key,slide overview agenda market opportunity pricing slide overview agenda,presentations
quarterly_review_q2.pptx,slide overview agenda slide overview agenda slide overview agenda market opportunity pricing,presentations
backup_2025-08-23.zip,compressed archive contents compressed archive contents compressed archive contents,archives
config_7974.json,,data
drone_flight_mountains.mov,,videos
inter_bold.ttf,,fonts
config_4618.json,"id,name,value {""status"": ""ok"", ""items"": 42} {""status"": ""ok"", ""items"": 42} id,name,value",data
project_export_9706.7z,compressed archive contents compressed archive contents compressed archive contents compressed archive contents,archives
receipt_3955.pdf,,documents
utils_3986.py,import pandas as pd export default component,code
interview_recording_9099.flac,,audio
training_gardening.key,market opportunity pricing slide overview agenda,presentations
expenses_mar.xlsx,,spreadsheets
expenses_feb.xlsx,,spreadsheets
cooking_book.epub,preface acknowledgements,books
download_48,,other
hours_tracking_7513.ods,"column,values budget forecast q1",spreadsheets
pitch_deck_v3583.pptx,slide overview agenda slide overview agenda,presentations
birthday_2017.mp4,,videos
export_users.csv,"id,name,value id,name,value",data
interview_recording_7996.flac,,audio
song_demo_4539.wav,,audio
banner_4918.ai,layer mask vector artboard layer mask vector artboard layer mask vector artboard layer mask vector artboard,design
newfile_8219,,other
download_1163,,other
hours_tracking_1773.ods,"budget forecast q1 column,values budget forecast q1",spreadsheets
pitch_deck_v7307.pptx,,presentations
scan_doc1600.jpg,,images
calibre_5641.mobi,preface acknowledgements,books
export_events.csv,"{""status"": ""ok"", ""items"": 42} {""status"": ""ok"", ""items"": 42}",data
banner_6701.ai,layer mask vector artboard layer mask vector artboard,design
gothic_9773.otf,,fonts
manual_v5853.pdf,meeting agenda attendees invoice total due agreement between parties,documents
photos_archive_2016.tar.gz,compressed archive contents compressed archive contents,archives
podcast_ep2609.mp3,,audio
scan_doc4548.jpg,,images
letter_to_hooli.txt,agreement between parties,documents
server_main.go,import pandas as pd import pandas as pd import pandas as pd,code
customers_export.tsv,"id,name,value {""status"": ""ok"", ""items"": 42} id,name,value {""status"": ""ok"", ""items"": 42}",data
song_demo_5464.wav,,audio
vacation_beach.jpeg,,images
pitch_deck_v647.pptx,slide overview agenda market opportunity pricing market opportunity pricing market opportunity pricing,presentations
metrics_2020-11-04.json,"id,name,value id,name,value {""status"": ""ok"", ""items"": 42} {""status"": ""ok"", ""items"": 42}",data
calibre_6291.mobi,,books
server_main.go,,code
app_component_8746.tsx,,code
hours_tracking_1201.ods,"budget forecast q1 sum of expenses column,values",spreadsheets
family_graduation.png,,images
logo_draft_v6367.psd,layer mask vector artboard layer mask vector artboard layer mask vector artboard,design
project_export_5466.7z,compressed archive contents compressed archive contents compressed archive contents,archives
voice_memo_3855.m4a,,audio
manual_v1461.pdf,agreement between parties dear sir or madam meeting agenda attendees,documents
wireframes_8867.fig,layer mask vector artboard layer mask vector artboard layer mask vector artboard layer mask vector artboard,design
scan_doc3298.jpg,,images
physics_book.epub,preface acknowledgements chapter one it was a chapter one it was a chapter one it was a,books
screenshot_2024-05-04.png,,images
marketing_book.epub,chapter one it was a chapter one it was a,books
budget_2015.xlsx,sum of expenses,spreadsheets
expenses_mar.xlsx,"sum of expenses sum of expenses column,values",spreadsheets
training_gardening.key,,presentations
cooking_book.epub,preface acknowledgements,books
export_orders.csv,"{""status"": ""ok"", ""items"": 42} {""status"": ""ok"", ""items"": 42} id,name,value id,name,value",data
query_runner.py,import pandas as pd function render props,code
photos_archive_2025.tar.gz,compressed archive contents compressed archive contents,archives
download_9298,,other
manual_v7359.pdf,invoice total due agreement between parties invoice total due dear sir or madam,documents
grotesk_medium.woff2,,fonts
gardening_book.epub,preface acknowledgements preface acknowledgements preface acknowledgements chapter one it was a,books
interview_recording_9671.flac,,audio
birthday_2026.mp4,,videos
calibre_5783.mobi,chapter one it was a preface acknowledgements,books
config_9442.json,,data
wireframes_106.fig,layer mask vector artboard,design
styles_main.css,import pandas as pd import pandas as pd,code
history_book.epub,chapter one it was a preface acknowledgements,books
gothic_8812.otf,,fonts
invoice_3158_acme.pdf,invoice total due invoice total due agreement between parties meeting agenda attendees,documents
export_orders.csv,"id,name,value {""status"": ""ok"", ""items"": 42}",data
voice_memo_1994.m4a,,audio
wireframes_1537.fig,layer mask vector artboard,design
project_export_2465.7z,,archives
hours_tracking_1900.ods,sum of expenses budget forecast q1,spreadsheets
newfile_7378,,other
logo_draft_v3982.psd,layer mask vector artboard layer mask vector artboard layer mask vector artboard,design
VID_9281.mp4,,videos
manual_v5191.pdf,dear sir or madam invoice total due,documents
song_demo_8173.wav,,audio
training_gardening.key,,presentations
quarterly_review_q2.pptx,market opportunity pricing market opportunity pricing,presentations
utils_582.py,,code
voice_memo_5670.m4a,,audio
receipt_1002.pdf,agreement between parties agreement between parties,documents
interview_recording_8696.flac,,audio
vacation_beach.jpeg,,images
pitch_deck_v9011.pptx,market opportunity pricing market opportunity pricing slide overview agenda,presentations
song_demo_307.wav,,audio
calibre_1509.mobi,chapter one it was a chapter one it was a chapter one it was a chapter one it was a,books
config_4947.json,"{""status"": ""ok"", ""items"": 42} id,name,value id,name,value",data
hours_tracking_2698.ods,sum of expenses,spreadsheets
song_demo_6026.wav,,audio
document1,,other
customers_export.tsv,"id,name,value id,name,value {""status"": ""ok"", ""items"": 42}",data
calibre_9136.mobi,chapter one it was a preface acknowledgements chapter one it was a preface acknowledgements,books
export_orders.csv,"id,name,value",data
training_gardening.key,slide overview agenda market opportunity pricing market opportunity pricing,presentations
marketing_book.epub,preface acknowledgements preface acknowledgements,books
config_4582.json,,data
invoice_7559_globex.pdf,dear sir or madam invoice total due meeting agenda attendees,documents
podcast_ep10.mp3,,audio
server_main.go,,code
untitled_7821,,other
training_gardening.key,market opportunity pricing market opportunity pricing,presentations
calibre_2989.mobi,preface acknowledgements preface acknowledgements,books
birthday_2019.mp4,,videos
family_dinner.png,,images
lecture_marketing.mkv,,videos
backup_2017-07-14.zip,compressed archive contents compressed archive contents compressed archive contents compressed archive contents,archives
download_4686,,other
metrics_2015-07-08.json,"id,name,value id,name,value {""status"": ""ok"", ""items"": 42}",data
backup_2017-01-03.zip,compressed archive contents compressed archive contents compressed archive contents,archives
voice_memo_5555.m4a,,audio
newfile_6546,,other
birthday_2015.mp4,,videos
config_8665.json,,data
server_main.go,function render props,code
inter_bold.ttf,,fonts
document1,,other
hours_tracking_9511.ods,budget forecast q1 sum of expenses budget forecast q1,spreadsheets
screenshot_2017-06-08.png,,images
customers_export.tsv,"id,name,value {""status"": ""ok"", ""items"": 42} id,name,value",data
banner_6101.ai,layer mask vector artboard layer mask vector artboard layer mask vector artboard layer mask vector artboard,design
report_draft_669.docx,meeting agenda attendees meeting agenda attendees agreement between parties,documents
pitch_deck_v7061.pptx,market opportunity pricing slide overview agenda market opportunity pricing market opportunity pricing,presentations
song_demo_2556.wav,,audio
song_demo_8807.wav,,audio
VID_1988.mp4,,videos
newfile_4872,,other
photos_archive_2025.tar.gz,compressed archive contents compressed archive contents compressed archive contents compressed archive contents,archives
hours_tracking_6882.ods,sum of expenses,spreadsheets
logo_draft_v2798.psd,layer mask vector artboard,design
expenses_may.xlsx,"column,values",spreadsheets
IMG_9784.jpg,,images
screenshot_2019-04-22.png,,images
marketing_book.epub,preface acknowledgements preface acknowledgements,books
report_draft_9816.docx,dear sir or madam,documents
meeting_notes_2021-03-27.txt,invoice total due invoice total due,documents
export_orders.csv,"{""status"": ""ok"", ""items"": 42} id,name,value {""status"": ""ok"", ""items"": 42}",data
grotesk_medium.woff2,,fonts
banner_5116.ai,,design
photos_archive_2026.tar.gz,compressed archive contents,archives
document1,,other
calibre_4658.mobi,chapter one it was a preface acknowledgements preface acknowledgements,books
wireframes_841.fig,layer mask vector artboard,design
quarterly_review_q1.pptx,,presentations
calibre_4799.mobi,chapter one it was a chapter one it was a,books
inter_bold.ttf,,fonts
untitled_8312,,other
inter_bold.ttf,,fonts
gothic_5966.otf,,fonts
banner_5487.ai,,design
calibre_4897.mobi,chapter one it was a preface acknowledgements,books
banner_1087.ai,layer mask vector artboard layer mask vector artboard layer mask vector artboard,design
screenshot_2017-01-22.png,,images
gothic_8727.otf,,fonts
expenses_apr.xlsx,"column,values sum of expenses budget forecast q1",spreadsheets
styles_main.css,export default component export default component,code
export_events.csv,"{""status"": ""ok"", ""items"": 42}",data
untitled_6224,,other
pitch_deck_v1772.pptx,,presentations
banner_3418.ai,layer mask vector artboard layer mask vector artboard layer mask vector artboard,design
calibre_1627.mobi,chapter one it was a preface acknowledgements preface acknowledgements,books
gardening_book.epub,preface acknowledgements,books
birthday_2017.mp4,,videos
screenshot_2025-10-09.png,,images
drone_flight_mountains.mov,,videos
scan_doc4564.jpg,,images
vacation_beach.jpeg,,images
styles_main.css,import pandas as pd export default component function render props import pandas as pd,code
query_runner.py,import pandas as pd function render props,code
cooking_book.epub,,books
song_demo_5359.wav,,audio
wireframes_3269.fig,layer mask vector artboard layer mask vector artboard,design
podcast_ep1417.mp3,,audio
photos_archive_2024.tar.gz,compressed archive contents compressed archive contents compressed archive contents,archives
manual_v2108.pdf,dear sir or madam agreement between parties invoice total due invoice total due,documents
drone_flight_lake.mov,,videos
gothic_1897.otf,,fonts
manual_v8111.pdf,invoice total due,documents
vacation_lake.jpeg,,images
metrics_2018-04-01.json,,data
podcast_ep7453.mp3,,audio
budget_2020.xlsx,"column,values budget forecast q1",spreadsheets
screenshot_2022-01-23.png,,images
birthday_2018.mp4,,videos
budget_2021.xlsx,,spreadsheets
utils_1749.py,import pandas as pd import pandas as pd export default component function render props,code
marketing_book.epub,preface acknowledgements,books
screenshot_2018-10-24.png,,images
photos_archive_2020.tar.gz,compressed archive contents compressed archive contents,archives
utils_2010.py,,code
wireframes_4076.fig,layer mask vector artboard layer mask vector artboard layer mask vector artboard layer mask vector artboard,design
wireframes_6799.fig,layer mask vector artboard layer mask vector artboard,design
birthday_2018.mp4,,videos
family_graduation.png,,images
meeting_notes_2021-10-06.txt,agreement between parties invoice total due invoice total due invoice total due,documents
VID_8281.mp4,,videos
grotesk_medium.woff2,,fonts
marketing_book.epub,preface acknowledgements,books
logo_draft_v4432.psd,layer mask vector artboard,design
logo_draft_v2257.psd,layer mask vector artboard layer mask vector artboard,design
hours_tracking_5818.ods,"sum of expenses budget forecast q1 column,values sum of expenses",spreadsheets
project_export_3137.7z,,archives
utils_6884.py,function render props function render props import pandas as pd,code
server_main.go,function render props function render props import pandas as pd,code
untitled_5772,,other
export_orders.csv,"id,name,value id,name,value {""status"": ""ok"", ""items"": 42}",data
inter_bold.ttf,,fonts
gothic_2820.otf,,fonts
gothic_8883.otf,,fonts
training_cooking.key,,presentations
customers_export.tsv,"{""status"": ""ok"", ""items"": 42}",data
untitled_4175,,other
project_export_6672.7z,,archives
untitled_7767,,other
metrics_2019-03-09.json,"{""status"": ""ok"", ""items"": 42} id,name,value {""status"": ""ok"", ""items"": 42}",data
calibre_7119.mobi,,books
lecture_history.mkv,,videos
logo_draft_v8225.psd,layer mask vector artboard,design
download_1351,,other
song_demo_7020.wav,,audio
grotesk_medium.woff2,,fonts
calibre_2655.mobi,chapter one it was a chapter one it was a preface acknowledgements chapter one it was a,books
document1,,other
voice_memo_4817.m4a,,audio
VID_4618.mp4,,videos
newfile_7339,,other
banner_6852.ai,layer mask vector artboard layer mask vector artboard layer mask vector artboard layer mask vector artboard,design
invoice_9516_acme.pdf,invoice total due invoice total due dear sir or madam,documents
logo_draft_v1719.psd,layer mask vector artboard,design
styles_main.css,,code
project_export_6201.7z,compressed archive contents compressed archive contents compressed archive contents,archives
customers_export.tsv,"{""status"": ""ok"", ""items"": 42} {""status"": ""ok"", ""items"": 42} id,name,value id,name,value",data
lecture_gardening.mkv,,videos
budget_2021.xlsx,"sum of expenses column,values budget forecast q1 budget forecast q1",spreadsheets
untitled_4986,,other
banner_9771.ai,,design
utils_842.py,import pandas as pd function render props export default component,code
grotesk_medium.woff2,,fonts
gardening_book.epub,,books
project_export_2583.7z,compressed archive contents compressed archive contents,archives
backup_2024-03-16.zip,,archives
logo_draft_v3171.psd,,design
wireframes_7317.fig,layer mask vector artboard,design
project_export_7129.7z,compressed archive contents,archives
lecture_physics.mkv,,videos
IMG_2387.jpg,,images
newfile_6284,,other
manual_v2881.pdf,meeting agenda attendees invoice total due agreement between parties agreement between parties,documents
wireframes_1062.fig,,design
calibre_4755.mobi,,books
server_main.go,function render props export default component function render props import pandas as pd,code
pitch_deck_v4374.pptx,slide overview agenda slide overview agenda,presentations
photos_archive_2023.tar.gz,compressed archive contents compressed archive contents compressed archive contents compressed archive contents,archives
untitled_1841,,other
drone_flight_city.mov,,videos
app_component_4109.tsx,export default component import pandas as pd,code
lecture_marketing.mkv,,videos
grotesk_medium.woff2,,fonts
logo_draft_v8716.psd,layer mask vector artboard layer mask vector artboard,design
pitch_deck_v951.pptx,slide overview agenda slide overview agenda market opportunity pricing,presentations
untitled_7504,,other
vacation_lake.jpeg,,images
gothic_6259.otf,,fonts
expenses_may.xlsx,"budget forecast q1 budget forecast q1 column,values sum of expenses",spreadsheets
grotesk_medium.woff2,,fonts
VID_780.mp4,,videos
budget_2022.xlsx,budget forecast q1 budget forecast q1,spreadsheets
lecture_gardening.mkv,,videos
receipt_6528.pdf,invoice total due invoice total due,documents
customers_export.tsv,"{""status"": ""ok"", ""items"": 42}",data
backup_2023-04-09.zip,,archives
interview_recording_3138.flac,,audio
server_main.go,,code
grotesk_medium.woff2,,fonts
hours_tracking_162.ods,,spreadsheets
calibre_4010.mobi,,books
lecture_cooking.mkv,,videos
vacation_city.jpeg,,images
pitch_deck_v5966.pptx,market opportunity pricing slide overview agenda slide overview agenda market opportunity pricing,presentations
podcast_ep6879.mp3,,audio
logo_draft_v4954.psd,layer mask vector artboard layer mask vector artboard,design
cooking_book.epub,preface acknowledgements chapter one it was a chapter one it was a preface acknowledgements,books
download_4581,,other
quarterly_review_q4.pptx,slide overview agenda,presentations
podcast_ep3250.mp3,,audio
drone_flight_lake.mov,,videos
inter_bold.ttf,,fonts
training_marketing.key,market opportunity pricing slide overview agenda market opportunity pricing market opportunity pricing,presentations
quarterly_review_q1.pptx,slide overview agenda market opportunity pricing market opportunity pricing slide overview agenda,presentations
logo_draft_v7470.psd,,design
export_users.csv,,data
inter_bold.ttf,,fonts
IMG_6980.jpg,,images
project_export_4574.7z,compressed archive contents compressed archive contents compressed archive contents,archives
project_export_4857.7z,compressed archive contents compressed archive contents,archives
budget_2015.xlsx,"sum of expenses budget forecast q1 column,values",spreadsheets
pitch_deck_v6565.pptx,market opportunity pricing,presentations
letter_to_acme.txt,invoice total due dear sir or madam meeting agenda attendees,documents
budget_2018.xlsx,,spreadsheets
download_9503,,other
photos_archive_2018.tar.gz,compressed archive contents compressed archive contents compressed archive contents compressed archive contents,archives
inter_bold.ttf,,fonts
vacation_city.jpeg,,images
lecture_marketing.mkv,,videos
VID_2245.mp4,,videos
styles_main.css,,code
server_main.go,import pandas as pd import pandas as pd,code
utils_6922.py,export default component export default component import pandas as pd,code
banner_1445.ai,layer mask vector artboard layer mask vector artboard,design
letter_to_acme.txt,,documents
export_users.csv,,data
grotesk_medium.woff2,,fonts
untitled_668,,other
document1,,other
lease_agreement_2011.pdf,meeting agenda attendees,documents
birthday_2026.mp4,,videos
grotesk_medium.woff2,,fonts
receipt_6110.pdf,agreement between parties agreement between parties,documents
meeting_notes_2023-03-28.txt,dear sir or madam dear sir or madam invoice total due dear sir or madam,documents
resume_alex_patel.docx,,documents
budget_2020.xlsx,"column,values sum of expenses budget forecast q1",spreadsheets
drone_flight_lake.mov,,videos
banner_150.ai,,design
calibre_3123.mobi,,books
physics_book.epub,,books
gardening_book.epub,chapter one it was a,books
lecture_marketing.mkv,,videos
untitled_3831,,other
expenses_jan.xlsx,"column,values",spreadsheets
grotesk_medium.woff2,,fonts
export_events.csv,"id,name,value {""status"": ""ok"", ""items"": 42} {""status"": ""ok"", ""items"": 42} {""status"": ""ok"", ""items"": 42}",data
newfile_6068,,other
calibre_2096.mobi,,books
lease_agreement_4917.pdf,meeting agenda attendees,documents
calibre_2893.mobi,preface acknowledgements preface acknowledgements preface acknowledgements,books
inter_bold.ttf,,fonts
training_cooking.key,,presentations
drone_flight_lake.mov,,videos
screenshot_2015-04-01.png,,images
lease_agreement_7932.pdf,meeting agenda attendees,documents
budget_2017.xlsx,,spreadsheets
letter_to_globex.txt,meeting agenda attendees agreement between parties,documents
podcast_ep6534.mp3,,audio
app_component_1316.tsx,import pandas as pd export default component,code
project_export_5587.7z,compressed archive contents compressed archive contents compressed archive contents compressed archive contents,archives
training_physics.key,market opportunity pricing,presentations
gothic_3186.otf,,fonts
utils_3183.py,export default component import pandas as pd export default component,code
config_738.json,"{""status"": ""ok"", ""items"": 42} {""status"": ""ok"", ""items"": 42}",data
song_demo_529.wav,,audio
backup_2023-03-11.zip,compressed archive contents,archives
hours_tracking_8044.ods,,spreadsheets
expenses_jan.xlsx,"column,values column,values sum of expenses column,values",spreadsheets
hours_tracking_429.ods,budget forecast q1 sum of expenses sum of expenses sum of expenses,spreadsheets
interview_recording_5569.flac,,audio
export_orders.csv,"{""status"": ""ok"", ""items"": 42} {""status"": ""ok"", ""items"": 42}",data
gothic_1817.otf,,fonts
config_9453.json,"id,name,value",data
quarterly_review_q3.pptx,slide overview agenda,presentations
screenshot_2018-07-06.png,,images
pitch_deck_v3688.pptx,slide overview agenda,presentations
screenshot_2026-03-19.png,,images
invoice_6715_hooli.pdf,agreement between parties,documents
scan_doc4633.jpg,,images
download_6827,,other
VID_4644.mp4,,videos
birthday_2020.mp4,,videos
gardening_book.epub,preface acknowledgements chapter one it was a,books
photos_archive_2026.tar.gz,compressed archive contents compressed archive contents,archives
styles_main.css,import pandas as pd,code
scan_doc3594.jpg,,images
resume_alex_patel.docx,invoice total due dear sir or madam dear sir or madam,documents
logo_draft_v1483.psd,layer mask vector artboard layer mask vector artboard layer mask vector artboard,design
training_marketing.key,market opportunity pricing slide overview agenda slide overview agenda slide overview agenda,presentations
grotesk_medium.woff2,,fonts
birthday_2020.mp4,,videos
calibre_5565.mobi,preface acknowledgements chapter one it was a chapter one it was a,books
IMG_7861.jpg,,images
training_physics.key,slide overview agenda slide overview agenda market opportunity pricing market opportunity pricing,presentations
gothic_1431.otf,,fonts
backup_2017-05-26.zip,compressed archive contents,archives
interview_recording_9957.flac,,audio
backup_2019-08-08.zip,,archives
receipt_4406.pdf,meeting agenda attendees agreement between parties agreement between parties,documents
wireframes_4379.fig,layer mask vector artboard,design
photos_archive_2019.tar.gz,compressed archive contents compressed archive contents compressed archive contents,archives
screenshot_2023-04-15.png,,images
budget_2015.xlsx,"sum of expenses sum of expenses column,values",spreadsheets
birthday_2016.mp4,,videos
pitch_deck_v2481.pptx,slide overview agenda slide overview agenda market opportunity pricing,presentations
meeting_notes_2016-10-18.txt,dear sir or madam meeting agenda attendees meeting agenda attendees invoice total due,documents
quarterly_review_q1.pptx,market opportunity pricing,presentations
newfile_6177,,other
wireframes_193.fig,layer mask vector artboard layer mask vector artboard layer mask vector artboard layer mask vector artboard,design
project_export_6132.7z,compressed archive contents compressed archive contents,archives
wireframes_2294.fig,layer mask vector artboard layer mask vector artboard layer mask vector artboard,design
expenses_mar.xlsx,sum of expenses,spreadsheets
letter_to_initech.txt,meeting agenda attendees invoice total due meeting agenda attendees meeting agenda attendees,documents
newfile_363,,other
project_export_6380.7z,,archives
interview_recording_2892.flac,,audio
calibre_5048.mobi,preface acknowledgements chapter one it was a,books
hours_tracking_4479.ods,"budget forecast q1 sum of expenses column,values",spreadsheets
config_1764.json,,data
hours_tracking_1118.ods,"sum of expenses column,values",spreadsheets
family_trip.png,,images
family_trip.png,,images
config_9346.json,"id,name,value id,name,value {""status"": ""ok"", ""items"": 42} id,name,value",data
newfile_9211,,other
family_dinner.png,,images
config_717.json,"id,name,value {""status"": ""ok"", ""items"": 42} {""status"": ""ok"", ""items"": 42} {""status"": ""ok"", ""items"": 42}",data
customers_export.tsv,"id,name,value id,name,value id,name,value",data
physics_book.epub,preface acknowledgements,books
VID_5011.mp4,,videos
newfile_4262,,other
report_draft_6257.docx,meeting agenda attendees dear sir or madam invoice total due agreement between parties,documents
inter_bold.ttf,,fonts
banner_1376.ai,layer mask vector artboard layer mask vector artboard layer mask vector artboard,design
song_demo_5595.wav,,audio
training_physics.key,slide overview agenda,presentations
vacation_mountains.jpeg,,images
backup_2019-12-08.zip,compressed archive contents compressed archive contents,archives
config_8391.json,"{""status"": ""ok"", ""items"": 42} id,name,value",data
project_export_701.7z,compressed archive contents compressed archive contents compressed archive contents,archives
drone_flight_lake.mov,,videos
IMG_6390.jpg,,images
screenshot_2016-09-22.png,,images
photos_archive_2015.tar.gz,compressed archive contents compressed archive contents compressed archive contents compressed archive contents,archives
download_3206,,other
wireframes_9418.fig,layer mask vector artboard layer mask vector artboard,design
quarterly_review_q3.pptx,market opportunity pricing,presentations
inter_bold.ttf,,fonts
report_draft_4273.docx,,documents
expenses_apr.xlsx,"sum of expenses budget forecast q1 column,values budget forecast q1",spreadsheets
query_runner.py,,code
calibre_2527.mobi,preface acknowledgements chapter one it was a,books
app_component_703.tsx,export default component import pandas as pd,code
VID_6700.mp4,,videos
budget_2026.xlsx,"sum of expenses budget forecast q1 column,values",spreadsheets
training_cooking.key,market opportunity pricing slide overview agenda market opportunity pricing,presentations
newfile_5926,,other
VID_6922.mp4,,videos
expenses_apr.xlsx,"column,values sum of expenses",spreadsheets
IMG_8037.jpg,,images
calibre_8787.mobi,preface acknowledgements preface acknowledgements chapter one it was a,books
app_component_3913.tsx,import pandas as pd import pandas as pd import pandas as pd export default component,code
IMG_2778.jpg,,images
calibre_8339.mobi,chapter one it was a preface acknowledgements,books
quarterly_review_q3.pptx,,presentations
screenshot_2025-08-08.png,,images
training_cooking.key,slide overview agenda market opportunity pricing,presentations
VID_9617.mp4,,videos
export_events.csv,"{""status"": ""ok"", ""items"": 42}",data
meeting_notes_2021-05-04.txt,meeting agenda attendees,documents
cooking_book.epub,chapter one it was a preface acknowledgements preface acknowledgements,books
gothic_6530.otf,,fonts
export_events.csv,"{""status"": ""ok"", ""items"": 42} {""status"": ""ok"", ""items"": 42}",data
interview_recording_3766.flac,,audio
lease_agreement_3146.pdf,,documents
untitled_7914,,other
calibre_6420.mobi,,books
utils_5245.py,import pandas as pd import pandas as pd,code
banner_9016.ai,,design
history_book.epub,chapter one it was a chapter one it was a preface acknowledgements,books
gothic_1221.otf,,fonts
lecture_cooking.mkv,,videos
config_8433.json,,data
vacation_city.jpeg,,images
gothic_3028.otf,,fonts
song_demo_1361.wav,,audio
gardening_book.epub,,books
song_demo_4837.wav,,audio
wireframes_9900.fig,layer mask vector artboard layer mask vector artboard layer mask vector artboard layer mask vector artboard,design
metrics_2023-07-02.json,,data
training_marketing.key,slide overview agenda market opportunity pricing market opportunity pricing,presentations
config_575.json,"{""status"": ""ok"", ""items"": 42} {""status"": ""ok"", ""items"": 42} id,name,value {""status"": ""ok"", ""items"": 42}",data
app_component_8856.tsx,export default component import pandas as pd,code
quarterly_review_q1.pptx,market opportunity pricing,presentations
expenses_may.xlsx,,spreadsheets
untitled_7959,,other
IMG_9788.jpg,,images
manual_v4738.pdf,,documents
quarterly_review_q1.pptx,slide overview agenda,presentations
calibre_1028.mobi,chapter one it was a chapter one it was a chapter one it was a preface acknowledgements,books
gothic_1261.otf,,fonts
logo_draft_v8810.psd,,design
utils_9261.py,export default component,code
hours_tracking_5.ods,budget forecast q1 sum of expenses budget forecast q1,spreadsheets
styles_main.css,function render props import pandas as pd export default component,code
letter_to_umbrella.txt,invoice total due meeting agenda attendees,documents
vacation_lake.jpeg,,images
server_main.go,function render props,code
gothic_4737.otf,,fonts
screenshot_2023-02-05.png,,images
drone_flight_beach.mov,,videos
backup_2022-04-22.zip,,archives
config_1402.json,"{""status"": ""ok"", ""items"": 42}",data
interview_recording_4232.flac,,audio
podcast_ep6337.mp3,,audio
document1,,other
document1,,other
grotesk_medium.woff2,,fonts
voice_memo_7235.m4a,,audio
VID_9884.mp4,,videos
backup_2024-01-10.zip,,archives
VID_4937.mp4,,videos
lecture_gardening.mkv,,videos
wireframes_5322.fig,layer mask vector artboard,design
project_export_4867.7z,compressed archive contents compressed archive contents,archives
physics_book.epub,chapter one it was a preface acknowledgements chapter one it was a,books
metrics_2018-10-27.json,"id,name,value id,name,value",data
voice_memo_6488.m4a,,audio
budget_2018.xlsx,"budget forecast q1 column,values budget forecast q1 column,values",spreadsheets
invoice_5308_acme.pdf,agreement between parties agreement between parties,documents
interview_recording_5242.flac,,audio
grotesk_medium.woff2,,fonts
gothic_8713.otf,,fonts
download_5778,,other
pitch_deck_v5822.pptx,,presentations
untitled_5111,,other
receipt_2647.pdf,agreement between parties agreement between parties agreement between parties,documents
hours_tracking_766.ods,budget forecast q1 sum of expenses,spreadsheets
calibre_758.mobi,,books
report_draft_8236.docx,invoice total due dear sir or madam invoice total due,documents
logo_draft_v6849.psd,layer mask vector artboard layer mask vector artboard,design
styles_main.css,function render props export default component function render props,code
inter_bold.ttf,,fonts
drone_flight_city.mov,,videos
project_export_4640.7z,compressed archive contents compressed archive contents compressed archive contents,archives
photos_archive_2016.tar.gz,compressed archive contents compressed archive contents compressed archive contents,archives
screenshot_2015-05-19.png,,images
app_component_2721.tsx,import pandas as pd function render props function render props,code
document1,,other
family_trip.png,,images
inter_bold.ttf,,fonts
expenses_jan.xlsx,"column,values column,values column,values sum of expenses",spreadsheets
hours_tracking_7022.ods,"column,values",spreadsheets
voice_memo_2613.m4a,,audio
birthday_2025.mp4,,videos
grotesk_medium.woff2,,fonts
training_physics.key,market opportunity pricing market opportunity pricing slide overview agenda market opportunity pricing,presentations
interview_recording_1384.flac,,audio
budget_2021.xlsx,"budget forecast q1 column,values",spreadsheets
inter_bold.ttf,,fonts
metrics_2015-02-04.json,"id,name,value {""status"": ""ok"", ""items"": 42} id,name,value id,name,value",data
budget_2024.xlsx,,spreadsheets
inter_bold.ttf,,fonts
training_physics.key,slide overview agenda slide overview agenda,presentations
backup_2023-03-18.zip,compressed archive contents compressed archive contents,archives
receipt_386.pdf,invoice total due agreement between parties agreement between parties,documents
server_main.go,import pandas as pd export default component export default component,code
calibre_8039.mobi,chapter one it was a,books
marketing_book.epub,chapter one it was a preface acknowledgements chapter one it was a preface acknowledgements,books
drone_flight_lake.mov,,videos
grotesk_medium.woff2,,fonts
customers_export.tsv,,data
expenses_jan.xlsx,budget forecast q1,spreadsheets
birthday_2021.mp4,,videos
drone_flight_mountains.mov,,videos
export_orders.csv,"{""status"": ""ok"", ""items"": 42} {""status"": ""ok"", ""items"": 42}",data
gardening_book.epub,preface acknowledgements preface acknowledgements preface acknowledgements,books
budget_2017.xlsx,"column,values budget forecast q1",spreadsheets
pitch_deck_v2076.pptx,slide overview agenda market opportunity pricing slide overview agenda,presentations
inter_bold.ttf,,fonts
photos_archive_2025.tar.gz,compressed archive contents compressed archive contents compressed archive contents compressed archive contents,archives
project_export_9776.7z,compressed archive contents compressed archive contents compressed archive contents,archives
download_6744,,other
training_marketing.key,slide overview agenda market opportunity pricing market opportunity pricing market opportunity pricing,presentations
voice_memo_1554.m4a,,audio
pitch_deck_v7777.pptx,market opportunity pricing market opportunity pricing market opportunity pricing slide overview agenda,presentations
untitled_6444,,other
project_export_3986.7z,,archives
song_demo_7340.wav,,audio
newfile_3851,,other
utils_748.py,import pandas as pd export default component,code
song_demo_5236.wav,,audio
config_1827.json,,data
grotesk_medium.woff2,,fonts
calibre_5477.mobi,chapter one it was a preface acknowledgements preface acknowledgements,books
manual_v7695.pdf,agreement between parties,documents
project_export_6265.7z,,archives
song_demo_4196.wav,,audio
backup_2020-06-02.zip,compressed archive contents compressed archive contents,archives
quarterly_review_q1.pptx,market opportunity pricing market opportunity pricing,presentations
download_2156,,other
calibre_4259.mobi,preface acknowledgements chapter one it was a chapter one it was a preface acknowledgements,books
calibre_3706.mobi,chapter one it was a,books
project_export_3820.7z,compressed archive contents compressed archive contents,archives
document1,,other
song_demo_2241.wav,,audio
quarterly_review_q4.pptx,market opportunity pricing market opportunity pricing market opportunity pricing,presentations
gothic_1648.otf,,fonts
pitch_deck_v2100.pptx,market opportunity pricing,presentations
hours_tracking_6072.ods,,spreadsheets
document1,,other
history_book.epub,preface acknowledgements preface acknowledgements chapter one it was a chapter one it was a,books
manual_v1968.pdf,,documents
cooking_book.epub,chapter one it was a preface acknowledgements chapter one it was a chapter one it was a,books
invoice_854_acme.pdf,agreement between parties dear sir or madam meeting agenda attendees agreement between parties,documents
resume_priya_patel.docx,meeting agenda attendees invoice total due,documents
IMG_2255.jpg,,images
IMG_6207.jpg,,images
physics_book.epub,preface acknowledgements preface acknowledgements,books
budget_2023.xlsx,budget forecast q1,spreadsheets
gothic_6271.otf,,fonts
cooking_book.epub,,books
pitch_deck_v6827.pptx,slide overview agenda,presentations
export_orders.csv,"id,name,value id,name,value id,name,value id,name,value",data
report_draft_1313.docx,meeting agenda attendees,documents
quarterly_review_q2.pptx,market opportunity pricing,presentations
screenshot_2020-08-26.png,,images
photos_archive_2019.tar.gz,compressed archive contents compressed archive contents compressed archive contents compressed archive contents,archives
calibre_4276.mobi,,books
family_graduation.png,,images
resume_jo_kim.docx,,documents
invoice_9940_hooli.pdf,invoice total due invoice total due,documents
lecture_cooking.mkv,,videos
logo_draft_v534.psd,layer mask vector artboard layer mask vector artboard layer mask vector artboard layer mask vector artboard,design
calibre_8973.mobi,chapter one it was a chapter one it was a preface acknowledgements preface acknowledgements,books
calibre_6682.mobi,chapter one it was a,books
cooking_book.epub,chapter one it was a,books
export_events.csv,,data
screenshot_2020-12-16.png,,images
expenses_mar.xlsx,"column,values sum of expenses budget forecast q1",spreadsheets
export_events.csv,,data
expenses_jun.xlsx,budget forecast q1,spreadsheets
grotesk_medium.woff2,,fonts
wireframes_8421.fig,layer mask vector artboard layer mask vector artboard layer mask vector artboard,design
photos_archive_2019.tar.gz,compressed archive contents compressed archive contents compressed archive contents,archives
styles_main.css,import pandas as pd,code
untitled_6632,,other
styles_main.css,export default component import pandas as pd,code
config_340.json,"id,name,value",data
manual_v7249.pdf,meeting agenda attendees,documents
calibre_1183.mobi,preface acknowledgements chapter one it was a preface acknowledgements,books
training_marketing.key,,presentations
photos_archive_2019.tar.gz,compressed archive contents compressed archive contents,archives
scan_doc7433.jpg,,images
scan_doc1711.jpg,,images
family_graduation.png,,images
inter_bold.ttf,,fonts
interview_recording_8104.flac,,audio
birthday_2024.mp4,,videos
podcast_ep1119.mp3,,audio
metrics_2017-01-04.json,"id,name,value",data
hours_tracking_2377.ods,,spreadsheets
gothic_809.otf,,fonts
training_cooking.key,,presentations
banner_343.ai,layer mask vector artboard,design
query_runner.py,import pandas as pd function render props export default component,code
resume_sam_kim.docx,invoice total due agreement between parties invoice total due agreement between parties,documents
lecture_physics.mkv,,videos
resume_alex_kim.docx,meeting agenda attendees invoice total due dear sir or madam,documents
inter_bold.ttf,,fonts
scan_doc6244.jpg,,images
expenses_mar.xlsx,"column,values sum of expenses",spreadsheets
metrics_2021-03-10.json,"{""status"": ""ok"", ""items"": 42} {""status"": ""ok"", ""items"": 42}",data
pitch_deck_v1174.pptx,market opportunity pricing market opportunity pricing slide overview agenda,presentations
gothic_5789.otf,,fonts
styles_main.css,function render props export default component,code
grotesk_medium.woff2,,fonts
document1,,other
query_runner.py,function render props export default component export default component,code
cooking_book.epub,chapter one it was a,books
scan_doc6196.jpg,,images
metrics_2025-08-23.json,"id,name,value id,name,value {""status"": ""ok"", ""items"": 42} {""status"": ""ok"", ""items"": 42}",data
IMG_4552.jpg,,images
backup_2026-06-20.zip,compressed archive contents compressed archive contents compressed archive contents compressed archive contents,archives
inter_bold.ttf,,fonts
wireframes_8183.fig,layer mask vector artboard layer mask vector artboard,design
podcast_ep6588.mp3,,audio
scan_doc7064.jpg,,images
export_orders.csv,"id,name,value {""status"": ""ok"", ""items"": 42} id,name,value id,name,value",data
inter_bold.ttf,,fonts
config_8490.json,"id,name,value {""status"": ""ok"", ""items"": 42} id,name,value {""status"": ""ok"", ""items"": 42}",data
wireframes_1440.fig,layer mask vector artboard layer mask vector artboard layer mask vector artboard,design
inter_bold.ttf,,fonts
vacation_beach.jpeg,,images
podcast_ep417.mp3,,audio
photos_archive_2025.tar.gz,compressed archive contents compressed archive contents compressed archive contents,archives
config_6449.json,"{""status"": ""ok"", ""items"": 42} id,name,value",data
training_history.key,,presentations
inter_bold.ttf,,fonts
budget_2019.xlsx,,spreadsheets
calibre_5051.mobi,,books
styles_main.css,export default component,code
logo_draft_v3187.psd,,design
letter_to_acme.txt,agreement between parties meeting agenda attendees,documents
wireframes_5848.fig,layer mask vector artboard,design
history_book.epub,chapter one it was a,books
expenses_feb.xlsx,,spreadsheets
inter_bold.ttf,,fonts
invoice_3936_globex.pdf,invoice total due meeting agenda attendees invoice total due invoice total due,documents
calibre_7781.mobi,chapter one it was a,books
calibre_6130.mobi,preface acknowledgements preface acknowledgements,books
server_main.go,import pandas as pd function render props,code
podcast_ep1173.mp3,,audio
backup_2017-02-10.zip,,archives
grotesk_medium.woff2,,fonts
vacation_lake.jpeg,,images
quarterly_review_q2.pptx,slide overview agenda market opportunity pricing market opportunity pricing slide overview agenda,presentations
pitch_deck_v1864.pptx,,presentations
screenshot_2026-04-23.png,,images
document1,,other
family_graduation.png,,images
calibre_63.mobi,preface acknowledgements,books
family_trip.png,,images
grotesk_medium.woff2,,fonts
cooking_book.epub,,books
inter_bold.ttf,,fonts
quarterly_review_q4.pptx,market opportunity pricing slide overview agenda,presentations
app_component_3444.tsx,import pandas as pd export default component,code
banner_827.ai,layer mask vector artboard layer mask vector artboard layer mask vector artboard,design
screenshot_2022-06-01.png,,images
banner_1065.ai,layer mask vector artboard layer mask vector artboard,design
interview_recording_6244.flac,,audio
config_9559.json,"id,name,value {""status"": ""ok"", ""items"": 42}",data
pitch_deck_v3468.pptx,,presentations
photos_archive_2024.tar.gz,compressed archive contents,archives
untitled_8538,,other
gothic_1930.otf,,fonts
pitch_deck_v3698.pptx,,presentations
gothic_7059.otf,,fonts
manual_v7708.pdf,invoice total due meeting agenda attendees,documents
quarterly_review_q4.pptx,market opportunity pricing slide overview agenda market opportunity pricing,presentations
wireframes_3410.fig,layer mask vector artboard,design
newfile_1636,,other
metrics_2018-06-26.json,"{""status"": ""ok"", ""items"": 42} {""status"": ""ok"", ""items"": 42} {""status"": ""ok"", ""items"": 42}",data
project_export_4086.7z,compressed archive contents compressed archive contents,archives
screenshot_2016-02-18.png,,images
budget_2018.xlsx,"column,values column,values sum of expenses column,values",spreadsheets
utils_8013.py,function render props function render props,code
resume_jo_garcia.docx,agreement between parties dear sir or madam,documents
quarterly_review_q1.pptx,,presentations
config_5619.json,"{""status"": ""ok"", ""items"": 42}",data
receipt_900.pdf,agreement between parties invoice total due invoice total due,documents
inter_bold.ttf,,fonts
inter_bold.ttf,,fonts
budget_2016.xlsx,sum of expenses budget forecast q1 sum of expenses,spreadsheets
wireframes_4974.fig,layer mask vector artboard,design
lecture_physics.mkv,,videos
physics_book.epub,preface acknowledgements,books
drone_flight_mountains.mov,,videos
invoice_6839_initech.pdf,agreement between parties,documents
drone_flight_mountains.mov,,videos
banner_2998.ai,,design
wireframes_6120.fig,layer mask vector artboard layer mask vector artboard,design
document1,,other
family_graduation.png,,images
project_export_5006.7z,compressed archive contents,archives
config_1828.json,"id,name,value",data
quarterly_review_q3.pptx,,presentations
inter_bold.ttf,,fonts
receipt_1140.pdf,agreement between parties,documents
logo_draft_v3118.psd,layer mask vector artboard layer mask vector artboard layer mask vector artboard layer mask vector artboard,design
IMG_7402.jpg,,images
voice_memo_1635.m4a,,audio
document1,,other
download_3358,,other
banner_4519.ai,layer mask vector artboard layer mask vector artboard layer mask vector artboard layer mask vector artboard,design
resume_sam_garcia.docx,agreement between parties agreement between parties meeting agenda attendees,documents
resume_jo_lee.docx,agreement between parties,documents
podcast_ep7068.mp3,,audio
vacation_mountains.jpeg,,images
utils_9367.py,,code
lecture_history.mkv,,videos
grotesk_medium.woff2,,fonts
backup_2020-01-09.zip,compressed archive contents compressed archive contents,archives
photos_archive_2020.tar.gz,compressed archive contents,archives
export_orders.csv,"id,name,value id,name,value",data
voice_memo_2841.m4a,,audio
photos_archive_2015.tar.gz,compressed archive contents,archives
grotesk_medium.woff2,,fonts
metrics_2018-09-17.json,"id,name,value",data
quarterly_review_q1.pptx,market opportunity pricing,presentations
document1,,other
expenses_may.xlsx,"column,values column,values sum of expenses",spreadsheets
receipt_7249.pdf,,documents
resume_sam_patel.docx,,documents
expenses_apr.xlsx,"column,values column,values budget forecast q1",spreadsheets
quarterly_review_q1.pptx,slide overview agenda slide overview agenda market opportunity pricing,presentations
photos_archive_2023.tar.gz,compressed archive contents compressed archive contents compressed archive contents compressed archive contents,archives
voice_memo_3455.m4a,,audio
wireframes_5906.fig,layer mask vector artboard,design
backup_2025-12-03.zip,compressed archive contents compressed archive contents compressed archive contents compressed archive contents,archives
banner_5431.ai,layer mask vector artboard layer mask vector artboard,design
photos_archive_2023.tar.gz,compressed archive contents compressed archive contents,archives
budget_2024.xlsx,"column,values column,values sum of expenses sum of expenses",spreadsheets
app_component_6786.tsx,,code
expenses_mar.xlsx,"column,values column,values budget forecast q1 column,values",spreadsheets
gothic_5584.otf,,fonts
birthday_2025.mp4,,videos
expenses_mar.xlsx,,spreadsheets
export_events.csv,"{""status"": ""ok"", ""items"": 42} {""status"": ""ok"", ""items"": 42} {""status"": ""ok"", ""items"": 42}",data
utils_1873.py,function render props export default component export default component function render props,code
receipt_5470.pdf,agreement between parties,documents
metrics_2021-04-12.json,"id,name,value",data
budget_2026.xlsx,,spreadsheets
gothic_5991.otf,,fonts
photos_archive_2017.tar.gz,compressed archive contents compressed archive contents compressed archive contents compressed archive contents,archives
backup_2020-03-13.zip,compressed archive contents compressed archive contents compressed archive contents compressed archive contents,archives
voice_memo_8673.m4a,,audio
pitch_deck_v8652.pptx,market opportunity pricing,presentations
config_3459.json,"id,name,value",data
calibre_9323.mobi,chapter one it was a,books
drone_flight_city.mov,,videos
resume_sam_patel.docx,agreement between parties meeting agenda attendees agreement between parties invoice total due,documents
untitled_1626,,other
interview_recording_5434.flac,,audio
lecture_cooking.mkv,,videos
config_3189.json,,data
logo_draft_v6005.psd,,design
song_demo_3509.wav,,audio
styles_main.css,import pandas as pd,code
untitled_683,,other
VID_3580.mp4,,videos
backup_2022-01-12.zip,compressed archive contents compressed archive contents,archives
training_cooking.key,slide overview agenda market opportunity pricing market opportunity pricing market opportunity pricing,presentations
family_trip.png,,images
manual_v9147.pdf,,documents
backup_2016-12-09.zip,compressed archive contents compressed archive contents compressed archive contents,archives
lecture_physics.mkv,,videos
receipt_5647.pdf,invoice total due agreement between parties,documents
utils_8285.py,export default component export default component,code
podcast_ep952.mp3,,audio
photos_archive_2026.tar.gz,compressed archive contents compressed archive contents compressed archive contents,archives
lease_agreement_2877.pdf,,documents
screenshot_2021-05-22.png,,images
training_history.key,slide overview agenda market opportunity pricing slide overview agenda market opportunity pricing,presentations
logo_draft_v7135.psd,layer mask vector artboard layer mask vector artboard layer mask vector artboard,design
pitch_deck_v7290.pptx,,presentations
calibre_870.mobi,,books
budget_2021.xlsx,"budget forecast q1 sum of expenses column,values",spreadsheets
calibre_7745.mobi,chapter one it was a,books
gardening_book.epub,,books
budget_2024.xlsx,"column,values budget forecast q1 column,values column,values",spreadsheets
app_component_6640.tsx,import pandas as pd function render props function render props import pandas as pd,code
app_component_9432.tsx,export default component export default component,code
letter_to_initech.txt,agreement between parties invoice total due,documents
calibre_5404.mobi,chapter one it was a,books
photos_archive_2020.tar.gz,compressed archive contents compressed archive contents compressed archive contents compressed archive contents,archives
vacation_mountains.jpeg,,images
marketing_book.epub,preface acknowledgements,books
server_main.go,function render props function render props,code
customers_export.tsv,,data
utils_7767.py,import pandas as pd export default component import pandas as pd import pandas as pd,code
download_3144,,other
interview_recording_4884.flac,,audio
hours_tracking_6940.ods,sum of expenses sum of expenses budget forecast q1,spreadsheets
wireframes_2578.fig,layer mask vector artboard,design
gardening_book.epub,preface acknowledgements chapter one it was a preface acknowledgements,books
birthday_2023.mp4,,videos
calibre_1496.mobi,preface acknowledgements,books
download_8139,,other
logo_draft_v2495.psd,layer mask vector artboard layer mask vector artboard layer mask vector artboard,design
hours_tracking_3912.ods,,spreadsheets
styles_main.css,function render props export default component import pandas as pd,code
expenses_jan.xlsx,"sum of expenses sum of expenses column,values budget forecast q1",spreadsheets
drone_flight_mountains.mov,,videos
grotesk_medium.woff2,,fonts
calibre_4978.mobi,chapter one it was a chapter one it was a,books
training_cooking.key,market opportunity pricing market opportunity pricing,presentations
calibre_2192.mobi,preface acknowledgements,books
training_cooking.key,slide overview agenda,presentations
training_history.key,slide overview agenda,presentations
budget_2019.xlsx,sum of expenses sum of expenses budget forecast q1,spreadsheets
project_export_3258.7z,,archives
pitch_deck_v3503.pptx,,presentations
expenses_feb.xlsx,"budget forecast q1 sum of expenses column,values sum of expenses",spreadsheets
family_graduation.png,,images
manual_v299.pdf,dear sir or madam agreement between parties meeting agenda attendees,documents
expenses_jun.xlsx,"budget forecast q1 column,values",spreadsheets
customers_export.tsv,"id,name,value {""status"": ""ok"", ""items"": 42}",data
vacation_beach.jpeg,,images
training_cooking.key,market opportunity pricing slide overview agenda market opportunity pricing slide overview agenda,presentations
metrics_2026-07-12.json,,data
VID_6424.mp4,,videos
report_draft_4654.docx,agreement between parties meeting agenda attendees,documents
expenses_jun.xlsx,"column,values column,values budget forecast q1",spreadsheets
expenses_apr.xlsx,"column,values budget forecast q1",spreadsheets
query_runner.py,function render props,code
logo_draft_v9462.psd,layer mask vector artboard layer mask vector artboard layer mask vector artboard,design
utils_1820.py,,code
podcast_ep955.mp3,,audio
lease_agreement_6091.pdf,dear sir or madam agreement between parties dear sir or madam invoice total due,documents
query_runner.py,import pandas as pd function render props function render props function render props,code
quarterly_review_q3.pptx,,presentations
backup_2018-03-22.zip,compressed archive contents compressed archive contents compressed archive contents compressed archive contents,archives
pitch_deck_v1283.pptx,slide overview agenda slide overview agenda market opportunity pricing,presentations
training_cooking.key,market opportunity pricing,presentations
budget_2017.xlsx,"column,values",spreadsheets
download_8921,,other
training_marketing.key,slide overview agenda slide overview agenda slide overview agenda,presentations
calibre_8196.mobi,preface acknowledgements,books
gothic_8414.otf,,fonts
podcast_ep3635.mp3,,audio
server_main.go,export default component import pandas as pd,code
document1,,other
wireframes_1472.fig,layer mask vector artboard layer mask vector artboard layer mask vector artboard,design
untitled_6624,,other
expenses_mar.xlsx,"column,values",spreadsheets
family_graduation.png,,images
calibre_6511.mobi,,books
backup_2018-01-03.zip,compressed archive contents compressed archive contents compressed archive contents,archives
lecture_gardening.mkv,,videos
customers_export.tsv,,data
pitch_deck_v4131.pptx,slide overview agenda,presentations
gothic_5866.otf,,fonts
server_main.go,,code
manual_v5935.pdf,agreement between parties,documents
calibre_6504.mobi,chapter one it was a,books
VID_9529.mp4,,videos
inter_bold.ttf,,fonts
expenses_jan.xlsx,,spreadsheets
vacation_beach.jpeg,,images
resume_jo_garcia.docx,dear sir or madam meeting agenda attendees,documents
utils_8235.py,export default component,code
cooking_book.epub,,books
untitled_8443,,other
quarterly_review_q2.pptx,market opportunity pricing market opportunity pricing,presentations
config_1115.json,"id,name,value id,name,value",data
banner_2695.ai,layer mask vector artboard,design
IMG_6966.jpg,,images
banner_7998.ai,layer mask vector artboard layer mask vector artboard,design
inter_bold.ttf,,fonts
song_demo_9212.wav,,audio
marketing_book.epub,preface acknowledgements chapter one it was a,books
pitch_deck_v5205.pptx,market opportunity pricing,presentations
resume_alex_lee.docx,meeting agenda attendees dear sir or madam,documents
meeting_notes_2015-10-05.txt,,documents
interview_recording_6093.flac,,audio
family_graduation.png,,images
screenshot_2017-03-17.png,,images
grotesk_medium.woff2,,fonts
pitch_deck_v7906.pptx,market opportunity pricing,presentations
metrics_2016-05-12.json,,data
lease_agreement_1164.pdf,agreement between parties agreement between parties,documents
download_9453,,other
wireframes_742.fig,,design
customers_export.tsv,,data
budget_2026.xlsx,"budget forecast q1 budget forecast q1 column,values budget forecast q1",spreadsheets
calibre_9486.mobi,chapter one it was a chapter one it was a preface acknowledgements,books
screenshot_2025-09-19.png,,images
scan_doc1640.jpg,,images
podcast_ep9525.mp3,,audio
export_orders.csv,"{""status"": ""ok"", ""items"": 42} id,name,value id,name,value id,name,value",data
family_graduation.png,,images
grotesk_medium.woff2,,fonts
vacation_mountains.jpeg,,images
family_dinner.png,,images
VID_7885.mp4,,videos
birthday_2023.mp4,,videos
family_trip.png,,images
VID_8066.mp4,,videos
export_events.csv,"id,name,value id,name,value {""status"": ""ok"", ""items"": 42}",data
download_9732,,other
podcast_ep3432.mp3,,audio
photos_archive_2024.tar.gz,compressed archive contents compressed archive contents,archives
untitled_6420,,other
family_graduation.png,,images
query_runner.py,function render props,code
IMG_4197.jpg,,images
expenses_may.xlsx,,spreadsheets
pitch_deck_v3914.pptx,,presentations
inter_bold.ttf,,fonts
voice_memo_5299.m4a,,audio
query_runner.py,function render props,code
quarterly_review_q3.pptx,market opportunity pricing market opportunity pricing slide overview agenda,presentations
styles_main.css,,code
gothic_254.otf,,fonts
pitch_deck_v4356.pptx,slide overview agenda market opportunity pricing slide overview agenda,presentations
calibre_6026.mobi,preface acknowledgements preface acknowledgements,books
calibre_783.mobi,chapter one it was a preface acknowledgements,books
marketing_book.epub,preface acknowledgements chapter one it was a,books
budget_2023.xlsx,"sum of expenses column,values budget forecast q1 sum of expenses",spreadsheets
server_main.go,export default component,code
hours_tracking_1438.ods,,spreadsheets
logo_draft_v6349.psd,,design
scan_doc7885.jpg,,images
budget_2026.xlsx,"sum of expenses sum of expenses column,values sum of expenses",spreadsheets
voice_memo_5141.m4a,,audio
drone_flight_city.mov,,videos
song_demo_5875.wav,,audio
export_orders.csv,"{""status"": ""ok"", ""items"": 42}",data
voice_memo_7466.m4a,,audio
song_demo_7323.wav,,audio
metrics_2023-01-04.json,"id,name,value id,name,value",data
podcast_ep7182.mp3,,audio
quarterly_review_q4.pptx,slide overview agenda market opportunity pricing slide overview agenda slide overview agenda,presentations
manual_v4037.pdf,dear sir or madam agreement between parties dear sir or madam dear sir or madam,documents
song_demo_3677.wav,,audio
meeting_notes_2017-07-23.txt,agreement between parties invoice total due dear sir or madam meeting agenda attendees,documents
gothic_8973.otf,,fonts
grotesk_medium.woff2,,fonts
gothic_3402.otf,,fonts
lecture_marketing.mkv,,videos
budget_2025.xlsx,"column,values budget forecast q1",spreadsheets
report_draft_2249.docx,agreement between parties agreement between parties invoice total due invoice total due,documents
expenses_may.xlsx,,spreadsheets
physics_book.epub,chapter one it was a preface acknowledgements preface acknowledgements chapter one it was a,books
calibre_7217.mobi,,books
download_2297,,other
grotesk_medium.woff2,,fonts
training_marketing.key,slide overview agenda,presentations
VID_7383.mp4,,videos
podcast_ep8605.mp3,,audio
VID_3405.mp4,,videos
project_export_694.7z,compressed archive contents,archives
calibre_7464.mobi,chapter one it was a preface acknowledgements,books
gothic_4835.otf,,fonts
banner_1324.ai,layer mask vector artboard layer mask vector artboard,design
expenses_jan.xlsx,sum of expenses,spreadsheets
expenses_jan.xlsx,,spreadsheets
lecture_marketing.mkv,,videos
family_graduation.png,,images
voice_memo_4965.m4a,,audio
utils_7624.py,import pandas as pd import pandas as pd,code
podcast_ep8239.mp3,,audio
drone_flight_mountains.mov,,videos
export_users.csv,"id,name,value id,name,value {""status"": ""ok"", ""items"": 42}",data
photos_archive_2024.tar.gz,compressed archive contents compressed archive contents compressed archive contents compressed archive contents,archives
scan_doc7370.jpg,,images
expenses_mar.xlsx,"column,values column,values",spreadsheets
quarterly_review_q4.pptx,market opportunity pricing market opportunity pricing slide overview agenda,presentations
VID_715.mp4,,videos
training_gardening.key,market opportunity pricing,presentations
budget_2025.xlsx,"sum of expenses budget forecast q1 column,values",spreadsheets
styles_main.css,export default component function render props,code
customers_export.tsv,"id,name,value {""status"": ""ok"", ""items"": 42}",data
scan_doc4468.jpg,,images
voice_memo_9758.m4a,,audio
query_runner.py,export default component function render props function render props,code
app_component_4800.tsx,function render props import pandas as pd export default component,code
server_main.go,function render props import pandas as pd import pandas as pd import pandas as pd,code
backup_2023-08-28.zip,compressed archive contents,archives
grotesk_medium.woff2,,fonts
export_users.csv,,data
app_component_7579.tsx,import pandas as pd export default component import pandas as pd import pandas as pd,code
project_export_3641.7z,compressed archive contents compressed archive contents compressed archive contents,archives
photos_archive_2018.tar.gz,compressed archive contents compressed archive contents compressed archive contents compressed archive contents,archives
scan_doc5287.jpg,,images
backup_2017-07-20.zip,compressed archive contents compressed archive contents compressed archive contents compressed archive contents,archives
project_export_2321.7z,compressed archive contents compressed archive contents,archives
scan_doc5682.jpg,,images
song_demo_9497.wav,,audio
photos_archive_2018.tar.gz,compressed archive contents compressed archive contents compressed archive contents,archives
pitch_deck_v4575.pptx,market opportunity pricing slide overview agenda market opportunity pricing slide overview agenda,presentations
customers_export.tsv,,data
budget_2019.xlsx,,spreadsheets
banner_6396.ai,layer mask vector artboard layer mask vector artboard,design
vacation_lake.jpeg,,images
banner_5269.ai,layer mask vector artboard layer mask vector artboard,design
physics_book.epub,,books
photos_archive_2025.tar.gz,compressed archive contents compressed archive contents,archives
server_main.go,import pandas as pd import pandas as pd import pandas as pd import pandas as pd,code
newfile_8810,,other
expenses_mar.xlsx,sum of expenses,spreadsheets
VID_7314.mp4,,videos
vacation_city.jpeg,,images
calibre_1664.mobi,preface acknowledgements,books
document1,,other
app_component_9394.tsx,import pandas as pd export default component function render props,code
screenshot_2019-07-01.png,,images
inter_bold.ttf,,fonts
logo_draft_v9878.psd,layer mask vector artboard layer mask vector artboard,design
meeting_notes_2023-01-03.txt,dear sir or madam agreement between parties invoice total due,documents
export_orders.csv,"id,name,value {""status"": ""ok"", ""items"": 42}",data
manual_v6123.pdf,,documents
budget_2020.xlsx,"column,values sum of expenses column,values",spreadsheets
drone_flight_mountains.mov,,videos
song_demo_5462.wav,,audio
logo_draft_v1808.psd,layer mask vector artboard layer mask vector artboard layer mask vector artboard layer mask vector artboard,design
birthday_2023.mp4,,videos
customers_export.tsv,"id,name,value id,name,value id,name,value id,name,value",data
photos_archive_2015.tar.gz,compressed archive contents compressed archive contents,archives
VID_8922.mp4,,videos
expenses_jan.xlsx,budget forecast q1 sum of expenses sum of expenses,spreadsheets
calibre_2684.mobi,chapter one it was a preface acknowledgements,books
grotesk_medium.woff2,,fonts
podcast_ep2211.mp3,,audio
budget_2016.xlsx,,spreadsheets
gothic_9862.otf,,fonts
logo_draft_v6350.psd,,design
banner_4596.ai,layer mask vector artboard layer mask vector artboard,design
lease_agreement_7747.pdf,meeting agenda attendees meeting agenda attendees meeting agenda attendees dear sir or madam,documents
project_export_2167.7z,compressed archive contents compressed archive contents compressed archive contents,archives
song_demo_8885.wav,,audio
customers_export.tsv,"{""status"": ""ok"", ""items"": 42}",data
expenses_jun.xlsx,sum of expenses,spreadsheets
family_dinner.png,,images
invoice_3968_globex.pdf,dear sir or madam dear sir or madam,documents
grotesk_medium.woff2,,fonts
banner_8028.ai,layer mask vector artboard,design
project_export_9958.7z,compressed archive contents compressed archive contents compressed archive contents,archives
budget_2026.xlsx,,spreadsheets
inter_bold.ttf,,fonts
wireframes_662.fig,,design
marketing_book.epub,,books
receipt_5573.pdf,invoice total due,documents
cooking_book.epub,preface acknowledgements,books
invoice_9054_initech.pdf,,documents
logo_draft_v2604.psd,layer mask vector artboard layer mask vector artboard layer mask vector artboard,design
config_8840.json,"id,name,value {""status"": ""ok"", ""items"": 42}",data
IMG_6597.jpg,,images
scan_doc6579.jpg,,images
podcast_ep5486.mp3,,audio
logo_draft_v7658.psd,layer mask vector artboard layer mask vector artboard layer mask vector artboard,design
styles_main.css,export default component import pandas as pd,code
podcast_ep8002.mp3,,audio
download_1516,,other
project_export_2688.7z,compressed archive contents compressed archive contents compressed archive contents compressed archive contents,archives
quarterly_review_q1.pptx,slide overview agenda,presentations
photos_archive_2021.tar.gz,,archives
quarterly_review_q4.pptx,slide overview agenda slide overview agenda slide overview agenda,presentations
photos_archive_2024.tar.gz,,archives
hours_tracking_3815.ods,"column,values column,values",spreadsheets
training_physics.key,,presentations
config_8099.json,"{""status"": ""ok"", ""items"": 42}",data
metrics_2020-08-08.json,,data
download_7376,,other
meeting_notes_2025-03-05.txt,dear sir or madam agreement between parties dear sir or madam,documents
voice_memo_1523.m4a,,audio
manual_v5832.pdf,dear sir or madam meeting agenda attendees invoice total due invoice total due,documents
download_5077,,other
birthday_2023.mp4,,videos
backup_2026-04-10.zip,compressed archive contents compressed archive contents compressed archive contents,archives
expenses_jun.xlsx,,spreadsheets
inter_bold.ttf,,fonts
calibre_4835.mobi,chapter one it was a chapter one it was a chapter one it was a preface acknowledgements,books
manual_v6324.pdf,invoice total due meeting agenda attendees dear sir or madam,documents
project_export_8880.7z,compressed archive contents,archives
backup_2016-11-19.zip,,archives
wireframes_8127.fig,layer mask vector artboard layer mask vector artboard layer mask vector artboard layer mask vector artboard,design
utils_599.py,export default component function render props,code
drone_flight_city.mov,,videos
physics_book.epub,chapter one it was a chapter one it was a preface acknowledgements chapter one it was a,books
expenses_jan.xlsx,budget forecast q1,spreadsheets
marketing_book.epub,preface acknowledgements preface acknowledgements preface acknowledgements,books
budget_2018.xlsx,budget forecast q1,spreadsheets
quarterly_review_q4.pptx,market opportunity pricing slide overview agenda,presentations
physics_book.epub,chapter one it was a preface acknowledgements,books
quarterly_review_q1.pptx,slide overview agenda,presentations
scan_doc281.jpg,,images
report_draft_3866.docx,invoice total due dear sir or madam meeting agenda attendees invoice total due,documents
server_main.go,function render props function render props import pandas as pd,code
drone_flight_lake.mov,,videos
grotesk_medium.woff2,,fonts
grotesk_medium.woff2,,fonts
scan_doc3320.jpg,,images
metrics_2021-05-17.json,"{""status"": ""ok"", ""items"": 42} id,name,value id,name,value",data
letter_to_hooli.txt,,documents
document1,,other
download_7494,,other
download_9573,,other
banner_2488.ai,layer mask vector artboard layer mask vector artboard,design
scan_doc9533.jpg,,images
export_orders.csv,"{""status"": ""ok"", ""items"": 42} {""status"": ""ok"", ""items"": 42} id,name,value {""status"": ""ok"", ""items"": 42}",data
project_export_1745.7z,compressed archive contents compressed archive contents compressed archive contents,archives
inter_bold.ttf,,fonts
download_1391,,other
screenshot_2025-08-13.png,,images
photos_archive_2018.tar.gz,compressed archive contents compressed archive contents compressed archive contents compressed archive contents,archives
backup_2015-12-25.zip,compressed archive contents,archives
pitch_deck_v7383.pptx,,presentations
gothic_7719.otf,,fonts
receipt_6557.pdf,dear sir or madam invoice total due,documents
voice_memo_9571.m4a,,audio
project_export_969.7z,compressed archive contents compressed archive contents compressed archive contents,archives
grotesk_medium.woff2,,fonts
interview_recording_6325.flac,,audio
meeting_notes_2022-08-05.txt,invoice total due meeting agenda attendees invoice total due,documents
calibre_1244.mobi,chapter one it was a preface acknowledgements preface acknowledgements preface acknowledgements,books
server_main.go,import pandas as pd export default component,code
download_2111,,other
physics_book.epub,preface acknowledgements preface acknowledgements,books
document1,,other
invoice_5225_hooli.pdf,agreement between parties invoice total due dear sir or madam,documents
lecture_gardening.mkv,,videos
backup_2020-06-10.zip,compressed archive contents compressed archive contents compressed archive contents compressed archive contents,archives
backup_2026-10-19.zip,compressed archive contents,archives
budget_2017.xlsx,"budget forecast q1 column,values sum of expenses budget forecast q1",spreadsheets
document1,,other
metrics_2023-12-14.json,"{""status"": ""ok"", ""items"": 42} id,name,value",data
untitled_8996,,other
logo_draft_v8861.psd,,design
customers_export.tsv,"id,name,value {""status"": ""ok"", ""items"": 42} {""status"": ""ok"", ""items"": 42} id,name,value",data
wireframes_2055.fig,layer mask vector artboard layer mask vector artboard layer mask vector artboard,design
logo_draft_v9287.psd,layer mask vector artboard layer mask vector artboard,design
document1,,other
training_physics.key,,presentations
voice_memo_2777.m4a,,audio
banner_7867.ai,,design
meeting_notes_2017-10-02.txt,meeting agenda attendees dear sir or madam agreement between parties,documents
wireframes_9097.fig,layer mask vector artboard,design
metrics_2018-02-26.json,"id,name,value id,name,value {""status"": ""ok"", ""items"": 42} {""status"": ""ok"", ""items"": 42}",data
report_draft_1357.docx,,documents
letter_to_initech.txt,dear sir or madam,documents
grotesk_medium.woff2,,fonts
calibre_7183.mobi,,books
document1,,other
training_history.key,market opportunity pricing slide overview agenda,presentations
project_export_3968.7z,compressed archive contents compressed archive contents,archives
download_3898,,other
query_runner.py,export default component export default component function render props import pandas as pd,code
receipt_6304.pdf,agreement between parties dear sir or madam dear sir or madam,documents
screenshot_2024-10-07.png,,images
gothic_1297.otf,,fonts
backup_2018-03-18.zip,compressed archive contents compressed archive contents,archives
voice_memo_5118.m4a,,audio
untitled_9749,,other
meeting_notes_2015-11-08.txt,,documents
screenshot_2018-04-18.png,,images
voice_memo_8614.m4a,,audio
drone_flight_beach.mov,,videos
customers_export.tsv,"id,name,value",data
calibre_7559.mobi,preface acknowledgements,books
hours_tracking_9482.ods,"sum of expenses column,values column,values",spreadsheets
song_demo_9383.wav,,audio
budget_2020.xlsx,budget forecast q1,spreadsheets
IMG_2850.jpg,,images
metrics_2019-09-19.json,"id,name,value",data
untitled_9203,,other
hours_tracking_857.ods,sum of expenses,spreadsheets
gothic_5798.otf,,fonts
untitled_4107,,other
interview_recording_1779.flac,,audio
customers_export.tsv,,data
gothic_8971.otf,,fonts
receipt_149.pdf,dear sir or madam invoice total due dear sir or madam meeting agenda attendees,documents
quarterly_review_q3.pptx,,presentations
IMG_5000.jpg,,images
cooking_book.epub,,books
VID_3951.mp4,,videos
download_7666,,other
server_main.go,function render props,code
drone_flight_city.mov,,videos
invoice_7640_umbrella.pdf,,documents
quarterly_review_q1.pptx,slide overview agenda market opportunity pricing,presentations
gardening_book.epub,chapter one it was a,books
VID_745.mp4,,videos
calibre_6398.mobi,preface acknowledgements,books
hours_tracking_3949.ods,"budget forecast q1 column,values column,values sum of expenses",spreadsheets
banner_8043.ai,layer mask vector artboard layer mask vector artboard,design
grotesk_medium.woff2,,fonts
project_export_3593.7z,,archives
hours_tracking_6771.ods,"column,values column,values sum of expenses",spreadsheets
pitch_deck_v6208.pptx,slide overview agenda market opportunity pricing slide overview agenda slide overview agenda,presentations
birthday_2018.mp4,,videos
training_gardening.key,,presentations
document1,,other
untitled_6323,,other
screenshot_2026-07-28.png,,images
budget_2024.xlsx,"column,values column,values column,values sum of expenses",spreadsheets
project_export_1285.7z,compressed archive contents,archives
lecture_cooking.mkv,,videos
logo_draft_v2073.psd,layer mask vector artboard layer mask vector artboard,design
untitled_7459,,other
IMG_5629.jpg,,images
IMG_8138.jpg,,images
screenshot_2017-06-26.png,,images
screenshot_2019-08-18.png,,images
report_draft_2325.docx,,documents
quarterly_review_q1.pptx,market opportunity pricing,presentations
training_gardening.key,slide overview agenda slide overview agenda slide overview agenda market opportunity pricing,presentations
metrics_2022-05-01.json,"id,name,value {""status"": ""ok"", ""items"": 42}",data
meeting_notes_2023-09-22.txt,,documents
utils_4234.py,function render props function render props export default component export default component,code
VID_5830.mp4,,videos
song_demo_7059.wav,,audio
calibre_5097.mobi,chapter one it was a preface acknowledgements chapter one it was a,books
inter_bold.ttf,,fonts
export_orders.csv,,data
quarterly_review_q3.pptx,slide overview agenda,presentations
gardening_book.epub,preface acknowledgements chapter one it was a,books
podcast_ep4752.mp3,,audio
banner_1290.ai,,design
screenshot_2026-08-17.png,,images
birthday_2017.mp4,,videos
expenses_apr.xlsx,"budget forecast q1 column,values budget forecast q1 budget forecast q1",spreadsheets
project_export_1433.7z,compressed archive contents compressed archive contents,archives
calibre_8701.mobi,chapter one it was a,books
utils_440.py,,code
podcast_ep8563.mp3,,audio
budget_2015.xlsx,budget forecast q1 budget forecast q1 budget forecast q1 sum of expenses,spreadsheets
untitled_272,,other
grotesk_medium.woff2,,fonts
banner_7908.ai,layer mask vector artboard layer mask vector artboard layer mask vector artboard layer mask vector artboard,design
grotesk_medium.woff2,,fonts
query_runner.py,import pandas as pd import pandas as pd export default component import pandas as pd,code
podcast_ep3849.mp3,,audio
project_export_571.7z,compressed archive contents compressed archive contents compressed archive contents,archives
server_main.go,function render props,code
history_book.epub,chapter one it was a chapter one it was a,books
inter_bold.ttf,,fonts
project_export_4661.7z,compressed archive contents,archives
podcast_ep6676.mp3,,audio
resume_wei_nova.docx,,documents
config_9973.json,"id,name,value {""status"": ""ok"", ""items"": 42}",data
birthday_2015.mp4,,videos
photos_archive_2023.tar.gz,compressed archive contents,archives
gardening_book.epub,preface acknowledgements preface acknowledgements preface acknowledgements,books
interview_recording_2770.flac,,audio
birthday_2018.mp4,,videos
newfile_4869,,other
family_trip.png,,images
voice_memo_837.m4a,,audio
styles_main.css,export default component,code
training_cooking.key,slide overview agenda slide overview agenda slide overview agenda slide overview agenda,presentations
physics_book.epub,,books
photos_archive_2025.tar.gz,compressed archive contents compressed archive contents compressed archive contents compressed archive contents,archives
drone_flight_mountains.mov,,videos
meeting_notes_2023-01-15.txt,,documents
pitch_deck_v292.pptx,market opportunity pricing market opportunity pricing,presentations
lecture_physics.mkv,,videos
pitch_deck_v4847.pptx,market opportunity pricing,presentations
song_demo_9544.wav,,audio
training_cooking.key,market opportunity pricing market opportunity pricing,presentations
training_marketing.key,slide overview agenda market opportunity pricing,presentations
wireframes_7084.fig,layer mask vector artboard layer mask vector artboard layer mask vector artboard,design
app_component_8437.tsx,export default component import pandas as pd export default component,code
config_1423.json,,data
customers_export.tsv,"id,name,value id,name,value {""status"": ""ok"", ""items"": 42}",data
IMG_4015.jpg,,images
banner_8382.ai,layer mask vector artboard layer mask vector artboard layer mask vector artboard,design
app_component_1532.tsx,function render props function render props function render props export default component,code
IMG_147.jpg,,images
podcast_ep1530.mp3,,audio
budget_2020.xlsx,"column,values sum of expenses",spreadsheets
wireframes_2154.fig,,design
training_gardening.key,market opportunity pricing market opportunity pricing,presentations
config_6745.json,,data
query_runner.py,,code
document1,,other
grotesk_medium.woff2,,fonts
backup_2019-02-01.zip,,archives
vacation_mountains.jpeg,,images
birthday_2025.mp4,,videos
budget_2017.xlsx,budget forecast q1,spreadsheets
customers_export.tsv,"id,name,value {""status"": ""ok"", ""items"": 42} id,name,value",data
backup_2023-09-06.zip,,archives
newfile_8691,,other
document1,,other
calibre_3901.mobi,preface acknowledgements chapter one it was a preface acknowledgements chapter one it was a,books
config_2257.json,"id,name,value",data
birthday_2017.mp4,,videos
app_component_5598.tsx,function render props function render props export default component import pandas as pd,code
pitch_deck_v4231.pptx,market opportunity pricing,presentations
gothic_5033.otf,,fonts
budget_2015.xlsx,"column,values column,values column,values budget forecast q1",spreadsheets
inter_bold.ttf,,fonts
grotesk_medium.woff2,,fonts
metrics_2023-02-28.json,"{""status"": ""ok"", ""items"": 42} {""status"": ""ok"", ""items"": 42} id,name,value id,name,value",data
IMG_475.jpg,,images
budget_2021.xlsx,,spreadsheets
quarterly_review_q1.pptx,slide overview agenda slide overview agenda,presentations
grotesk_medium.woff2,,fonts
drone_flight_lake.mov,,videos
report_draft_4826.docx,meeting agenda attendees invoice total due,documents
newfile_1952,,other
project_export_5726.7z,compressed archive contents compressed archive contents,archives
project_export_8934.7z,compressed archive contents compressed archive contents compressed archive contents,archives
training_gardening.key,market opportunity pricing slide overview agenda market opportunity pricing,presentations
birthday_2024.mp4,,videos
marketing_book.epub,preface acknowledgements,books
banner_3312.ai,layer mask vector artboard layer mask vector artboard layer mask vector artboard layer mask vector artboard,design
calibre_6338.mobi,chapter one it was a preface acknowledgements,books
meeting_notes_2025-10-15.txt,,documents
cooking_book.epub,preface acknowledgements,books
podcast_ep2624.mp3,,audio
birthday_2017.mp4,,videos
photos_archive_2018.tar.gz,,archives
song_demo_441.wav,,audio
hours_tracking_5499.ods,"sum of expenses column,values column,values column,values",spreadsheets
styles_main.css,import pandas as pd import pandas as pd export default component,code
calibre_2995.mobi,chapter one it was a chapter one it was a,books
training_cooking.key,slide overview agenda slide overview agenda slide overview agenda,presentations
lecture_gardening.mkv,,videos
logo_draft_v7706.psd,layer mask vector artboard layer mask vector artboard layer mask vector artboard layer mask vector artboard,design
logo_draft_v9347.psd,layer mask vector artboard layer mask vector artboard layer mask vector artboard,design
training_cooking.key,market opportunity pricing,presentations
grotesk_medium.woff2,,fonts
photos_archive_2018.tar.gz,,archives
podcast_ep5105.mp3,,audio
document1,,other
expenses_may.xlsx,,spreadsheets
vacation_city.jpeg,,images
query_runner.py,export default component function render props import pandas as pd function render props,code
quarterly_review_q1.pptx,,presentations
birthday_2015.mp4,,videos
calibre_752.mobi,chapter one it was a preface acknowledgements preface acknowledgements,books
quarterly_review_q4.pptx,slide overview agenda market opportunity pricing market opportunity pricing slide overview agenda,presentations
podcast_ep6225.mp3,,audio
screenshot_2015-05-06.png,,images
metrics_2026-11-17.json,"id,name,value id,name,value id,name,value",data
IMG_9141.jpg,,images
newfile_9425,,other
quarterly_review_q4.pptx,market opportunity pricing market opportunity pricing slide overview agenda,presentations
vacation_city.jpeg,,images
pitch_deck_v6968.pptx,,presentations
hours_tracking_7001.ods,"column,values budget forecast q1",spreadsheets
export_users.csv,,data
untitled_4034,,other
meeting_notes_2025-09-04.txt,dear sir or madam dear sir or madam invoice total due,documents
physics_book.epub,preface acknowledgements preface acknowledgements,books
gardening_book.epub,preface acknowledgements preface acknowledgements preface acknowledgements,books
calibre_9332.mobi,preface acknowledgements preface acknowledgements chapter one it was a chapter one it was a,books
wireframes_1196.fig,layer mask vector artboard layer mask vector artboard layer mask vector artboard layer mask vector artboard,design
invoice_5921_umbrella.pdf,,documents
document1,,other
grotesk_medium.woff2,,fonts
banner_217.ai,layer mask vector artboard,design
config_7923.json,"id,name,value {""status"": ""ok"", ""items"": 42} id,name,value id,name,value",data
download_7376,,other
backup_2022-04-12.zip,compressed archive contents,archives
quarterly_review_q3.pptx,slide overview agenda slide overview agenda slide overview agenda,presentations
metrics_2023-12-06.json,,data
lecture_cooking.mkv,,videos
backup_2019-03-25.zip,compressed archive contents compressed archive contents compressed archive contents,archives
song_demo_4726.wav,,audio
expenses_apr.xlsx,"column,values budget forecast q1",spreadsheets
drone_flight_lake.mov,,videos
photos_archive_2017.tar.gz,compressed archive contents,archives
report_draft_2759.docx,dear sir or madam dear sir or madam invoice total due meeting agenda attendees,documents
lecture_history.mkv,,videos
grotesk_medium.woff2,,fonts
scan_doc4065.jpg,,images
metrics_2019-06-03.json,"id,name,value id,name,value id,name,value",data
newfile_6111,,other
calibre_6580.mobi,chapter one it was a preface acknowledgements,books
voice_memo_9964.m4a,,audio
expenses_jun.xlsx,"budget forecast q1 column,values budget forecast q1",spreadsheets
inter_bold.ttf,,fonts
podcast_ep8058.mp3,,audio
invoice_5582_acme.pdf,,documents
report_draft_9639.docx,invoice total due dear sir or madam meeting agenda attendees meeting agenda attendees,documents
screenshot_2025-01-16.png,,images
expenses_may.xlsx,,spreadsheets
song_demo_97.wav,,audio
document1,,other
calibre_6108.mobi,preface acknowledgements,books
config_7559.json,,data
banner_6893.ai,layer mask vector artboard layer mask vector artboard layer mask vector artboard,design
inter_bold.ttf,,fonts
export_users.csv,,data
document1,,other
VID_2819.mp4,,videos
styles_main.css,export default component function render props,code
wireframes_4449.fig,layer mask vector artboard,design
pitch_deck_v3005.pptx,slide overview agenda slide overview agenda slide overview agenda,presentations
gothic_9291.otf,,fonts
voice_memo_6713.m4a,,audio
calibre_621.mobi,preface acknowledgements,books
VID_8652.mp4,,videos
hours_tracking_7272.ods,budget forecast q1,spreadsheets
inter_bold.ttf,,fonts
app_component_8606.tsx,import pandas as pd import pandas as pd export default component,code
voice_memo_789.m4a,,audio
logo_draft_v4209.psd,layer mask vector artboard,design
export_events.csv,,data
song_demo_5295.wav,,audio
cooking_book.epub,,books
song_demo_9662.wav,,audio
calibre_5434.mobi,,books
physics_book.epub,,books
invoice_2658_hooli.pdf,agreement between parties agreement between parties,documents
pitch_deck_v2268.pptx,,presentations
document1,,other
backup_2015-04-10.zip,compressed archive contents,archives
drone_flight_beach.mov,,videos
wireframes_7483.fig,,design
scan_doc6005.jpg,,images
styles_main.css,import pandas as pd import pandas as pd,code
calibre_9011.mobi,chapter one it was a chapter one it was a,books
export_users.csv,"id,name,value id,name,value",data
voice_memo_9636.m4a,,audio
untitled_5803,,other
letter_to_umbrella.txt,agreement between parties agreement between parties agreement between parties invoice total due,documents
document1,,other
calibre_8390.mobi,,books
interview_recording_3027.flac,,audio
history_book.epub,,books
grotesk_medium.woff2,,fonts
server_main.go,import pandas as pd import pandas as pd export default component,code
expenses_may.xlsx,"sum of expenses column,values",spreadsheets
wireframes_7301.fig,,design
voice_memo_5238.m4a,,audio
styles_main.css,export default component function render props function render props function render props,code
document1,,other
download_8848,,other
quarterly_review_q4.pptx,market opportunity pricing slide overview agenda slide overview agenda,presentations
song_demo_8906.wav,,audio
hours_tracking_575.ods,"sum of expenses budget forecast q1 sum of expenses column,values",spreadsheets
banner_8854.ai,layer mask vector artboard layer mask vector artboard,design
quarterly_review_q2.pptx,market opportunity pricing,presentations
budget_2023.xlsx,"budget forecast q1 column,values budget forecast q1 column,values",spreadsheets
hours_tracking_1877.ods,,spreadsheets
styles_main.css,export default component,code
untitled_1270,,other
grotesk_medium.woff2,,fonts
calibre_6066.mobi,chapter one it was a,books
pitch_deck_v5868.pptx,market opportunity pricing,presentations
IMG_9956.jpg,,images
export_orders.csv,"{""status"": ""ok"", ""items"": 42} {""status"": ""ok"", ""items"": 42} {""status"": ""ok"", ""items"": 42} {""status"": ""ok"", ""items"": 42}",data
expenses_apr.xlsx,"column,values column,values",spreadsheets
quarterly_review_q3.pptx,market opportunity pricing slide overview agenda slide overview agenda,presentations
expenses_jan.xlsx,"sum of expenses sum of expenses column,values",spreadsheets
IMG_5130.jpg,,images
lecture_gardening.mkv,,videos
resume_wei_nova.docx,meeting agenda attendees,documents
VID_3024.mp4,,videos
logo_draft_v6038.psd,,design
song_demo_4892.wav,,audio
inter_bold.ttf,,fonts
pitch_deck_v9220.pptx,,presentations
quarterly_review_q1.pptx,,presentations
query_runner.py,import pandas as pd export default component import pandas as pd,code
logo_draft_v6532.psd,layer mask vector artboard layer mask vector artboard layer mask vector artboard layer mask vector artboard,design
podcast_ep6507.mp3,,audio
newfile_2460,,other
download_3558,,other
document1,,other
banner_515.ai,,design
pitch_deck_v233.pptx,,presentations
letter_to_umbrella.txt,dear sir or madam,documents
IMG_3378.jpg,,images
birthday_2026.mp4,,videos
quarterly_review_q3.pptx,slide overview agenda slide overview agenda,presentations
quarterly_review_q4.pptx,market opportunity pricing,presentations
inter_bold.ttf,,fonts
banner_9981.ai,layer mask vector artboard layer mask vector artboard layer mask vector artboard,design
pitch_deck_v390.pptx,,presentations
untitled_9042,,other
cooking_book.epub,chapter one it was a,books
training_history.key,slide overview agenda slide overview agenda slide overview agenda slide overview agenda,presentations
meeting_notes_2018-08-11.txt,invoice total due meeting agenda attendees invoice total due dear sir or madam,documents
podcast_ep3313.mp3,,audio
calibre_2472.mobi,preface acknowledgements chapter one it was a chapter one it was a preface acknowledgements,books
hours_tracking_5095.ods,"column,values budget forecast q1 budget forecast q1 column,values",spreadsheets
hours_tracking_561.ods,"budget forecast q1 sum of expenses column,values sum of expenses",spreadsheets
photos_archive_2021.tar.gz,compressed archive contents compressed archive contents compressed archive contents compressed archive contents,archives
newfile_5541,,other
grotesk_medium.woff2,,fonts
lease_agreement_8607.pdf,,documents
project_export_5447.7z,compressed archive contents compressed archive contents compressed archive contents compressed archive contents,archives
calibre_474.mobi,,books
calibre_6685.mobi,preface acknowledgements chapter one it was a chapter one it was a chapter one it was a,books
project_export_3920.7z,compressed archive contents compressed archive contents compressed archive contents compressed archive contents,archives
hours_tracking_7397.ods,"column,values sum of expenses",spreadsheets
quarterly_review_q1.pptx,,presentations
logo_draft_v2344.psd,layer mask vector artboard layer mask vector artboard,design
document1,,other
history_book.epub,chapter one it was a chapter one it was a chapter one it was a,books
family_graduation.png,,images
VID_378.mp4,,videos
family_graduation.png,,images
family_trip.png,,images
scan_doc8022.jpg,,images
query_runner.py,export default component,code
config_8178.json,"{""status"": ""ok"", ""items"": 42} {""status"": ""ok"", ""items"": 42}",data
backup_2021-10-07.zip,compressed archive contents compressed archive contents compressed archive contents,archives
interview_recording_4028.flac,,audio
customers_export.tsv,"id,name,value {""status"": ""ok"", ""items"": 42} id,name,value",data
backup_2026-02-09.zip,,archives
grotesk_medium.woff2,,fonts
photos_archive_2021.tar.gz,compressed archive contents compressed archive contents compressed archive contents,archives
config_4231.json,,data
export_users.csv,,data
config_5401.json,"{""status"": ""ok"", ""items"": 42} {""status"": ""ok"", ""items"": 42} {""status"": ""ok"", ""items"": 42}",data
config_5838.json,"id,name,value id,name,value id,name,value",data
app_component_772.tsx,,code
grotesk_medium.woff2,,fonts
letter_to_globex.txt,meeting agenda attendees invoice total due meeting agenda attendees,documents
report_draft_4987.docx,agreement between parties,documents
grotesk_medium.woff2,,fonts
training_gardening.key,market opportunity pricing,presentations
podcast_ep988.mp3,,audio
query_runner.py,export default component import pandas as pd import pandas as pd,code
wireframes_9206.fig,layer mask vector artboard,design
grotesk_medium.woff2,,fonts
podcast_ep9072.mp3,,audio
vacation_beach.jpeg,,images
newfile_8491,,other
letter_to_globex.txt,,documents
photos_archive_2022.tar.gz,compressed archive contents,archives
untitled_1363,,other
logo_draft_v7816.psd,layer mask vector artboard,design
podcast_ep3954.mp3,,audio
utils_3949.py,function render props import pandas as pd,code
photos_archive_2019.tar.gz,compressed archive contents compressed archive contents compressed archive contents,archives
VID_1899.mp4,,videos
VID_2847.mp4,,videos
project_export_7358.7z,compressed archive contents compressed archive contents,archives
invoice_9938_hooli.pdf,invoice total due meeting agenda attendees dear sir or madam meeting agenda attendees,documents
newfile_6245,,other
family_trip.png,,images
inter_bold.ttf,,fonts
expenses_mar.xlsx,"sum of expenses column,values sum of expenses",spreadsheets
drone_flight_mountains.mov,,videos
calibre_8748.mobi,preface acknowledgements chapter one it was a chapter one it was a chapter one it was a,books
banner_7028.ai,layer mask vector artboard layer mask vector artboard layer mask vector artboard layer mask vector artboard,design
logo_draft_v9589.psd,layer mask vector artboard layer mask vector artboard,design
voice_memo_5126.m4a,,audio
letter_to_umbrella.txt,agreement between parties,documents
backup_2025-01-13.zip,,archives
calibre_1212.mobi,chapter one it was a,books
manual_v9950.pdf,agreement between parties agreement between parties,documents
utils_8240.py,function render props import pandas as pd function render props,code
calibre_1242.mobi,preface acknowledgements preface acknowledgements,books
newfile_4999,,other
calibre_5686.mobi,chapter one it was a chapter one it was a,books
marketing_book.epub,preface acknowledgements preface acknowledgements preface acknowledgements chapter one it was a,books
podcast_ep4745.mp3,,audio
interview_recording_1643.flac,,audio
receipt_7757.pdf,dear sir or madam invoice total due dear sir or madam,documents
budget_2020.xlsx,sum of expenses sum of expenses budget forecast q1,spreadsheets
report_draft_8504.docx,invoice total due invoice total due meeting agenda attendees,documents
document1,,other
export_events.csv,"{""status"": ""ok"", ""items"": 42}",data
newfile_30,,other
download_7072,,other
grotesk_medium.woff2,,fonts
calibre_8507.mobi,,books
photos_archive_2026.tar.gz,compressed archive contents,archives
song_demo_3098.wav,,audio
download_7939,,other
inter_bold.ttf,,fonts
birthday_2020.mp4,,videos
utils_4470.py,function render props import pandas as pd import pandas as pd import pandas as pd,code
styles_main.css,import pandas as pd export default component function render props,code
banner_1616.ai,layer mask vector artboard layer mask vector artboard layer mask vector artboard layer mask vector artboard,design
interview_recording_3688.flac,,audio
hours_tracking_6935.ods,"column,values",spreadsheets
calibre_4433.mobi,preface acknowledgements preface acknowledgements preface acknowledgements preface acknowledgements,books
podcast_ep5290.mp3,,audio
app_component_8422.tsx,function render props function render props export default component,code
lecture_physics.mkv,,videos
resume_alex_lee.docx,dear sir or madam dear sir or madam,documents
gothic_3255.otf,,fonts
project_export_8151.7z,,archives
calibre_5056.mobi,chapter one it was a chapter one it was a chapter one it was a chapter one it was a,books
customers_export.tsv,"id,name,value id,name,value {""status"": ""ok"", ""items"": 42} id,name,value",data
config_3485.json,"id,name,value {""status"": ""ok"", ""items"": 42} id,name,value id,name,value",data
logo_draft_v1401.psd,layer mask vector artboard layer mask vector artboard layer mask vector artboard layer mask vector artboard,design
untitled_5928,,other
resume_jo_lee.docx,meeting agenda attendees,documents
screenshot_2019-12-23.png,,images
invoice_7329_globex.pdf,invoice total due,documents
document1,,other
training_marketing.key,market opportunity pricing market opportunity pricing slide overview agenda,presentations
banner_1144.ai,layer mask vector artboard,design
query_runner.py,,code
budget_2026.xlsx,sum of expenses sum of expenses budget forecast q1 budget forecast q1,spreadsheets
banner_6135.ai,layer mask vector artboard layer mask vector artboard layer mask vector artboard layer mask vector artboard,design
download_753,,other
server_main.go,function render props import pandas as pd import pandas as pd,code
photos_archive_2017.tar.gz,compressed archive contents,archives
report_draft_3560.docx,,documents
inter_bold.ttf,,fonts
banner_521.ai,layer mask vector artboard layer mask vector artboard layer mask vector artboard,design
project_export_1804.7z,compressed archive contents,archives
customers_export.tsv,"id,name,value id,name,value id,name,value {""status"": ""ok"", ""items"": 42}",data
untitled_4387,,other
utils_3994.py,function render props,code
photos_archive_2017.tar.gz,compressed archive contents,archives
logo_draft_v1221.psd,,design
logo_draft_v2136.psd,layer mask vector artboard layer mask vector artboard layer mask vector artboard layer mask vector artboard,design
lecture_cooking.mkv,,videos
gothic_5424.otf,,fonts
screenshot_2023-06-12.png,,images
inter_bold.ttf,,fonts
pitch_deck_v6562.pptx,slide overview agenda market opportunity pricing,presentations
meeting_notes_2023-02-04.txt,meeting agenda attendees agreement between parties agreement between parties dear sir or madam,documents
export_orders.csv,"{""status"": ""ok"", ""items"": 42} {""status"": ""ok"", ""items"": 42} id,name,value",data
config_8946.json,,data
metrics_2025-08-01.json,"{""status"": ""ok"", ""items"": 42} id,name,value id,name,value {""status"": ""ok"", ""items"": 42}",data
letter_to_acme.txt,agreement between parties meeting agenda attendees,documents
receipt_8679.pdf,dear sir or madam agreement between parties invoice total due dear sir or madam,documents
podcast_ep9852.mp3,,audio
voice_memo_8748.m4a,,audio
song_demo_7124.wav,,audio
query_runner.py,export default component import pandas as pd function render props import pandas as pd,code
song_demo_9399.wav,,audio
expenses_jan.xlsx,"column,values column,values",spreadsheets
expenses_feb.xlsx,budget forecast q1 budget forecast q1,spreadsheets
download_8863,,other
banner_4439.ai,layer mask vector artboard layer mask vector artboard layer mask vector artboard,design
lease_agreement_7022.pdf,dear sir or madam,documents
quarterly_review_q1.pptx,,presentations
history_book.epub,preface acknowledgements preface acknowledgements preface acknowledgements,books
drone_flight_beach.mov,,videos
download_9109,,other
resume_sam_nova.docx,meeting agenda attendees,documents
drone_flight_lake.mov,,videos
export_events.csv,,data
gardening_book.epub,chapter one it was a chapter one it was a chapter one it was a,books
wireframes_771.fig,,design
family_graduation.png,,images
VID_3665.mp4,,videos
expenses_jan.xlsx,budget forecast q1 budget forecast q1,spreadsheets
customers_export.tsv,,data
project_export_5672.7z,,archives
pitch_deck_v7229.pptx,market opportunity pricing,presentations
invoice_7493_hooli.pdf,,documents
vacation_lake.jpeg,,images
birthday_2026.mp4,,videos
backup_2016-05-23.zip,compressed archive contents,archives
budget_2024.xlsx,,spreadsheets
inter_bold.ttf,,fonts
interview_recording_7913.flac,,audio
budget_2017.xlsx,"column,values",spreadsheets
gothic_7712.otf,,fonts
backup_2017-07-13.zip,compressed archive contents compressed archive contents,archives
family_graduation.png,,images
birthday_2020.mp4,,videos
customers_export.tsv,"{""status"": ""ok"", ""items"": 42} id,name,value id,name,value id,name,value",data
letter_to_initech.txt,dear sir or madam meeting agenda attendees,documents
meeting_notes_2020-10-27.txt,invoice total due dear sir or madam,documents
VID_673.mp4,,videos
quarterly_review_q2.pptx,slide overview agenda market opportunity pricing slide overview agenda,presentations
training_gardening.key,slide overview agenda market opportunity pricing slide overview agenda slide overview agenda,presentations
receipt_654.pdf,invoice total due,documents
wireframes_6387.fig,,design
vacation_city.jpeg,,images
calibre_523.mobi,chapter one it was a chapter one it was a,books
config_4974.json,"{""status"": ""ok"", ""items"": 42}",data
grotesk_medium.woff2,,fonts
export_events.csv,,data
expenses_jun.xlsx,"column,values sum of expenses column,values sum of expenses",spreadsheets
history_book.epub,,books
voice_memo_7006.m4a,,audio
project_export_2809.7z,,archives
metrics_2023-03-18.json,"{""status"": ""ok"", ""items"": 42} {""status"": ""ok"", ""items"": 42}",data
budget_2024.xlsx,,spreadsheets
drone_flight_city.mov,,videos
banner_496.ai,layer mask vector artboard layer mask vector artboard layer mask vector artboard layer mask vector artboard,design
budget_2024.xlsx,"column,values",spreadsheets
lecture_cooking.mkv,,videos
birthday_2015.mp4,,videos
export_events.csv,"id,name,value",data
meeting_notes_2019-09-01.txt,meeting agenda attendees dear sir or madam,documents
styles_main.css,function render props function render props,code
birthday_2017.mp4,,videos
song_demo_6431.wav,,audio
training_physics.key,market opportunity pricing slide overview agenda,presentations
project_export_1970.7z,,archives
export_orders.csv,"{""status"": ""ok"", ""items"": 42} id,name,value id,name,value {""status"": ""ok"", ""items"": 42}",data
logo_draft_v319.psd,layer mask vector artboard layer mask vector artboard layer mask vector artboard,design
photos_archive_2016.tar.gz,compressed archive contents compressed archive contents compressed archive contents compressed archive contents,archives
newfile_3806,,other
expenses_jun.xlsx,,spreadsheets
project_export_5641.7z,compressed archive contents compressed archive contents compressed archive contents,archives
hours_tracking_2056.ods,budget forecast q1 budget forecast q1 budget forecast q1,spreadsheets
screenshot_2024-07-05.png,,images
voice_memo_3221.m4a,,audio
hours_tracking_2165.ods,,spreadsheets
logo_draft_v1814.psd,layer mask vector artboard layer mask vector artboard layer mask vector artboard,design
quarterly_review_q1.pptx,slide overview agenda market opportunity pricing,presentations
training_history.key,slide overview agenda market opportunity pricing slide overview agenda market opportunity pricing,presentations
untitled_3116,,other
untitled_2565,,other
pitch_deck_v1392.pptx,slide overview agenda,presentations
song_demo_5776.wav,,audio
birthday_2015.mp4,,videos
manual_v9623.pdf,meeting agenda attendees invoice total due invoice total due meeting agenda attendees,documents
vacation_beach.jpeg,,images
pitch_deck_v7095.pptx,,presentations
wireframes_9198.fig,layer mask vector artboard,design
photos_archive_2017.tar.gz,compressed archive contents compressed archive contents,archives
interview_recording_5621.flac,,audio
drone_flight_city.mov,,videos
customers_export.tsv,"{""status"": ""ok"", ""items"": 42} {""status"": ""ok"", ""items"": 42} id,name,value id,name,value",data
project_export_6213.7z,compressed archive contents,archives
meeting_notes_2016-09-01.txt,,documents
expenses_feb.xlsx,sum of expenses,spreadsheets
calibre_8174.mobi,preface acknowledgements chapter one it was a chapter one it was a preface acknowledgements,books
wireframes_6905.fig,layer mask vector artboard layer mask vector artboard layer mask vector artboard,design
query_runner.py,function render props import pandas as pd,code
VID_8678.mp4,,videos
podcast_ep8632.mp3,,audio
training_physics.key,market opportunity pricing,presentations
podcast_ep3265.mp3,,audio
quarterly_review_q1.pptx,market opportunity pricing market opportunity pricing slide overview agenda slide overview agenda,presentations
lecture_cooking.mkv,,videos
receipt_5937.pdf,,documents
letter_to_acme.txt,meeting agenda attendees dear sir or madam,documents
inter_bold.ttf,,fonts
project_export_7339.7z,compressed archive contents,archives
metrics_2017-06-22.json,"id,name,value id,name,value {""status"": ""ok"", ""items"": 42}",data
server_main.go,function render props import pandas as pd function render props,code
metrics_2016-03-14.json,"{""status"": ""ok"", ""items"": 42} id,name,value",data
untitled_2517,,other
interview_recording_7557.flac,,audio
budget_2021.xlsx,"column,values sum of expenses sum of expenses budget forecast q1",spreadsheets
config_7709.json,"id,name,value",data
banner_2107.ai,layer mask vector artboard layer mask vector artboard layer mask vector artboard layer mask vector artboard,design
hours_tracking_3591.ods,,spreadsheets
gardening_book.epub,,books
document1,,other
untitled_1805,,other
project_export_327.7z,compressed archive contents compressed archive contents,archives
marketing_book.epub,,books
history_book.epub,preface acknowledgements chapter one it was a chapter one it was a,books
pitch_deck_v8737.pptx,slide overview agenda market opportunity pricing,presentations
physics_book.epub,,books
styles_main.css,,code
podcast_ep3385.mp3,,audio
drone_flight_city.mov,,videos
lease_agreement_8342.pdf,dear sir or madam,documents
pitch_deck_v9958.pptx,market opportunity pricing slide overview agenda slide overview agenda market opportunity pricing,presentations
query_runner.py,function render props export default component import pandas as pd import pandas as pd,code
birthday_2021.mp4,,videos
podcast_ep5568.mp3,,audio
quarterly_review_q1.pptx,slide overview agenda market opportunity pricing,presentations
metrics_2018-04-26.json,"{""status"": ""ok"", ""items"": 42} {""status"": ""ok"", ""items"": 42} {""status"": ""ok"", ""items"": 42} id,name,value",data
gardening_book.epub,chapter one it was a,books
pitch_deck_v6488.pptx,market opportunity pricing market opportunity pricing market opportunity pricing,presentations
training_gardening.key,,presentations
gothic_4143.otf,,fonts
inter_bold.ttf,,fonts
server_main.go,import pandas as pd function render props export default component,code
banner_8673.ai,layer mask vector artboard,design
calibre_7169.mobi,,books
podcast_ep5473.mp3,,audio
inter_bold.ttf,,fonts
gothic_6384.otf,,fonts
logo_draft_v6626.psd,layer mask vector artboard layer mask vector artboard,design
podcast_ep3271.mp3,,audio
download_7409,,other
project_export_3719.7z,compressed archive contents compressed archive contents compressed archive contents compressed archive contents,archives
banner_602.ai,layer mask vector artboard layer mask vector artboard layer mask vector artboard layer mask vector artboard,design
meeting_notes_2017-01-06.txt,dear sir or madam,documents
voice_memo_4021.m4a,,audio
grotesk_medium.woff2,,fonts
hours_tracking_4039.ods,sum of expenses budget forecast q1,spreadsheets
metrics_2025-03-19.json,"id,name,value {""status"": ""ok"", ""items"": 42} id,name,value {""status"": ""ok"", ""items"": 42}",data
report_draft_22.docx,dear sir or madam agreement between parties agreement between parties meeting agenda attendees,documents
project_export_2080.7z,compressed archive contents compressed archive contents compressed archive contents,archives
VID_7981.mp4,,videos
hours_tracking_3901.ods,,spreadsheets
gardening_book.epub,,books
birthday_2020.mp4,,videos
voice_memo_3890.m4a,,audio
styles_main.css,import pandas as pd,code
VID_5702.mp4,,videos
banner_5041.ai,layer mask vector artboard layer mask vector artboard,design
styles_main.css,export default component import pandas as pd import pandas as pd,code
customers_export.tsv,"id,name,value",data
metrics_2024-11-24.json,"id,name,value",data
gardening_book.epub,chapter one it was a chapter one it was a preface acknowledgements,books
meeting_notes_2026-03-24.txt,meeting agenda attendees,documents
inter_bold.ttf,,fonts
screenshot_2026-06-13.png,,images
meeting_notes_2016-08-14.txt,,documents
banner_5417.ai,layer mask vector artboard layer mask vector artboard layer mask vector artboard,design
meeting_notes_2021-08-05.txt,invoice total due dear sir or madam meeting agenda attendees,documents
vacation_mountains.jpeg,,images
document1,,other
logo_draft_v7968.psd,layer mask vector artboard layer mask vector artboard layer mask vector artboard,design
scan_doc8695.jpg,,images
config_8050.json,"{""status"": ""ok"", ""items"": 42}",data
server_main.go,,code
drone_flight_lake.mov,,videos
birthday_2025.mp4,,videos
screenshot_2024-11-25.png,,images
app_component_8625.tsx,import pandas as pd export default component import pandas as pd,code
song_demo_508.wav,,audio
newfile_289,,other
lecture_gardening.mkv,,videos
gothic_7349.otf,,fonts
meeting_notes_2017-09-11.txt,dear sir or madam,documents
quarterly_review_q2.pptx,market opportunity pricing,presentations
budget_2024.xlsx,sum of expenses,spreadsheets
pitch_deck_v4339.pptx,market opportunity pricing slide overview agenda market opportunity pricing market opportunity pricing,presentations
utils_5563.py,function render props function render props,code
meeting_notes_2026-01-04.txt,agreement between parties agreement between parties,documents
calibre_6429.mobi,chapter one it was a,books
pitch_deck_v9479.pptx,slide overview agenda,presentations
expenses_may.xlsx,"budget forecast q1 budget forecast q1 column,values budget forecast q1",spreadsheets
history_book.epub,preface acknowledgements preface acknowledgements,books
hours_tracking_1505.ods,"column,values column,values column,values sum of expenses",spreadsheets
manual_v4071.pdf,,documents
utils_7919.py,export default component function render props import pandas as pd,code
VID_1381.mp4,,videos
backup_2023-03-15.zip,compressed archive contents compressed archive contents compressed archive contents compressed archive contents,archives
history_book.epub,chapter one it was a chapter one it was a,books
training_physics.key,slide overview agenda slide overview agenda,presentations
gothic_7998.otf,,fonts
newfile_5070,,other
logo_draft_v5173.psd,layer mask vector artboard layer mask vector artboard,design
export_events.csv,"id,name,value id,name,value",data
marketing_book.epub,chapter one it was a,books
marketing_book.epub,chapter one it was a chapter one it was a preface acknowledgements,books
config_2190.json,"id,name,value id,name,value {""status"": ""ok"", ""items"": 42}",data
resume_jo_patel.docx,agreement between parties meeting agenda attendees agreement between parties,documents
inter_bold.ttf,,fonts
scan_doc5393.jpg,,images
query_runner.py,export default component function render props export default component function render props,code
birthday_2023.mp4,,videos
history_book.epub,chapter one it was a preface acknowledgements chapter one it was a,books
export_events.csv,"{""status"": ""ok"", ""items"": 42} id,name,value",data
styles_main.css,function render props export default component,code
song_demo_3525.wav,,audio
interview_recording_8311.flac,,audio
styles_main.css,export default component,code
metrics_2026-03-07.json,"id,name,value id,name,value {""status"": ""ok"", ""items"": 42} {""status"": ""ok"", ""items"": 42}",data
export_users.csv,"{""status"": ""ok"", ""items"": 42} {""status"": ""ok"", ""items"": 42}",data
IMG_3683.jpg,,images
budget_2022.xlsx,"sum of expenses column,values budget forecast q1",spreadsheets
grotesk_medium.woff2,,fonts
download_3409,,other
drone_flight_beach.mov,,videos
inter_bold.ttf,,fonts
logo_draft_v8293.psd,layer mask vector artboard layer mask vector artboard layer mask vector artboard,design
drone_flight_beach.mov,,videos
budget_2017.xlsx,sum of expenses sum of expenses budget forecast q1,spreadsheets
customers_export.tsv,"{""status"": ""ok"", ""items"": 42} id,name,value",data
untitled_9618,,other
gothic_4298.otf,,fonts
wireframes_4825.fig,layer mask vector artboard,design
wireframes_4481.fig,,design
VID_8502.mp4,,videos
config_4119.json,"{""status"": ""ok"", ""items"": 42} {""status"": ""ok"", ""items"": 42}",data
hours_tracking_2540.ods,"column,values sum of expenses sum of expenses",spreadsheets
newfile_4536,,other
marketing_book.epub,,books
resume_wei_kim.docx,meeting agenda attendees,documents
hours_tracking_5120.ods,sum of expenses,spreadsheets
invoice_3280_acme.pdf,agreement between parties dear sir or madam dear sir or madam agreement between parties,documents
customers_export.tsv,"id,name,value {""status"": ""ok"", ""items"": 42} {""status"": ""ok"", ""items"": 42} id,name,value",data
styles_main.css,export default component function render props export default component,code
export_users.csv,"{""status"": ""ok"", ""items"": 42} id,name,value",data
document1,,other
vacation_mountains.jpeg,,images
lecture_physics.mkv,,videos
IMG_7233.jpg,,images
pitch_deck_v9549.pptx,slide overview agenda slide overview agenda,presentations
vacation_city.jpeg,,images
utils_3418.py,function render props,code
app_component_4688.tsx,,code
training_history.key,,presentations
scan_doc5553.jpg,,images
manual_v7309.pdf,dear sir or madam,documents
grotesk_medium.woff2,,fonts
expenses_mar.xlsx,"column,values budget forecast q1",spreadsheets
config_1238.json,"{""status"": ""ok"", ""items"": 42}",data
banner_345.ai,layer mask vector artboard layer mask vector artboard layer mask vector artboard layer mask vector artboard,design
logo_draft_v6301.psd,layer mask vector artboard layer mask vector artboard layer mask vector artboard layer mask vector artboard,design
inter_bold.ttf,,fonts
expenses_jan.xlsx,sum of expenses,spreadsheets
banner_6482.ai,layer mask vector artboard layer mask vector artboard,design
song_demo_6418.wav,,audio
IMG_9888.jpg,,images
server_main.go,import pandas as pd function render props import pandas as pd,code
utils_3564.py,import pandas as pd export default component export default component,code
birthday_2020.mp4,,videos
pitch_deck_v4067.pptx,market opportunity pricing slide overview agenda slide overview agenda,presentations
birthday_2019.mp4,,videos
pitch_deck_v2611.pptx,market opportunity pricing market opportunity pricing,presentations
report_draft_751.docx,meeting agenda attendees agreement between parties dear sir or madam,documents
quarterly_review_q4.pptx,slide overview agenda,presentations
IMG_5318.jpg,,images
export_users.csv,"id,name,value id,name,value",data
training_marketing.key,slide overview agenda slide overview agenda slide overview agenda,presentations
history_book.epub,preface acknowledgements,books
document1,,other
untitled_2106,,other
expenses_feb.xlsx,sum of expenses sum of expenses sum of expenses,spreadsheets
gothic_3554.otf,,fonts
app_component_5686.tsx,function render props function render props,code
vacation_lake.jpeg,,images
utils_7990.py,import pandas as pd export default component,code
grotesk_medium.woff2,,fonts
backup_2026-01-13.zip,compressed archive contents compressed archive contents,archives
interview_recording_7208.flac,,audio
VID_9960.mp4,,videos
document1,,other
birthday_2020.mp4,,videos
song_demo_4608.wav,,audio
project_export_5602.7z,,archives
calibre_951.mobi,preface acknowledgements chapter one it was a,books
logo_draft_v4110.psd,,design
vacation_lake.jpeg,,images
invoice_5888_initech.pdf,invoice total due meeting agenda attendees,documents
screenshot_2021-10-22.png,,images
banner_3209.ai,layer mask vector artboard layer mask vector artboard layer mask vector artboard layer mask vector artboard,design
IMG_5255.jpg,,images
server_main.go,function render props function render props function render props function render props,code
styles_main.css,export default component import pandas as pd function render props function render props,code
quarterly_review_q4.pptx,,presentations
quarterly_review_q3.pptx,,presentations
newfile_8698,,other
document1,,other
family_graduation.png,,images
query_runner.py,import pandas as pd,code
letter_to_hooli.txt,invoice total due dear sir or madam meeting agenda attendees dear sir or madam,documents
styles_main.css,export default component import pandas as pd export default component function render props,code
export_events.csv,"id,name,value id,name,value {""status"": ""ok"", ""items"": 42}",data
lecture_cooking.mkv,,videos
config_6733.json,"{""status"": ""ok"", ""items"": 42} {""status"": ""ok"", ""items"": 42}",data
song_demo_1877.wav,,audio
inter_bold.ttf,,fonts
history_book.epub,chapter one it was a,books
metrics_2016-01-23.json,"{""status"": ""ok"", ""items"": 42} {""status"": ""ok"", ""items"": 42}",data
training_physics.key,slide overview agenda market opportunity pricing market opportunity pricing market opportunity pricing,presentations
lecture_marketing.mkv,,videos
document1,,other
podcast_ep4540.mp3,,audio
untitled_7880,,other
logo_draft_v8033.psd,layer mask vector artboard layer mask vector artboard layer mask vector artboard layer mask vector artboard,design
lecture_cooking.mkv,,videos
photos_archive_2026.tar.gz,compressed archive contents compressed archive contents compressed archive contents compressed archive contents,archives
lecture_cooking.mkv,,videos
query_runner.py,export default component function render props function render props,code
inter_bold.ttf,,fonts
utils_7032.py,,code
pitch_deck_v1976.pptx,market opportunity pricing slide overview agenda slide overview agenda slide overview agenda,presentations
backup_2026-06-01.zip,compressed archive contents compressed archive contents compressed archive contents compressed archive contents,archives
customers_export.tsv,"id,name,value {""status"": ""ok"", ""items"": 42} id,name,value",data
inter_bold.ttf,,fonts
app_component_4495.tsx,function render props function render props,code
inter_bold.ttf,,fonts
resume_wei_nova.docx,meeting agenda attendees,documents
backup_2024-04-04.zip,compressed archive contents compressed archive contents,archives
cooking_book.epub,chapter one it was a preface acknowledgements chapter one it was a,books
receipt_651.pdf,meeting agenda attendees dear sir or madam,documents
drone_flight_mountains.mov,,videos
wireframes_3948.fig,layer mask vector artboard layer mask vector artboard layer mask vector artboard layer mask vector artboard,design
untitled_7730,,other
drone_flight_beach.mov,,videos
project_export_9485.7z,compressed archive contents compressed archive contents,archives
lecture_marketing.mkv,,videos
budget_2026.xlsx,"sum of expenses column,values column,values sum of expenses",spreadsheets
physics_book.epub,preface acknowledgements preface acknowledgements chapter one it was a,books
document1,,other
inter_bold.ttf,,fonts
project_export_1186.7z,compressed archive contents compressed archive contents compressed archive contents compressed archive contents,archives
expenses_feb.xlsx,"column,values column,values column,values sum of expenses",spreadsheets
wireframes_7039.fig,,design
lecture_physics.mkv,,videos
export_events.csv,,data
voice_memo_3711.m4a,,audio
app_component_7208.tsx,export default component export default component,code
backup_2019-05-24.zip,compressed archive contents,archives
inter_bold.ttf,,fonts
metrics_2020-03-01.json,"{""status"": ""ok"", ""items"": 42} id,name,value",data
cooking_book.epub,chapter one it was a preface acknowledgements chapter one it was a,books
pitch_deck_v5989.pptx,slide overview agenda,presentations
untitled_7607,,other
calibre_5417.mobi,preface acknowledgements preface acknowledgements chapter one it was a,books
query_runner.py,import pandas as pd export default component,code
calibre_8301.mobi,,books
meeting_notes_2025-02-20.txt,,documents
metrics_2026-07-28.json,"id,name,value {""status"": ""ok"", ""items"": 42} {""status"": ""ok"", ""items"": 42} {""status"": ""ok"", ""items"": 42}",data
backup_2022-02-14.zip,,archives
gothic_2990.otf,,fonts
logo_draft_v346.psd,layer mask vector artboard layer mask vector artboard layer mask vector artboard layer mask vector artboard,design
receipt_2077.pdf,,documents
app_component_7196.tsx,,code
meeting_notes_2018-03-17.txt,meeting agenda attendees,documents
drone_flight_city.mov,,videos
calibre_2573.mobi,preface acknowledgements chapter one it was a,books
family_graduation.png,,images
metrics_2015-09-12.json,"id,name,value",data
wireframes_3898.fig,layer mask vector artboard layer mask vector artboard layer mask vector artboard layer mask vector artboard,design
config_860.json,"{""status"": ""ok"", ""items"": 42} {""status"": ""ok"", ""items"": 42}",data
download_7168,,other
expenses_apr.xlsx,"column,values budget forecast q1",spreadsheets
project_export_9202.7z,compressed archive contents compressed archive contents compressed archive contents,archives
inter_bold.ttf,,fonts
calibre_7479.mobi,preface acknowledgements preface acknowledgements preface acknowledgements preface acknowledgements,books
newfile_8431,,other
project_export_6184.7z,compressed archive contents compressed archive contents compressed archive contents compressed archive contents,archives
report_draft_1991.docx,agreement between parties agreement between parties meeting agenda attendees invoice total due,documents
backup_2016-12-11.zip,compressed archive contents compressed archive contents,archives
download_6944,,other
export_events.csv,"id,name,value",data
calibre_7193.mobi,chapter one it was a preface acknowledgements chapter one it was a preface acknowledgements,books
manual_v3684.pdf,dear sir or madam,documents
receipt_7359.pdf,meeting agenda attendees invoice total due dear sir or madam meeting agenda attendees,documents
download_9668,,other
document1,,other
wireframes_4291.fig,layer mask vector artboard layer mask vector artboard layer mask vector artboard,design
voice_memo_9434.m4a,,audio
logo_draft_v3192.psd,,design
app_component_1633.tsx,,code
voice_memo_9280.m4a,,audio
vacation_lake.jpeg,,images
inter_bold.ttf,,fonts
export_users.csv,"id,name,value",data
hours_tracking_2455.ods,"column,values column,values sum of expenses",spreadsheets
podcast_ep1707.mp3,,audio
birthday_2017.mp4,,videos
metrics_2025-02-17.json,"id,name,value",data
resume_sam_patel.docx,,documents
grotesk_medium.woff2,,fonts
metrics_2025-04-07.json,"id,name,value",data
document1,,other
config_7288.json,"{""status"": ""ok"", ""items"": 42} {""status"": ""ok"", ""items"": 42} id,name,value",data
photos_archive_2022.tar.gz,compressed archive contents compressed archive contents compressed archive contents compressed archive contents,archives
history_book.epub,preface acknowledgements preface acknowledgements preface acknowledgements,books
customers_export.tsv,"{""status"": ""ok"", ""items"": 42} id,name,value id,name,value {""status"": ""ok"", ""items"": 42}",data
VID_4154.mp4,,videos
inter_bold.ttf,,fonts
VID_5266.mp4,,videos
grotesk_medium.woff2,,fonts
birthday_2021.mp4,,videos
expenses_may.xlsx,"sum of expenses budget forecast q1 column,values sum of expenses",spreadsheets
document1,,other
budget_2016.xlsx,budget forecast q1,spreadsheets
hours_tracking_6704.ods,"budget forecast q1 column,values",spreadsheets
gothic_9747.otf,,fonts
quarterly_review_q2.pptx,slide overview agenda slide overview agenda market opportunity pricing market opportunity pricing,presentations
styles_main.css,,code
wireframes_7836.fig,layer mask vector artboard layer mask vector artboard layer mask vector artboard layer mask vector artboard,design
backup_2022-09-12.zip,compressed archive contents compressed archive contents compressed archive contents compressed archive contents,archives
photos_archive_2017.tar.gz,compressed archive contents compressed archive contents compressed archive contents compressed archive contents,archives
marketing_book.epub,chapter one it was a preface acknowledgements preface acknowledgements preface acknowledgements,books
scan_doc7021.jpg,,images
vacation_lake.jpeg,,images
quarterly_review_q4.pptx,market opportunity pricing slide overview agenda,presentations
expenses_feb.xlsx,sum of expenses,spreadsheets
vacation_city.jpeg,,images
family_trip.png,,images
pitch_deck_v3949.pptx,slide overview agenda slide overview agenda market opportunity pricing,presentations
customers_export.tsv,"{""status"": ""ok"", ""items"": 42} {""status"": ""ok"", ""items"": 42} id,name,value id,name,value",data
document1,,other
invoice_5288_globex.pdf,,documents
VID_5255.mp4,,videos
family_dinner.png,,images
styles_main.css,export default component import pandas as pd import pandas as pd,code
photos_archive_2021.tar.gz,compressed archive contents compressed archive contents compressed archive contents compressed archive contents,archives
meeting_notes_2018-11-19.txt,,documents
meeting_notes_2015-08-09.txt,agreement between parties meeting agenda attendees meeting agenda attendees,documents
styles_main.css,export default component export default component,code
interview_recording_6451.flac,,audio
grotesk_medium.woff2,,fonts
backup_2024-04-20.zip,,archives
family_graduation.png,,images
server_main.go,function render props import pandas as pd,code
server_main.go,import pandas as pd export default component import pandas as pd,code
lecture_cooking.mkv,,videos
manual_v177.pdf,invoice total due,documents
VID_2099.mp4,,videos
vacation_city.jpeg,,images
newfile_4842,,other
training_history.key,,presentations
wireframes_4462.fig,layer mask vector artboard,design
letter_to_hooli.txt,,documents
download_3183,,other
training_gardening.key,slide overview agenda market opportunity pricing market opportunity pricing market opportunity pricing,presentations
hours_tracking_1452.ods,budget forecast q1 budget forecast q1 sum of expenses,spreadsheets
backup_2016-05-01.zip,compressed archive contents compressed archive contents compressed archive contents,archives
lecture_cooking.mkv,,videos
utils_9575.py,export default component function render props export default component import pandas as pd,code
download_4061,,other
quarterly_review_q1.pptx,slide overview agenda,presentations
document1,,other
training_cooking.key,market opportunity pricing slide overview agenda,presentations
screenshot_2017-01-24.png,,images
newfile_961,,other
budget_2025.xlsx,,spreadsheets
inter_bold.ttf,,fonts
grotesk_medium.woff2,,fonts
podcast_ep1908.mp3,,audio
wireframes_8603.fig,layer mask vector artboard layer mask vector artboard,design
training_cooking.key,,presentations
invoice_9506_umbrella.pdf,invoice total due,documents
screenshot_2022-10-05.png,,images
lecture_cooking.mkv,,videos
inter_bold.ttf,,fonts
interview_recording_982.flac,,audio
logo_draft_v637.psd,layer mask vector artboard layer mask vector artboard layer mask vector artboard,design
logo_draft_v1005.psd,layer mask vector artboard layer mask vector artboard layer mask vector artboard,design
styles_main.css,import pandas as pd export default component function render props,code
inter_bold.ttf,,fonts
grotesk_medium.woff2,,fonts
banner_8532.ai,,design
document1,,other
query_runner.py,export default component,code
pitch_deck_v4786.pptx,,presentations
photos_archive_2018.tar.gz,compressed archive contents compressed archive contents,archives
export_events.csv,,data
vacation_mountains.jpeg,,images
server_main.go,,code
banner_7100.ai,,design
banner_5052.ai,,design
app_component_8516.tsx,export default component,code
hours_tracking_1848.ods,budget forecast q1,spreadsheets
scan_doc4496.jpg,,images
wireframes_4270.fig,,design
backup_2021-07-25.zip,compressed archive contents,archives
manual_v1348.pdf,,documents
pitch_deck_v2097.pptx,,presentations
export_users.csv,"id,name,value id,name,value",data
drone_flight_beach.mov,,videos
banner_5810.ai,layer mask vector artboard layer mask vector artboard layer mask vector artboard layer mask vector artboard,design
budget_2023.xlsx,,spreadsheets
song_demo_4927.wav,,audio
scan_doc2738.jpg,,images
wireframes_3529.fig,layer mask vector artboard,design
banner_6766.ai,layer mask vector artboard layer mask vector artboard layer mask vector artboard,design
calibre_5945.mobi,chapter one it was a chapter one it was a preface acknowledgements,books
drone_flight_lake.mov,,videos
manual_v8408.pdf,dear sir or madam dear sir or madam meeting agenda attendees,documents
calibre_5201.mobi,preface acknowledgements chapter one it was a chapter one it was a chapter one it was a,books
customers_export.tsv,"{""status"": ""ok"", ""items"": 42} id,name,value {""status"": ""ok"", ""items"": 42} {""status"": ""ok"", ""items"": 42}",data
VID_2861.mp4,,videos
drone_flight_city.mov,,videos
scan_doc3044.jpg,,images
metrics_2017-12-07.json,"id,name,value {""status"": ""ok"", ""items"": 42}",data
pitch_deck_v8305.pptx,slide overview agenda market opportunity pricing,presentations
wireframes_4726.fig,layer mask vector artboard layer mask vector artboard,design
gothic_3447.otf,,fonts
interview_recording_3249.flac,,audio
grotesk_medium.woff2,,fonts
config_9673.json,"id,name,value",data
hours_tracking_8637.ods,budget forecast q1 sum of expenses,spreadsheets
scan_doc1585.jpg,,images
banner_5854.ai,layer mask vector artboard layer mask vector artboard layer mask vector artboard layer mask vector artboard,design
expenses_mar.xlsx,,spreadsheets
config_1313.json,,data
quarterly_review_q2.pptx,slide overview agenda slide overview agenda,presentations
pitch_deck_v2665.pptx,market opportunity pricing,presentations
voice_memo_5613.m4a,,audio
pitch_deck_v8000.pptx,,presentations
inter_bold.ttf,,fonts
expenses_jan.xlsx,"column,values",spreadsheets
manual_v1870.pdf,invoice total due invoice total due agreement between parties invoice total due,documents
calibre_101.mobi,chapter one it was a,books
calibre_3635.mobi,preface acknowledgements,books
untitled_9549,,other
logo_draft_v3766.psd,layer mask vector artboard layer mask vector artboard layer mask vector artboard layer mask vector artboard,design
utils_5735.py,,code
calibre_2953.mobi,preface acknowledgements chapter one it was a,books
project_export_8038.7z,compressed archive contents,archives
document1,,other
VID_2958.mp4,,videos
scan_doc5805.jpg,,images
server_main.go,function render props import pandas as pd,code
server_main.go,,code
inter_bold.ttf,,fonts
invoice_8054_acme.pdf,meeting agenda attendees dear sir or madam,documents
report_draft_9761.docx,meeting agenda attendees,documents
drone_flight_beach.mov,,videos
download_4827,,other
interview_recording_2749.flac,,audio
export_events.csv,"id,name,value",data
podcast_ep4998.mp3,,audio
wireframes_7646.fig,layer mask vector artboard layer mask vector artboard layer mask vector artboard,design
invoice_9373_hooli.pdf,,documents
expenses_jan.xlsx,,spreadsheets
report_draft_1450.docx,dear sir or madam agreement between parties dear sir or madam dear sir or madam,documents
training_history.key,slide overview agenda slide overview agenda slide overview agenda market opportunity pricing,presentations
lecture_marketing.mkv,,videos
inter_bold.ttf,,fonts
logo_draft_v5552.psd,layer mask vector artboard layer mask vector artboard layer mask vector artboard layer mask vector artboard,design
customers_export.tsv,"id,name,value id,name,value id,name,value id,name,value",data
banner_9857.ai,layer mask vector artboard layer mask vector artboard layer mask vector artboard,design
physics_book.epub,chapter one it was a preface acknowledgements,books
scan_doc9945.jpg,,images
voice_memo_5374.m4a,,audio
quarterly_review_q1.pptx,,presentations
logo_draft_v6806.psd,layer mask vector artboard layer mask vector artboard layer mask vector artboard layer mask vector artboard,design
lecture_gardening.mkv,,videos
podcast_ep5918.mp3,,audio
expenses_jan.xlsx,budget forecast q1,spreadsheets
interview_recording_5538.flac,,audio
birthday_2024.mp4,,videos
project_export_4294.7z,compressed archive contents compressed archive contents compressed archive contents compressed archive contents,archives
screenshot_2024-04-06.png,,images
app_component_6926.tsx,import pandas as pd export default component,code
budget_2021.xlsx,"sum of expenses sum of expenses sum of expenses column,values",spreadsheets
download_7828,,other
gothic_29.otf,,fonts
voice_memo_1722.m4a,,audio
banner_3369.ai,layer mask vector artboard layer mask vector artboard layer mask vector artboard layer mask vector artboard,design
resume_alex_nova.docx,meeting agenda attendees dear sir or madam dear sir or madam dear sir or madam,documents
VID_6141.mp4,,videos
hours_tracking_2203.ods,"sum of expenses column,values budget forecast q1 sum of expenses",spreadsheets
styles_main.css,import pandas as pd export default component function render props,code
expenses_may.xlsx,"sum of expenses sum of expenses column,values",spreadsheets
backup_2024-08-20.zip,compressed archive contents compressed archive contents compressed archive contents,archives
download_5980,,other
meeting_notes_2023-11-15.txt,invoice total due agreement between parties invoice total due,documents
expenses_may.xlsx,sum of expenses,spreadsheets
song_demo_1346.wav,,audio
grotesk_medium.woff2,,fonts
grotesk_medium.woff2,,fonts
gothic_4892.otf,,fonts
backup_2025-03-27.zip,compressed archive contents compressed archive contents compressed archive contents,archives
cooking_book.epub,preface acknowledgements chapter one it was a,books
config_5500.json,"id,name,value {""status"": ""ok"", ""items"": 42} id,name,value",data
backup_2023-05-18.zip,,archives
download_1108,,other
logo_draft_v8545.psd,layer mask vector artboard layer mask vector artboard layer mask vector artboard layer mask vector artboard,design
interview_recording_9975.flac,,audio
family_trip.png,,images
wireframes_8580.fig,layer mask vector artboard layer mask vector artboard layer mask vector artboard layer mask vector artboard,design
document1,,other
gothic_7009.otf,,fonts
receipt_926.pdf,dear sir or madam,documents
grotesk_medium.woff2,,fonts
logo_draft_v5810.psd,,design
pitch_deck_v9560.pptx,slide overview agenda market opportunity pricing,presentations
customers_export.tsv,"id,name,value {""status"": ""ok"", ""items"": 42} id,name,value {""status"": ""ok"", ""items"": 42}",data
letter_to_umbrella.txt,,documents
query_runner.py,export default component,code
backup_2018-10-10.zip,compressed archive contents compressed archive contents compressed archive contents compressed archive contents,archives
utils_7871.py,import pandas as pd import pandas as pd function render props import pandas as pd,code
config_5744.json,"id,name,value id,name,value {""status"": ""ok"", ""items"": 42}",data
hours_tracking_348.ods,,spreadsheets
quarterly_review_q2.pptx,slide overview agenda,presentations
birthday_2018.mp4,,videos
VID_4352.mp4,,videos
config_986.json,"{""status"": ""ok"", ""items"": 42}",data
app_component_5413.tsx,function render props import pandas as pd import pandas as pd,code
config_7890.json,"id,name,value id,name,value {""status"": ""ok"", ""items"": 42} id,name,value",data
customers_export.tsv,"{""status"": ""ok"", ""items"": 42}",data
styles_main.css,export default component,code
backup_2016-06-24.zip,,archives
invoice_9039_globex.pdf,meeting agenda attendees agreement between parties,documents
calibre_5149.mobi,preface acknowledgements chapter one it was a,books
backup_2017-07-09.zip,compressed archive contents compressed archive contents compressed archive contents compressed archive contents,archives
inter_bold.ttf,,fonts
vacation_mountains.jpeg,,images
physics_book.epub,preface acknowledgements preface acknowledgements preface acknowledgements,books
manual_v6225.pdf,,documents
app_component_8641.tsx,function render props import pandas as pd import pandas as pd import pandas as pd,code
metrics_2019-04-27.json,,data
inter_bold.ttf,,fonts
export_users.csv,"{""status"": ""ok"", ""items"": 42} {""status"": ""ok"", ""items"": 42} {""status"": ""ok"", ""items"": 42} {""status"": ""ok"", ""items"": 42}",data
report_draft_6517.docx,meeting agenda attendees agreement between parties meeting agenda attendees,documents
manual_v2798.pdf,invoice total due,documents
config_9497.json,"{""status"": ""ok"", ""items"": 42} {""status"": ""ok"", ""items"": 42} id,name,value {""status"": ""ok"", ""items"": 42}",data
screenshot_2017-07-01.png,,images
podcast_ep3050.mp3,,audio
expenses_jun.xlsx,"column,values sum of expenses sum of expenses",spreadsheets
expenses_apr.xlsx,"sum of expenses budget forecast q1 column,values sum of expenses",spreadsheets
query_runner.py,function render props,code
IMG_8218.jpg,,images
pitch_deck_v2841.pptx,,presentations
calibre_5241.mobi,chapter one it was a chapter one it was a chapter one it was a,books
voice_memo_1580.m4a,,audio
grotesk_medium.woff2,,fonts
hours_tracking_7823.ods,sum of expenses budget forecast q1,spreadsheets
budget_2020.xlsx,"budget forecast q1 column,values budget forecast q1",spreadsheets
banner_4343.ai,layer mask vector artboard layer mask vector artboard,design
hours_tracking_649.ods,sum of expenses sum of expenses,spreadsheets
banner_6886.ai,layer mask vector artboard layer mask vector artboard layer mask vector artboard layer mask vector artboard,design
grotesk_medium.woff2,,fonts
IMG_3447.jpg,,images
quarterly_review_q3.pptx,market opportunity pricing slide overview agenda market opportunity pricing slide overview agenda,presentations
lease_agreement_534.pdf,agreement between parties,documents
customers_export.tsv,,data
gothic_5359.otf,,fonts
VID_93.mp4,,videos
query_runner.py,import pandas as pd import pandas as pd import pandas as pd,code
project_export_166.7z,compressed archive contents compressed archive contents compressed archive contents compressed archive contents,archives
app_component_8016.tsx,function render props export default component import pandas as pd,code
banner_3098.ai,layer mask vector artboard layer mask vector artboard,design
newfile_4646,,other
query_runner.py,import pandas as pd,code
VID_2821.mp4,,videos
inter_bold.ttf,,fonts
budget_2022.xlsx,budget forecast q1 sum of expenses budget forecast q1,spreadsheets
gardening_book.epub,chapter one it was a,books
photos_archive_2025.tar.gz,compressed archive contents compressed archive contents compressed archive contents compressed archive contents,archives
styles_main.css,export default component import pandas as pd,code
calibre_6516.mobi,preface acknowledgements preface acknowledgements chapter one it was a chapter one it was a,books
project_export_183.7z,compressed archive contents compressed archive contents,archives
logo_draft_v2006.psd,layer mask vector artboard,design
drone_flight_mountains.mov,,videos
customers_export.tsv,"id,name,value id,name,value {""status"": ""ok"", ""items"": 42} {""status"": ""ok"", ""items"": 42}",data
IMG_9387.jpg,,images
gothic_7810.otf,,fonts
wireframes_3911.fig,,design
project_export_8364.7z,compressed archive contents compressed archive contents,archives
utils_8842.py,function render props function render props function render props function render props,code
budget_2018.xlsx,sum of expenses sum of expenses sum of expenses,spreadsheets
lease_agreement_5187.pdf,,documents
quarterly_review_q3.pptx,market opportunity pricing slide overview agenda slide overview agenda,presentations
family_dinner.png,,images
grotesk_medium.woff2,,fonts
photos_archive_2015.tar.gz,compressed archive contents compressed archive contents compressed archive contents,archives
calibre_9114.mobi,preface acknowledgements preface acknowledgements chapter one it was a,books
training_physics.key,slide overview agenda slide overview agenda market opportunity pricing,presentations
gothic_3554.otf,,fonts
cooking_book.epub,chapter one it was a preface acknowledgements preface acknowledgements,books
training_gardening.key,market opportunity pricing market opportunity pricing,presentations
hours_tracking_5985.ods,budget forecast q1,spreadsheets
hours_tracking_8606.ods,"column,values sum of expenses",spreadsheets
VID_5253.mp4,,videos
lecture_gardening.mkv,,videos
untitled_7771,,other
lecture_marketing.mkv,,videos
resume_priya_lee.docx,invoice total due agreement between parties meeting agenda attendees,documents
report_draft_6439.docx,meeting agenda attendees meeting agenda attendees,documents
song_demo_1052.wav,,audio
invoice_5896_acme.pdf,invoice total due invoice total due dear sir or madam,documents
wireframes_2326.fig,layer mask vector artboard layer mask vector artboard layer mask vector artboard layer mask vector artboard,design
cooking_book.epub,,books
quarterly_review_q2.pptx,slide overview agenda slide overview agenda market opportunity pricing,presentations
untitled_9725,,other
screenshot_2024-12-04.png,,images
document1,,other
IMG_4225.jpg,,images
training_physics.key,slide overview agenda market opportunity pricing,presentations
calibre_3584.mobi,chapter one it was a preface acknowledgements,books
physics_book.epub,preface acknowledgements,books
styles_main.css,,code
invoice_1227_acme.pdf,agreement between parties dear sir or madam,documents
project_export_3648.7z,compressed archive contents compressed archive contents compressed archive contents,archives
document1,,other
metrics_2026-06-02.json,,data
customers_export.tsv,,data
banner_8518.ai,,design
budget_2018.xlsx,"column,values",spreadsheets
drone_flight_beach.mov,,videos
resume_priya_patel.docx,agreement between parties,documents
song_demo_7867.wav,,audio
screenshot_2023-06-17.png,,images
photos_archive_2019.tar.gz,,archives
cooking_book.epub,preface acknowledgements preface acknowledgements,books
IMG_774.jpg,,images
config_6715.json,"{""status"": ""ok"", ""items"": 42}",data
podcast_ep7694.mp3,,audio
interview_recording_931.flac,,audio
training_gardening.key,,presentations
gothic_3837.otf,,fonts
banner_8842.ai,layer mask vector artboard,design
config_3520.json,"id,name,value {""status"": ""ok"", ""items"": 42}",data
family_graduation.png,,images
receipt_8058.pdf,dear sir or madam agreement between parties,documents
gothic_177.otf,,fonts
document1,,other
gothic_1778.otf,,fonts
banner_6499.ai,layer mask vector artboard layer mask vector artboard,design
drone_flight_city.mov,,videos
grotesk_medium.woff2,,fonts
utils_6400.py,,code
calibre_8186.mobi,preface acknowledgements preface acknowledgements chapter one it was a,books
training_physics.key,market opportunity pricing market opportunity pricing,presentations
gardening_book.epub,,books
grotesk_medium.woff2,,fonts
photos_archive_2024.tar.gz,compressed archive contents,archives
gothic_3759.otf,,fonts
server_main.go,export default component function render props function render props export default component,code
training_gardening.key,market opportunity pricing,presentations
logo_draft_v8559.psd,layer mask vector artboard layer mask vector artboard layer mask vector artboard layer mask vector artboard,design
grotesk_medium.woff2,,fonts
receipt_8218.pdf,,documents
config_93.json,"{""status"": ""ok"", ""items"": 42} id,name,value",data
song_demo_7365.wav,,audio
logo_draft_v6361.psd,,design
scan_doc6885.jpg,,images
export_orders.csv,"id,name,value {""status"": ""ok"", ""items"": 42}",data
vacation_lake.jpeg,,images
config_1053.json,"id,name,value",data
project_export_9501.7z,,archives
lease_agreement_9969.pdf,,documents
letter_to_hooli.txt,,documents
grotesk_medium.woff2,,fonts
birthday_2024.mp4,,videos
history_book.epub,preface acknowledgements preface acknowledgements chapter one it was a,books
VID_7554.mp4,,videos
app_component_8664.tsx,export default component import pandas as pd export default component,code
wireframes_6545.fig,layer mask vector artboard layer mask vector artboard,design
letter_to_acme.txt,meeting agenda attendees,documents
gothic_8950.otf,,fonts
meeting_notes_2016-01-27.txt,,documents
voice_memo_1155.m4a,,audio
backup_2020-07-24.zip,compressed archive contents,archives
inter_bold.ttf,,fonts
project_export_674.7z,compressed archive contents,archives
newfile_9819,,other
photos_archive_2015.tar.gz,compressed archive contents,archives
logo_draft_v3615.psd,layer mask vector artboard layer mask vector artboard,design
letter_to_globex.txt,,documents
inter_bold.ttf,,fonts
resume_alex_garcia.docx,invoice total due meeting agenda attendees meeting agenda attendees agreement between parties,documents
training_physics.key,market opportunity pricing market opportunity pricing,presentations
family_dinner.png,,images
receipt_7736.pdf,,documents
project_export_5346.7z,compressed archive contents compressed archive contents,archives
hours_tracking_5579.ods,sum of expenses sum of expenses,spreadsheets
wireframes_5456.fig,layer mask vector artboard,design
inter_bold.ttf,,fonts
app_component_240.tsx,,code
document1,,other
gardening_book.epub,chapter one it was a preface acknowledgements,books
download_3068,,other
scan_doc5356.jpg,,images
app_component_8803.tsx,function render props export default component import pandas as pd,code
quarterly_review_q3.pptx,slide overview agenda market opportunity pricing slide overview agenda market opportunity pricing,presentations
logo_draft_v9854.psd,layer mask vector artboard layer mask vector artboard layer mask vector artboard layer mask vector artboard,design
invoice_2621_initech.pdf,meeting agenda attendees meeting agenda attendees,documents
song_demo_4790.wav,,audio
invoice_3136_initech.pdf,agreement between parties meeting agenda attendees dear sir or madam,documents
receipt_2101.pdf,dear sir or madam invoice total due,documents
server_main.go,function render props export default component,code
vacation_lake.jpeg,,images
song_demo_4824.wav,,audio
metrics_2023-10-23.json,"{""status"": ""ok"", ""items"": 42} {""status"": ""ok"", ""items"": 42}",data
photos_archive_2025.tar.gz,compressed archive contents compressed archive contents compressed archive contents,archives
scan_doc6432.jpg,,images
training_history.key,market opportunity pricing slide overview agenda,presentations
styles_main.css,import pandas as pd import pandas as pd function render props,code
newfile_3979,,other
lecture_cooking.mkv,,videos
styles_main.css,export default component,code
report_draft_4764.docx,dear sir or madam,documents
meeting_notes_2025-04-23.txt,,documents
drone_flight_mountains.mov,,videos
download_2108,,other
vacation_lake.jpeg,,images
calibre_9604.mobi,chapter one it was a,books
photos_archive_2017.tar.gz,,archives
scan_doc9836.jpg,,images
calibre_7.mobi,preface acknowledgements chapter one it was a chapter one it was a chapter one it was a,books
gardening_book.epub,,books
document1,,other
config_4040.json,"{""status"": ""ok"", ""items"": 42} {""status"": ""ok"", ""items"": 42} id,name,value id,name,value",data
download_5567,,other
IMG_3975.jpg,,images
logo_draft_v4036.psd,layer mask vector artboard layer mask vector artboard layer mask vector artboard layer mask vector artboard,design
screenshot_2024-11-01.png,,images
manual_v5061.pdf,,documents
newfile_5005,,other
pitch_deck_v9293.pptx,slide overview agenda slide overview agenda slide overview agenda,presentations
budget_2025.xlsx,"column,values budget forecast q1",spreadsheets
history_book.epub,,books
backup_2015-09-24.zip,,archives
lease_agreement_2169.pdf,agreement between parties dear sir or madam meeting agenda attendees,documents
wireframes_4549.fig,layer mask vector artboard layer mask vector artboard,design
hours_tracking_963.ods,"budget forecast q1 column,values budget forecast q1 sum of expenses",spreadsheets
expenses_mar.xlsx,sum of expenses,spreadsheets
screenshot_2022-02-27.png,,images
manual_v1203.pdf,invoice total due,documents
podcast_ep2157.mp3,,audio
export_users.csv,"id,name,value id,name,value id,name,value",data
untitled_7676,,other
receipt_2069.pdf,meeting agenda attendees agreement between parties,documents
hours_tracking_7033.ods,budget forecast q1 budget forecast q1,spreadsheets
training_physics.key,slide overview agenda market opportunity pricing slide overview agenda,presentations
config_2425.json,"{""status"": ""ok"", ""items"": 42} {""status"": ""ok"", ""items"": 42} id,name,value id,name,value",data
song_demo_2197.wav,,audio
config_7915.json,"{""status"": ""ok"", ""items"": 42} id,name,value",data
wireframes_9824.fig,layer mask vector artboard,design
IMG_6654.jpg,,images
gothic_8200.otf,,fonts
lecture_history.mkv,,videos
app_component_8839.tsx,import pandas as pd export default component function render props,code
vacation_beach.jpeg,,images
song_demo_4703.wav,,audio
training_physics.key,,presentations
family_dinner.png,,images
invoice_157_globex.pdf,agreement between parties meeting agenda attendees invoice total due,documents
voice_memo_323.m4a,,audio
vacation_lake.jpeg,,images
backup_2019-05-21.zip,compressed archive contents compressed archive contents compressed archive contents,archives
song_demo_8058.wav,,audio
gardening_book.epub,preface acknowledgements preface acknowledgements,books
photos_archive_2018.tar.gz,,archives
inter_bold.ttf,,fonts
expenses_apr.xlsx,budget forecast q1 budget forecast q1 sum of expenses,spreadsheets
logo_draft_v363.psd,,design
untitled_5576,,other
hours_tracking_394.ods,"column,values column,values",spreadsheets
podcast_ep3713.mp3,,audio
podcast_ep1999.mp3,,audio
customers_export.tsv,"{""status"": ""ok"", ""items"": 42} {""status"": ""ok"", ""items"": 42} id,name,value {""status"": ""ok"", ""items"": 42}",data
hours_tracking_9433.ods,"sum of expenses column,values",spreadsheets
IMG_250.jpg,,images
backup_2023-11-28.zip,compressed archive contents compressed archive contents compressed archive contents,archives
family_trip.png,,images
VID_7945.mp4,,videos
training_gardening.key,market opportunity pricing slide overview agenda slide overview agenda market opportunity pricing,presentations
project_export_290.7z,compressed archive contents,archives
newfile_3403,,other
podcast_ep3840.mp3,,audio
VID_15.mp4,,videos
metrics_2021-01-25.json,"{""status"": ""ok"", ""items"": 42} id,name,value id,name,value id,name,value",data
wireframes_4950.fig,layer mask vector artboard,design
inter_bold.ttf,,fonts
app_component_4790.tsx,,code
screenshot_2022-08-19.png,,images
photos_archive_2019.tar.gz,compressed archive contents compressed archive contents compressed archive contents,archives
styles_main.css,export default component import pandas as pd import pandas as pd,code
styles_main.css,function render props function render props,code
history_book.epub,chapter one it was a chapter one it was a preface acknowledgements preface acknowledgements,books
budget_2022.xlsx,sum of expenses budget forecast q1,spreadsheets
drone_flight_city.mov,,videos
lease_agreement_878.pdf,agreement between parties invoice total due dear sir or madam,documents
expenses_jun.xlsx,budget forecast q1 sum of expenses,spreadsheets
letter_to_acme.txt,dear sir or madam,documents
document1,,other
podcast_ep9380.mp3,,audio
export_orders.csv,"id,name,value id,name,value id,name,value",data
gardening_book.epub,preface acknowledgements chapter one it was a,books
inter_bold.ttf,,fonts
project_export_7304.7z,,archives
logo_draft_v2718.psd,layer mask vector artboard,design
gothic_6735.otf,,fonts
pitch_deck_v7164.pptx,market opportunity pricing market opportunity pricing market opportunity pricing market opportunity pricing,presentations
calibre_6161.mobi,chapter one it was a preface acknowledgements,books
training_history.key,slide overview agenda,presentations
vacation_beach.jpeg,,images
screenshot_2023-01-19.png,,images
voice_memo_2367.m4a,,audio
export_events.csv,"{""status"": ""ok"", ""items"": 42} id,name,value {""status"": ""ok"", ""items"": 42} id,name,value",data
project_export_3287.7z,compressed archive contents compressed archive contents compressed archive contents compressed archive contents,archives
lecture_physics.mkv,,videos
gardening_book.epub,preface acknowledgements preface acknowledgements preface acknowledgements preface acknowledgements,books
export_users.csv,"id,name,value",data
quarterly_review_q2.pptx,market opportunity pricing market opportunity pricing,presentations
server_main.go,import pandas as pd import pandas as pd,code
report_draft_6739.docx,agreement between parties meeting agenda attendees,documents
untitled_3318,,other
lease_agreement_9979.pdf,,documents
banner_1173.ai,layer mask vector artboard layer mask vector artboard layer mask vector artboard layer mask vector artboard,design
receipt_2959.pdf,invoice total due dear sir or madam,documents
podcast_ep2113.mp3,,audio
document1,,other
VID_4178.mp4,,videos
calibre_1190.mobi,,books
quarterly_review_q4.pptx,,presentations
banner_2331.ai,layer mask vector artboard layer mask vector artboard,design
calibre_8147.mobi,preface acknowledgements preface acknowledgements preface acknowledgements preface acknowledgements,books
styles_main.css,export default component import pandas as pd export default component export default component,code
interview_recording_6321.flac,,audio
inter_bold.ttf,,fonts
banner_9905.ai,layer mask vector artboard layer mask vector artboard layer mask vector artboard layer mask vector artboard,design
photos_archive_2018.tar.gz,,archives
gothic_8901.otf,,fonts
VID_4326.mp4,,videos
banner_2950.ai,layer mask vector artboard layer mask vector artboard layer mask vector artboard layer mask vector artboard,design
voice_memo_4805.m4a,,audio
project_export_3181.7z,compressed archive contents,archives
voice_memo_2039.m4a,,audio
hours_tracking_1056.ods,"sum of expenses column,values column,values",spreadsheets
budget_2016.xlsx,budget forecast q1,spreadsheets
song_demo_3116.wav,,audio
history_book.epub,preface acknowledgements chapter one it was a preface acknowledgements,books
newfile_4936,,other
backup_2018-09-15.zip,compressed archive contents compressed archive contents,archives
podcast_ep8294.mp3,,audio
metrics_2019-02-05.json,"{""status"": ""ok"", ""items"": 42} {""status"": ""ok"", ""items"": 42} {""status"": ""ok"", ""items"": 42}",data
inter_bold.ttf,,fonts
gothic_1208.otf,,fonts
pitch_deck_v3610.pptx,slide overview agenda,presentations
quarterly_review_q1.pptx,slide overview agenda,presentations
inter_bold.ttf,,fonts
app_component_1386.tsx,function render props,code
lecture_marketing.mkv,,videos
config_4029.json,"{""status"": ""ok"", ""items"": 42} id,name,value {""status"": ""ok"", ""items"": 42}",data
photos_archive_2016.tar.gz,compressed archive contents compressed archive contents,archives
screenshot_2017-03-04.png,,images
pitch_deck_v4222.pptx,market opportunity pricing,presentations
history_book.epub,chapter one it was a chapter one it was a chapter one it was a,books
family_dinner.png,,images
hours_tracking_3892.ods,,spreadsheets
VID_8973.mp4,,videos
scan_doc8810.jpg,,images
birthday_2026.mp4,,videos
song_demo_7886.wav,,audio
receipt_4439.pdf,dear sir or madam agreement between parties,documents
hours_tracking_7360.ods,budget forecast q1 budget forecast q1 sum of expenses,spreadsheets
training_marketing.key,market opportunity pricing slide overview agenda market opportunity pricing slide overview agenda,presentations
screenshot_2024-04-27.png,,images
styles_main.css,export default component export default component import pandas as pd,code
hours_tracking_5122.ods,"budget forecast q1 column,values sum of expenses",spreadsheets
project_export_9472.7z,compressed archive contents compressed archive contents compressed archive contents compressed archive contents,archives
family_dinner.png,,images
budget_2018.xlsx,sum of expenses budget forecast q1 budget forecast q1,spreadsheets
vacation_lake.jpeg,,images
calibre_9772.mobi,,books
budget_2015.xlsx,,spreadsheets
voice_memo_1448.m4a,,audio
export_users.csv,"{""status"": ""ok"", ""items"": 42} {""status"": ""ok"", ""items"": 42} id,name,value",data
inter_bold.ttf,,fonts
marketing_book.epub,preface acknowledgements chapter one it was a preface acknowledgements,books
download_8139,,other
grotesk_medium.woff2,,fonts
calibre_8247.mobi,,books
project_export_3796.7z,compressed archive contents,archives
expenses_jun.xlsx,,spreadsheets
calibre_2793.mobi,,books
report_draft_8632.docx,meeting agenda attendees meeting agenda attendees meeting agenda attendees,documents
voice_memo_1222.m4a,,audio
pitch_deck_v1961.pptx,,presentations
training_gardening.key,slide overview agenda slide overview agenda,presentations
expenses_jan.xlsx,"column,values budget forecast q1 column,values sum of expenses",spreadsheets
document1,,other
marketing_book.epub,preface acknowledgements preface acknowledgements chapter one it was a,books
IMG_5096.jpg,,images
voice_memo_8510.m4a,,audio
grotesk_medium.woff2,,fonts
training_gardening.key,slide overview agenda market opportunity pricing slide overview agenda,presentations
banner_4935.ai,layer mask vector artboard layer mask vector artboard,design
calibre_2517.mobi,preface acknowledgements preface acknowledgements chapter one it was a,books
untitled_8562,,other
download_4518,,other
training_history.key,market opportunity pricing slide overview agenda market opportunity pricing market opportunity pricing,presentations
project_export_4569.7z,compressed archive contents compressed archive contents compressed archive contents compressed archive contents,archives
photos_archive_2020.tar.gz,compressed archive contents compressed archive contents compressed archive contents compressed archive contents,archives
project_export_8786.7z,,archives
VID_3254.mp4,,videos
customers_export.tsv,"id,name,value id,name,value id,name,value",data
lecture_marketing.mkv,,videos
styles_main.css,,code
gardening_book.epub,chapter one it was a preface acknowledgements preface acknowledgements,books
app_component_7953.tsx,import pandas as pd export default component import pandas as pd,code
backup_2017-08-24.zip,,archives
screenshot_2021-07-04.png,,images
photos_archive_2017.tar.gz,compressed archive contents compressed archive contents compressed archive contents,archives
calibre_5646.mobi,preface acknowledgements preface acknowledgements,books
lease_agreement_4568.pdf,meeting agenda attendees invoice total due dear sir or madam,documents
inter_bold.ttf,,fonts
project_export_9219.7z,compressed archive contents,archives
server_main.go,import pandas as pd,code
server_main.go,import pandas as pd import pandas as pd,code
screenshot_2018-07-07.png,,images
calibre_5388.mobi,preface acknowledgements chapter one it was a,books
document1,,other
banner_534.ai,layer mask vector artboard,design
voice_memo_6201.m4a,,audio
styles_main.css,import pandas as pd function render props export default component function render props,code
metrics_2015-05-17.json,,data
quarterly_review_q3.pptx,market opportunity pricing slide overview agenda,presentations
song_demo_4018.wav,,audio
podcast_ep9450.mp3,,audio
vacation_beach.jpeg,,images
query_runner.py,function render props export default component export default component function render props,code
manual_v1630.pdf,invoice total due meeting agenda attendees agreement between parties,documents
metrics_2015-04-01.json,,data
birthday_2024.mp4,,videos
project_export_8393.7z,compressed archive contents,archives
birthday_2016.mp4,,videos
wireframes_7552.fig,layer mask vector artboard layer mask vector artboard layer mask vector artboard layer mask vector artboard,design
interview_recording_5456.flac,,audio
styles_main.css,function render props,code
marketing_book.epub,preface acknowledgements,books
expenses_jun.xlsx,"column,values sum of expenses",spreadsheets
config_8695.json,"{""status"": ""ok"", ""items"": 42} {""status"": ""ok"", ""items"": 42} {""status"": ""ok"", ""items"": 42}",data
query_runner.py,function render props import pandas as pd,code
podcast_ep9753.mp3,,audio
screenshot_2015-06-11.png,,images
birthday_2018.mp4,,videos
lease_agreement_8230.pdf,meeting agenda attendees,documents
budget_2018.xlsx,budget forecast q1 budget forecast q1 sum of expenses,spreadsheets
customers_export.tsv,"{""status"": ""ok"", ""items"": 42} {""status"": ""ok"", ""items"": 42} id,name,value",data
family_dinner.png,,images
document1,,other
gothic_7758.otf,,fonts
screenshot_2025-10-10.png,,images
drone_flight_beach.mov,,videos
gothic_2510.otf,,fonts
logo_draft_v9471.psd,layer mask vector artboard layer mask vector artboard layer mask vector artboard,design
grotesk_medium.woff2,,fonts
budget_2026.xlsx,budget forecast q1 sum of expenses sum of expenses sum of expenses,spreadsheets
hours_tracking_2215.ods,"column,values budget forecast q1",spreadsheets
inter_bold.ttf,,fonts
hours_tracking_2119.ods,"sum of expenses column,values",spreadsheets
photos_archive_2025.tar.gz,compressed archive contents compressed archive contents compressed archive contents,archives
podcast_ep6197.mp3,,audio
download_1024,,other
project_export_4306.7z,compressed archive contents compressed archive contents compressed archive contents compressed archive contents,archives
physics_book.epub,chapter one it was a chapter one it was a,books
calibre_7812.mobi,preface acknowledgements preface acknowledgements preface acknowledgements chapter one it was a,books
wireframes_9386.fig,layer mask vector artboard,design
wireframes_5223.fig,,design
untitled_8145,,other
gothic_999.otf,,fonts
download_5337,,other
resume_alex_lee.docx,invoice total due,documents
calibre_4863.mobi,,books
untitled_6268,,other
styles_main.css,function render props function render props,code
document1,,other
podcast_ep8514.mp3,,audio
query_runner.py,function render props export default component function render props function render props,code
song_demo_264.wav,,audio
newfile_4475,,other
project_export_2661.7z,compressed archive contents,archives
wireframes_2537.fig,layer mask vector artboard layer mask vector artboard layer mask vector artboard layer mask vector artboard,design
lecture_marketing.mkv,,videos
receipt_8949.pdf,agreement between parties invoice total due agreement between parties dear sir or madam,documents
download_3137,,other
scan_doc6411.jpg,,images
song_demo_7340.wav,,audio
customers_export.tsv,"id,name,value {""status"": ""ok"", ""items"": 42} id,name,value",data
project_export_8858.7z,compressed archive contents,archives
wireframes_7746.fig,layer mask vector artboard layer mask vector artboard,design
server_main.go,,code
quarterly_review_q3.pptx,market opportunity pricing slide overview agenda slide overview agenda,presentations
gothic_3762.otf,,fonts
IMG_9251.jpg,,images
birthday_2018.mp4,,videos
lecture_cooking.mkv,,videos
training_physics.key,market opportunity pricing slide overview agenda market opportunity pricing,presentations
VID_1343.mp4,,videos
document1,,other
IMG_7071.jpg,,images
banner_8908.ai,layer mask vector artboard layer mask vector artboard,design
wireframes_1046.fig,,design
download_596,,other
podcast_ep5447.mp3,,audio
cooking_book.epub,preface acknowledgements preface acknowledgements chapter one it was a,books
grotesk_medium.woff2,,fonts
query_runner.py,export default component export default component,code
project_export_6299.7z,compressed archive contents compressed archive contents compressed archive contents,archives
quarterly_review_q2.pptx,slide overview agenda slide overview agenda,presentations
wireframes_4643.fig,layer mask vector artboard layer mask vector artboard layer mask vector artboard layer mask vector artboard,design
invoice_8144_globex.pdf,meeting agenda attendees invoice total due agreement between parties,documents
voice_memo_2720.m4a,,audio
grotesk_medium.woff2,,fonts
hours_tracking_4300.ods,"column,values",spreadsheets
training_physics.key,market opportunity pricing market opportunity pricing market opportunity pricing slide overview agenda,presentations
download_2587,,other
vacation_lake.jpeg,,images
utils_1191.py,function render props function render props export default component import pandas as pd,code
training_physics.key,slide overview agenda market opportunity pricing slide overview agenda slide overview agenda,presentations
customers_export.tsv,"id,name,value",data
IMG_3400.jpg,,images
app_component_3032.tsx,export default component export default component export default component,code
document1,,other
quarterly_review_q4.pptx,market opportunity pricing slide overview agenda,presentations
pitch_deck_v8483.pptx,slide overview agenda market opportunity pricing market opportunity pricing slide overview agenda,presentations
marketing_book.epub,preface acknowledgements chapter one it was a,books
gothic_5973.otf,,fonts
scan_doc1036.jpg,,images
calibre_8366.mobi,preface acknowledgements,books
app_component_6785.tsx,export default component export default component,code
server_main.go,import pandas as pd function render props,code
hours_tracking_4406.ods,,spreadsheets
budget_2016.xlsx,budget forecast q1 budget forecast q1,spreadsheets
untitled_8852,,other
interview_recording_3875.flac,,audio
export_orders.csv,"id,name,value id,name,value {""status"": ""ok"", ""items"": 42} {""status"": ""ok"", ""items"": 42}",data
meeting_notes_2017-09-23.txt,dear sir or madam dear sir or madam invoice total due,documents
banner_9300.ai,layer mask vector artboard layer mask vector artboard layer mask vector artboard,design
inter_bold.ttf,,fonts
gothic_8086.otf,,fonts
voice_memo_5638.m4a,,audio
song_demo_4024.wav,,audio
utils_6244.py,function render props import pandas as pd export default component function render props,code
invoice_8608_globex.pdf,,documents
gothic_7872.otf,,fonts
IMG_7014.jpg,,images
styles_main.css,,code
banner_1686.ai,layer mask vector artboard layer mask vector artboard,design
export_users.csv,"id,name,value id,name,value {""status"": ""ok"", ""items"": 42}",data
untitled_1464,,other
voice_memo_8878.m4a,,audio
history_book.epub,chapter one it was a chapter one it was a preface acknowledgements,books
photos_archive_2016.tar.gz,compressed archive contents compressed archive contents,archives
scan_doc547.jpg,,images
lease_agreement_2043.pdf,,documents
wireframes_6894.fig,layer mask vector artboard layer mask vector artboard,design
calibre_7862.mobi,,books
styles_main.css,export default component function render props,code
training_history.key,market opportunity pricing slide overview agenda market opportunity pricing,presentations
project_export_6295.7z,,archives
quarterly_review_q2.pptx,slide overview agenda market opportunity pricing slide overview agenda market opportunity pricing,presentations
quarterly_review_q2.pptx,market opportunity pricing,presentations
query_runner.py,,code
logo_draft_v1784.psd,layer mask vector artboard layer mask vector artboard layer mask vector artboard,design
song_demo_7243.wav,,audio
inter_bold.ttf,,fonts
untitled_5214,,other
wireframes_5231.fig,layer mask vector artboard layer mask vector artboard,design
calibre_7555.mobi,chapter one it was a,books
training_marketing.key,slide overview agenda slide overview agenda slide overview agenda,presentations
inter_bold.ttf,,fonts
banner_4863.ai,,design
newfile_9323,,other
query_runner.py,,code
wireframes_4908.fig,layer mask vector artboard,design
backup_2016-01-01.zip,compressed archive contents compressed archive contents,archives
grotesk_medium.woff2,,fonts
download_7411,,other
budget_2015.xlsx,"column,values budget forecast q1",spreadsheets
song_demo_4964.wav,,audio
interview_recording_2422.flac,,audio
calibre_2676.mobi,,books
calibre_823.mobi,,books
newfile_6305,,other
VID_4094.mp4,,videos
vacation_lake.jpeg,,images
quarterly_review_q2.pptx,market opportunity pricing slide overview agenda slide overview agenda,presentations
wireframes_5849.fig,layer mask vector artboard layer mask vector artboard layer mask vector artboard,design
banner_7724.ai,layer mask vector artboard layer mask vector artboard,design
utils_60.py,import pandas as pd import pandas as pd function render props import pandas as pd,code
customers_export.tsv,"id,name,value",data
budget_2015.xlsx,"budget forecast q1 column,values budget forecast q1",spreadsheets
scan_doc5813.jpg,,images
manual_v7059.pdf,meeting agenda attendees invoice total due agreement between parties,documents
document1,,other
quarterly_review_q4.pptx,slide overview agenda slide overview agenda market opportunity pricing,presentations
receipt_1185.pdf,meeting agenda attendees invoice total due dear sir or madam,documents
calibre_9966.mobi,chapter one it was a preface acknowledgements chapter one it was a,books
podcast_ep3415.mp3,,audio
podcast_ep8758.mp3,,audio
wireframes_3250.fig,layer mask vector artboard layer mask vector artboard layer mask vector artboard,design
metrics_2020-04-26.json,"id,name,value id,name,value",data
untitled_6092,,other
export_events.csv,,data
voice_memo_196.m4a,,audio
voice_memo_3449.m4a,,audio
lecture_marketing.mkv,,videos
customers_export.tsv,,data
project_export_8005.7z,compressed archive contents compressed archive contents compressed archive contents,archives
budget_2015.xlsx,budget forecast q1,spreadsheets
logo_draft_v3959.psd,,design
banner_856.ai,layer mask vector artboard layer mask vector artboard layer mask vector artboard layer mask vector artboard,design
metrics_2024-10-15.json,"id,name,value",data
query_runner.py,import pandas as pd function render props export default component export default component,code
pitch_deck_v3065.pptx,slide overview agenda,presentations
backup_2018-04-17.zip,compressed archive contents compressed archive contents compressed archive contents compressed archive contents,archives
config_2375.json,"{""status"": ""ok"", ""items"": 42} {""status"": ""ok"", ""items"": 42} id,name,value {""status"": ""ok"", ""items"": 42}",data
untitled_6178,,other
gothic_7696.otf,,fonts
letter_to_initech.txt,meeting agenda attendees agreement between parties,documents
history_book.epub,preface acknowledgements,books
inter_bold.ttf,,fonts
report_draft_7889.docx,agreement between parties,documents
hours_tracking_9143.ods,budget forecast q1 budget forecast q1,spreadsheets
training_marketing.key,market opportunity pricing slide overview agenda slide overview agenda,presentations
physics_book.epub,chapter one it was a chapter one it was a chapter one it was a chapter one it was a,books
calibre_3369.mobi,,books
gardening_book.epub,chapter one it was a chapter one it was a,books
birthday_2024.mp4,,videos
utils_8387.py,import pandas as pd export default component export default component function render props,code
report_draft_6235.docx,meeting agenda attendees,documents
receipt_5249.pdf,dear sir or madam agreement between parties,documents
hours_tracking_1855.ods,"sum of expenses budget forecast q1 column,values",spreadsheets
lecture_cooking.mkv,,videos
styles_main.css,function render props,code
interview_recording_7395.flac,,audio
training_history.key,,presentations
metrics_2024-11-27.json,"id,name,value {""status"": ""ok"", ""items"": 42}",data
pitch_deck_v5587.pptx,market opportunity pricing market opportunity pricing,presentations
birthday_2022.mp4,,videos
newfile_23,,other
query_runner.py,export default component,code
expenses_may.xlsx,"column,values",spreadsheets
photos_archive_2023.tar.gz,compressed archive contents compressed archive contents compressed archive contents compressed archive contents,archives
wireframes_6223.fig,layer mask vector artboard layer mask vector artboard layer mask vector artboard,design
invoice_5339_globex.pdf,dear sir or madam meeting agenda attendees invoice total due meeting agenda attendees,documents
styles_main.css,export default component export default component function render props,code
birthday_2016.mp4,,videos
metrics_2019-04-24.json,"id,name,value {""status"": ""ok"", ""items"": 42} id,name,value",data
scan_doc6321.jpg,,images
birthday_2026.mp4,,videos
hours_tracking_9137.ods,budget forecast q1,spreadsheets
expenses_mar.xlsx,,spreadsheets
screenshot_2020-07-14.png,,images
banner_5265.ai,layer mask vector artboard layer mask vector artboard layer mask vector artboard layer mask vector artboard,design
download_9773,,other
logo_draft_v8305.psd,layer mask vector artboard layer mask vector artboard layer mask vector artboard,design
styles_main.css,function render props export default component import pandas as pd,code
banner_8112.ai,layer mask vector artboard layer mask vector artboard layer mask vector artboard layer mask vector artboard,design
report_draft_4056.docx,,documents
lease_agreement_8112.pdf,invoice total due,documents
export_users.csv,"id,name,value",data
song_demo_9313.wav,,audio
VID_9008.mp4,,videos
backup_2024-01-25.zip,,archives
meeting_notes_2023-10-20.txt,invoice total due dear sir or madam,documents
untitled_6974,,other
styles_main.css,function render props import pandas as pd import pandas as pd export default component,code
newfile_3780,,other
drone_flight_beach.mov,,videos
metrics_2018-07-04.json,"id,name,value",data
styles_main.css,function render props function render props,code
pitch_deck_v9153.pptx,market opportunity pricing market opportunity pricing market opportunity pricing,presentations
drone_flight_mountains.mov,,videos
lecture_gardening.mkv,,videos
download_6707,,other
history_book.epub,,books
config_5418.json,"id,name,value {""status"": ""ok"", ""items"": 42} {""status"": ""ok"", ""items"": 42} id,name,value",data
quarterly_review_q1.pptx,slide overview agenda market opportunity pricing,presentations
quarterly_review_q2.pptx,market opportunity pricing slide overview agenda,presentations
screenshot_2022-11-01.png,,images
meeting_notes_2015-05-28.txt,dear sir or madam agreement between parties invoice total due invoice total due,documents
banner_5958.ai,layer mask vector artboard layer mask vector artboard layer mask vector artboard,design
vacation_mountains.jpeg,,images
utils_3906.py,import pandas as pd,code
calibre_448.mobi,chapter one it was a chapter one it was a preface acknowledgements preface acknowledgements,books
export_orders.csv,"id,name,value",data
photos_archive_2019.tar.gz,compressed archive contents compressed archive contents,archives
song_demo_2431.wav,,audio
download_3456,,other
config_9493.json,"{""status"": ""ok"", ""items"": 42}",data
gothic_920.otf,,fonts
voice_memo_4401.m4a,,audio
photos_archive_2018.tar.gz,compressed archive contents compressed archive contents compressed archive contents compressed archive contents,archives
customers_export.tsv,,data
logo_draft_v3421.psd,,design
interview_recording_278.flac,,audio
training_marketing.key,slide overview agenda,presentations
inter_bold.ttf,,fonts
logo_draft_v4556.psd,layer mask vector artboard layer mask vector artboard layer mask vector artboard layer mask vector artboard,design
wireframes_4581.fig,layer mask vector artboard layer mask vector artboard,design
backup_2018-06-02.zip,,archives
pitch_deck_v1551.pptx,slide overview agenda slide overview agenda,presentations
drone_flight_lake.mov,,videos
training_history.key,market opportunity pricing slide overview agenda market opportunity pricing market opportunity pricing,presentations
inter_bold.ttf,,fonts
wireframes_8904.fig,layer mask vector artboard layer mask vector artboard layer mask vector artboard,design
history_book.epub,,books
vacation_city.jpeg,,images
photos_archive_2022.tar.gz,compressed archive contents compressed archive contents,archives
app_component_668.tsx,import pandas as pd function render props export default component function render props,code
training_cooking.key,,presentations
grotesk_medium.woff2,,fonts
download_7506,,other
drone_flight_city.mov,,videos
expenses_may.xlsx,budget forecast q1 sum of expenses,spreadsheets
screenshot_2019-09-14.png,,images
backup_2025-12-12.zip,compressed archive contents compressed archive contents,archives
metrics_2017-03-23.json,"id,name,value",data
letter_to_umbrella.txt,invoice total due,documents
VID_851.mp4,,videos
query_runner.py,function render props export default component,code
budget_2025.xlsx,,spreadsheets
config_1583.json,"id,name,value id,name,value id,name,value",data
family_trip.png,,images
IMG_2748.jpg,,images
project_export_1708.7z,compressed archive contents compressed archive contents compressed archive contents,archives
logo_draft_v1270.psd,,design
wireframes_1676.fig,layer mask vector artboard,design
expenses_feb.xlsx,"budget forecast q1 column,values",spreadsheets
server_main.go,export default component function render props function render props,code
export_events.csv,"id,name,value {""status"": ""ok"", ""items"": 42}",data
VID_1703.mp4,,videos
training_history.key,market opportunity pricing slide overview agenda,presentations
untitled_461,,other
hours_tracking_859.ods,,spreadsheets
voice_memo_97.m4a,,audio
quarterly_review_q4.pptx,market opportunity pricing market opportunity pricing slide overview agenda,presentations
quarterly_review_q2.pptx,slide overview agenda market opportunity pricing market opportunity pricing,presentations
manual_v6484.pdf,invoice total due invoice total due dear sir or madam agreement between parties,documents
song_demo_5090.wav,,audio
banner_8651.ai,layer mask vector artboard layer mask vector artboard layer mask vector artboard layer mask vector artboard,design
photos_archive_2024.tar.gz,compressed archive contents compressed archive contents,archives
cooking_book.epub,preface acknowledgements,books
training_gardening.key,slide overview agenda,presentations
calibre_7233.mobi,preface acknowledgements chapter one it was a preface acknowledgements,books
budget_2026.xlsx,"column,values",spreadsheets
lecture_history.mkv,,videos
server_main.go,function render props import pandas as pd,code
backup_2026-08-25.zip,compressed archive contents compressed archive contents compressed archive contents,archives
untitled_3795,,other
VID_1744.mp4,,videos
styles_main.css,function render props import pandas as pd export default component function render props,code
family_graduation.png,,images
calibre_2972.mobi,,books
untitled_9388,,other
query_runner.py,function render props function render props import pandas as pd import pandas as pd,code
receipt_9598.pdf,dear sir or madam meeting agenda attendees,documents
budget_2017.xlsx,,spreadsheets
scan_doc4305.jpg,,images
budget_2019.xlsx,"sum of expenses sum of expenses column,values",spreadsheets
grotesk_medium.woff2,,fonts
document1,,other
training_history.key,market opportunity pricing market opportunity pricing market opportunity pricing,presentations
document1,,other
grotesk_medium.woff2,,fonts
grotesk_medium.woff2,,fonts
birthday_2025.mp4,,videos
calibre_3321.mobi,chapter one it was a chapter one it was a chapter one it was a preface acknowledgements,books
screenshot_2024-02-11.png,,images
wireframes_2339.fig,layer mask vector artboard layer mask vector artboard layer mask vector artboard layer mask vector artboard,design
download_791,,other
grotesk_medium.woff2,,fonts
gardening_book.epub,,books
wireframes_5966.fig,layer mask vector artboard layer mask vector artboard layer mask vector artboard,design
invoice_3139_globex.pdf,invoice total due meeting agenda attendees dear sir or madam dear sir or madam,documents
untitled_9779,,other
screenshot_2023-02-12.png,,images
photos_archive_2015.tar.gz,compressed archive contents compressed archive contents compressed archive contents compressed archive contents,archives
calibre_7928.mobi,,books
letter_to_initech.txt,meeting agenda attendees invoice total due,documents
banner_7516.ai,layer mask vector artboard,design
scan_doc9433.jpg,,images
newfile_1810,,other
budget_2018.xlsx,budget forecast q1 sum of expenses sum of expenses,spreadsheets
podcast_ep407.mp3,,audio
untitled_4472,,other
project_export_462.7z,compressed archive contents compressed archive contents compressed archive contents compressed archive contents,archives
query_runner.py,function render props function render props import pandas as pd import pandas as pd,code
document1,,other
styles_main.css,function render props export default component function render props import pandas as pd,code
receipt_668.pdf,dear sir or madam invoice total due agreement between parties meeting agenda attendees,documents
styles_main.css,export default component import pandas as pd,code
voice_memo_2258.m4a,,audio
marketing_book.epub,chapter one it was a preface acknowledgements chapter one it was a preface acknowledgements,books
wireframes_6513.fig,layer mask vector artboard layer mask vector artboard,design
cooking_book.epub,preface acknowledgements chapter one it was a preface acknowledgements preface acknowledgements,books
grotesk_medium.woff2,,fonts
marketing_book.epub,preface acknowledgements chapter one it was a preface acknowledgements preface acknowledgements,books
inter_bold.ttf,,fonts
quarterly_review_q3.pptx,,presentations
cooking_book.epub,chapter one it was a preface acknowledgements chapter one it was a,books
project_export_9303.7z,compressed archive contents compressed archive contents,archives
logo_draft_v811.psd,layer mask vector artboard,design
invoice_7508_hooli.pdf,agreement between parties meeting agenda attendees,documents
resume_alex_garcia.docx,meeting agenda attendees meeting agenda attendees dear sir or madam dear sir or madam,documents
config_6898.json,"id,name,value id,name,value",data
lecture_cooking.mkv,,videos
resume_wei_nova.docx,,documents
utils_4738.py,export default component function render props export default component function render props,code
grotesk_medium.woff2,,fonts
manual_v7737.pdf,agreement between parties,documents
untitled_6128,,other
quarterly_review_q2.pptx,slide overview agenda,presentations
birthday_2019.mp4,,videos
banner_4020.ai,layer mask vector artboard,design
customers_export.tsv,"id,name,value id,name,value id,name,value",data
config_7403.json,,data
metrics_2026-09-01.json,"{""status"": ""ok"", ""items"": 42} id,name,value id,name,value",data
photos_archive_2021.tar.gz,compressed archive contents compressed archive contents,archives
untitled_8799,,other
newfile_3089,,other
manual_v255.pdf,meeting agenda attendees agreement between parties,documents
metrics_2026-03-03.json,"{""status"": ""ok"", ""items"": 42} id,name,value",data
resume_sam_nova.docx,invoice total due,documents
grotesk_medium.woff2,,fonts
query_runner.py,export default component function render props function render props,code
logo_draft_v229.psd,layer mask vector artboard,design
budget_2016.xlsx,budget forecast q1 sum of expenses sum of expenses budget forecast q1,spreadsheets
history_book.epub,chapter one it was a,books
utils_3723.py,import pandas as pd import pandas as pd import pandas as pd,code
untitled_7539,,other
banner_1873.ai,layer mask vector artboard layer mask vector artboard,design
podcast_ep8726.mp3,,audio
podcast_ep4663.mp3,,audio
logo_draft_v1689.psd,,design
utils_4256.py,,code
IMG_6873.jpg,,images
calibre_1534.mobi,preface acknowledgements preface acknowledgements chapter one it was a chapter one it was a,books
backup_2020-12-10.zip,compressed archive contents compressed archive contents,archives
wireframes_505.fig,layer mask vector artboard layer mask vector artboard layer mask vector artboard,design
scan_doc2783.jpg,,images
inter_bold.ttf,,fonts
pitch_deck_v8028.pptx,slide overview agenda,presentations
wireframes_866.fig,layer mask vector artboard layer mask vector artboard layer mask vector artboard,design
banner_3695.ai,,design
screenshot_2020-01-06.png,,images
cooking_book.epub,preface acknowledgements preface acknowledgements preface acknowledgements chapter one it was a,books
training_physics.key,slide overview agenda slide overview agenda slide overview agenda market opportunity pricing,presentations
newfile_5874,,other
voice_memo_9885.m4a,,audio
backup_2019-11-22.zip,compressed archive contents compressed archive contents compressed archive contents,archives
project_export_1558.7z,compressed archive contents,archives
song_demo_426.wav,,audio
app_component_6841.tsx,export default component import pandas as pd import pandas as pd function render props,code
calibre_6051.mobi,,books
download_8234,,other
lecture_gardening.mkv,,videos
VID_4761.mp4,,videos
calibre_3506.mobi,,books
report_draft_208.docx,,documents
server_main.go,import pandas as pd export default component function render props function render props,code
podcast_ep6397.mp3,,audio
gothic_2956.otf,,fonts
quarterly_review_q1.pptx,slide overview agenda market opportunity pricing slide overview agenda slide overview agenda,presentations
voice_memo_6530.m4a,,audio
training_cooking.key,,presentations
logo_draft_v1773.psd,,design
app_component_2908.tsx,import pandas as pd export default component import pandas as pd function render props,code
interview_recording_2649.flac,,audio
calibre_754.mobi,preface acknowledgements chapter one it was a,books
quarterly_review_q1.pptx,slide overview agenda,presentations
download_3559,,other
project_export_1413.7z,compressed archive contents compressed archive contents,archives
wireframes_3878.fig,,design
quarterly_review_q4.pptx,slide overview agenda slide overview agenda,presentations
lease_agreement_9373.pdf,agreement between parties agreement between parties agreement between parties,documents
logo_draft_v907.psd,layer mask vector artboard layer mask vector artboard layer mask vector artboard layer mask vector artboard,design
gothic_9010.otf,,fonts
newfile_4446,,other
customers_export.tsv,,data
letter_to_initech.txt,dear sir or madam agreement between parties,documents
document1,,other
project_export_955.7z,compressed archive contents compressed archive contents,archives
export_users.csv,"{""status"": ""ok"", ""items"": 42}",data
birthday_2020.mp4,,videos
receipt_3957.pdf,dear sir or madam,documents
budget_2020.xlsx,budget forecast q1 sum of expenses,spreadsheets
grotesk_medium.woff2,,fonts
logo_draft_v2059.psd,layer mask vector artboard layer mask vector artboard layer mask vector artboard,design
export_events.csv,,data
inter_bold.ttf,,fonts
cooking_book.epub,chapter one it was a preface acknowledgements,books
lecture_physics.mkv,,videos
interview_recording_9012.flac,,audio
backup_2022-09-02.zip,compressed archive contents compressed archive contents,archives
query_runner.py,export default component function render props,code
VID_8592.mp4,,videos
interview_recording_6480.flac,,audio
lecture_physics.mkv,,videos
newfile_7916,,other
scan_doc4344.jpg,,images
export_events.csv,"{""status"": ""ok"", ""items"": 42} id,name,value id,name,value",data
podcast_ep2591.mp3,,audio
query_runner.py,import pandas as pd,code
VID_2129.mp4,,videos
quarterly_review_q1.pptx,slide overview agenda market opportunity pricing slide overview agenda,presentations
wireframes_9902.fig,layer mask vector artboard layer mask vector artboard,design
drone_flight_beach.mov,,videos
server_main.go,export default component,code
inter_bold.ttf,,fonts
gothic_2169.otf,,fonts
birthday_2024.mp4,,videos
grotesk_medium.woff2,,fonts
drone_flight_lake.mov,,videos
meeting_notes_2019-08-18.txt,agreement between parties agreement between parties agreement between parties,documents
VID_3577.mp4,,videos
photos_archive_2025.tar.gz,compressed archive contents,archives
wireframes_7131.fig,layer mask vector artboard layer mask vector artboard layer mask vector artboard,design
letter_to_acme.txt,invoice total due,documents
logo_draft_v1879.psd,layer mask vector artboard layer mask vector artboard layer mask vector artboard,design
wireframes_3364.fig,layer mask vector artboard layer mask vector artboard layer mask vector artboard layer mask vector artboard,design
screenshot_2025-07-05.png,,images
family_graduation.png,,images
grotesk_medium.woff2,,fonts
project_export_4801.7z,,archives
untitled_2539,,other
inter_bold.ttf,,fonts
voice_memo_1255.m4a,,audio
interview_recording_6077.flac,,audio
export_orders.csv,"{""status"": ""ok"", ""items"": 42}",data
backup_2025-12-10.zip,compressed archive contents compressed archive contents compressed archive contents compressed archive contents,archives
untitled_5645,,other
expenses_feb.xlsx,,spreadsheets
calibre_6407.mobi,,books
customers_export.tsv,"id,name,value",data
screenshot_2017-05-26.png,,images
calibre_7076.mobi,chapter one it was a,books
gothic_9428.otf,,fonts
wireframes_4613.fig,layer mask vector artboard,design
metrics_2024-09-23.json,"{""status"": ""ok"", ""items"": 42} id,name,value id,name,value {""status"": ""ok"", ""items"": 42}",data
grotesk_medium.woff2,,fonts
config_3185.json,"{""status"": ""ok"", ""items"": 42}",data
app_component_2147.tsx,export default component export default component,code
report_draft_6767.docx,meeting agenda attendees meeting agenda attendees meeting agenda attendees dear sir or madam,documents
screenshot_2026-03-28.png,,images
expenses_may.xlsx,"column,values column,values",spreadsheets
export_users.csv,"id,name,value id,name,value {""status"": ""ok"", ""items"": 42}",data
export_orders.csv,"{""status"": ""ok"", ""items"": 42} {""status"": ""ok"", ""items"": 42} id,name,value id,name,value",data
training_gardening.key,,presentations
podcast_ep8219.mp3,,audio
banner_589.ai,,design
export_users.csv,"{""status"": ""ok"", ""items"": 42} id,name,value",data
document1,,other
marketing_book.epub,preface acknowledgements chapter one it was a,books
birthday_2020.mp4,,videos
VID_2032.mp4,,videos
song_demo_2674.wav,,audio
quarterly_review_q3.pptx,market opportunity pricing slide overview agenda,presentations
gothic_136.otf,,fonts
inter_bold.ttf,,fonts
physics_book.epub,,books
budget_2016.xlsx,"column,values",spreadsheets
pitch_deck_v4470.pptx,market opportunity pricing market opportunity pricing,presentations
meeting_notes_2022-11-17.txt,agreement between parties agreement between parties,documents
query_runner.py,,code
banner_8292.ai,layer mask vector artboard layer mask vector artboard layer mask vector artboard layer mask vector artboard,design
logo_draft_v5658.psd,layer mask vector artboard layer mask vector artboard layer mask vector artboard layer mask vector artboard,design
inter_bold.ttf,,fonts
hours_tracking_7505.ods,,spreadsheets
query_runner.py,function render props,code
server_main.go,export default component function render props import pandas as pd import pandas as pd,code
photos_archive_2025.tar.gz,compressed archive contents,archives
project_export_3913.7z,,archives
hours_tracking_8130.ods,"sum of expenses column,values sum of expenses column,values",spreadsheets
customers_export.tsv,"id,name,value id,name,value {""status"": ""ok"", ""items"": 42} id,name,value",data
voice_memo_1527.m4a,,audio
metrics_2022-12-17.json,"{""status"": ""ok"", ""items"": 42}",data
training_gardening.key,market opportunity pricing slide overview agenda slide overview agenda market opportunity pricing,presentations
server_main.go,,code
scan_doc5459.jpg,,images
document1,,other
birthday_2021.mp4,,videos
inter_bold.ttf,,fonts
calibre_9707.mobi,chapter one it was a,books
podcast_ep5328.mp3,,audio
expenses_jun.xlsx,"column,values",spreadsheets
grotesk_medium.woff2,,fonts
IMG_1982.jpg,,images
config_5525.json,"id,name,value id,name,value",data
voice_memo_3340.m4a,,audio
customers_export.tsv,"{""status"": ""ok"", ""items"": 42} id,name,value {""status"": ""ok"", ""items"": 42} {""status"": ""ok"", ""items"": 42}",data
hours_tracking_6835.ods,sum of expenses,spreadsheets
logo_draft_v7619.psd,,design
config_127.json,"{""status"": ""ok"", ""items"": 42} {""status"": ""ok"", ""items"": 42}",data
inter_bold.ttf,,fonts
budget_2021.xlsx,,spreadsheets
budget_2021.xlsx,,spreadsheets
expenses_apr.xlsx,"sum of expenses column,values sum of expenses sum of expenses",spreadsheets
banner_5694.ai,,design
letter_to_initech.txt,meeting agenda attendees,documents
quarterly_review_q2.pptx,,presentations
app_component_2645.tsx,function render props export default component,code
history_book.epub,preface acknowledgements preface acknowledgements chapter one it was a preface acknowledgements,books
app_component_9712.tsx,import pandas as pd,code
manual_v9656.pdf,meeting agenda attendees dear sir or madam,documents
quarterly_review_q3.pptx,slide overview agenda,presentations
voice_memo_9187.m4a,,audio
backup_2022-07-17.zip,compressed archive contents compressed archive contents compressed archive contents,archives
lease_agreement_5554.pdf,dear sir or madam agreement between parties meeting agenda attendees,documents
hours_tracking_6318.ods,"column,values budget forecast q1 budget forecast q1 budget forecast q1",spreadsheets
photos_archive_2020.tar.gz,compressed archive contents,archives
expenses_mar.xlsx,"column,values column,values",spreadsheets
cooking_book.epub,preface acknowledgements chapter one it was a chapter one it was a,books
grotesk_medium.woff2,,fonts
app_component_8505.tsx,function render props export default component,code
logo_draft_v133.psd,,design
quarterly_review_q4.pptx,market opportunity pricing slide overview agenda,presentations
photos_archive_2016.tar.gz,compressed archive contents compressed archive contents,archives
lecture_history.mkv,,videos
IMG_9460.jpg,,images
marketing_book.epub,preface acknowledgements,books
gothic_4510.otf,,fonts
screenshot_2025-04-20.png,,images
marketing_book.epub,preface acknowledgements preface acknowledgements preface acknowledgements preface acknowledgements,books
quarterly_review_q2.pptx,slide overview agenda,presentations
drone_flight_lake.mov,,videos
project_export_2098.7z,compressed archive contents,archives
grotesk_medium.woff2,,fonts
pitch_deck_v8932.pptx,slide overview agenda market opportunity pricing,presentations
customers_export.tsv,,data
metrics_2022-06-02.json,"{""status"": ""ok"", ""items"": 42} id,name,value {""status"": ""ok"", ""items"": 42}",data
training_cooking.key,market opportunity pricing,presentations
meeting_notes_2024-04-17.txt,meeting agenda attendees invoice total due agreement between parties agreement between parties,documents
expenses_may.xlsx,,spreadsheets
export_orders.csv,"id,name,value",data
customers_export.tsv,"{""status"": ""ok"", ""items"": 42} {""status"": ""ok"", ""items"": 42} {""status"": ""ok"", ""items"": 42} id,name,value",data
metrics_2019-07-01.json,"id,name,value {""status"": ""ok"", ""items"": 42}",data
customers_export.tsv,"id,name,value",data
expenses_apr.xlsx,sum of expenses sum of expenses,spreadsheets
scan_doc7298.jpg,,images
logo_draft_v4880.psd,layer mask vector artboard layer mask vector artboard layer mask vector artboard,design
quarterly_review_q1.pptx,market opportunity pricing slide overview agenda market opportunity pricing market opportunity pricing,presentations
hours_tracking_2101.ods,"column,values sum of expenses column,values",spreadsheets
download_2952,,other
server_main.go,function render props function render props import pandas as pd import pandas as pd,code
voice_memo_8314.m4a,,audio
hours_tracking_6547.ods,sum of expenses budget forecast q1 budget forecast q1 budget forecast q1,spreadsheets
utils_6359.py,,code
hours_tracking_6063.ods,,spreadsheets
backup_2026-04-04.zip,compressed archive contents compressed archive contents compressed archive contents compressed archive contents,archives
pitch_deck_v6931.pptx,market opportunity pricing,presentations
resume_wei_nova.docx,meeting agenda attendees dear sir or madam agreement between parties,documents
drone_flight_city.mov,,videos
config_3635.json,"{""status"": ""ok"", ""items"": 42} id,name,value",data
training_history.key,market opportunity pricing slide overview agenda,presentations
logo_draft_v9186.psd,,design
marketing_book.epub,chapter one it was a chapter one it was a preface acknowledgements preface acknowledgements,books
grotesk_medium.woff2,,fonts
inter_bold.ttf,,fonts
drone_flight_lake.mov,,videos
gothic_4378.otf,,fonts
app_component_9485.tsx,function render props function render props,code
pitch_deck_v8632.pptx,slide overview agenda market opportunity pricing market opportunity pricing market opportunity pricing,presentations
pitch_deck_v6069.pptx,slide overview agenda market opportunity pricing,presentations
cooking_book.epub,,books
gothic_1022.otf,,fonts
quarterly_review_q1.pptx,market opportunity pricing slide overview agenda,presentations
wireframes_8283.fig,layer mask vector artboard layer mask vector artboard layer mask vector artboard,design
gothic_5565.otf,,fonts
backup_2021-03-07.zip,compressed archive contents,archives
podcast_ep2124.mp3,,audio
interview_recording_807.flac,,audio
drone_flight_beach.mov,,videos
gardening_book.epub,,books
voice_memo_4089.m4a,,audio
physics_book.epub,preface acknowledgements,books
expenses_jun.xlsx,,spreadsheets
IMG_3676.jpg,,images
calibre_9351.mobi,preface acknowledgements chapter one it was a chapter one it was a chapter one it was a,books
scan_doc2905.jpg,,images
history_book.epub,,books
wireframes_5628.fig,layer mask vector artboard layer mask vector artboard,design
expenses_feb.xlsx,"column,values sum of expenses budget forecast q1",spreadsheets
pitch_deck_v8727.pptx,market opportunity pricing market opportunity pricing slide overview agenda slide overview agenda,presentations
interview_recording_7384.flac,,audio
project_export_3680.7z,compressed archive contents compressed archive contents compressed archive contents,archives
inter_bold.ttf,,fonts
newfile_6347,,other
resume_priya_nova.docx,agreement between parties agreement between parties invoice total due invoice total due,documents
grotesk_medium.woff2,,fonts
voice_memo_3191.m4a,,audio
lecture_marketing.mkv,,videos
export_users.csv,"{""status"": ""ok"", ""items"": 42} id,name,value",data
letter_to_globex.txt,,documents
song_demo_7856.wav,,audio
backup_2018-09-04.zip,compressed archive contents compressed archive contents compressed archive contents,archives
app_component_9320.tsx,export default component export default component import pandas as pd function render props,code
voice_memo_4677.m4a,,audio
voice_memo_8971.m4a,,audio
server_main.go,export default component,code
photos_archive_2017.tar.gz,compressed archive contents,archives
styles_main.css,,code
photos_archive_2020.tar.gz,,archives
birthday_2019.mp4,,videos
logo_draft_v8305.psd,layer mask vector artboard layer mask vector artboard layer mask vector artboard layer mask vector artboard,design
training_physics.key,,presentations
scan_doc5620.jpg,,images
inter_bold.ttf,,fonts
export_events.csv,"id,name,value",data
logo_draft_v7656.psd,layer mask vector artboard layer mask vector artboard,design
birthday_2015.mp4,,videos
invoice_9219_initech.pdf,dear sir or madam invoice total due agreement between parties,documents
untitled_6376,,other
photos_archive_2023.tar.gz,compressed archive contents compressed archive contents,archives
receipt_701.pdf,meeting agenda attendees agreement between parties,documents
export_events.csv,,data
voice_memo_4834.m4a,,audio
customers_export.tsv,"{""status"": ""ok"", ""items"": 42}",data
marketing_book.epub,,books
server_main.go,function render props export default component function render props,code
calibre_2960.mobi,preface acknowledgements chapter one it was a chapter one it was a,books
calibre_4191.mobi,chapter one it was a preface acknowledgements,books
customers_export.tsv,"id,name,value {""status"": ""ok"", ""items"": 42} id,name,value {""status"": ""ok"", ""items"": 42}",data
vacation_lake.jpeg,,images
grotesk_medium.woff2,,fonts
download_8114,,other
voice_memo_3156.m4a,,audio
VID_3516.mp4,,videos
song_demo_3424.wav,,audio
project_export_3304.7z,compressed archive contents compressed archive contents compressed archive contents,archives
download_4401,,other
banner_4062.ai,layer mask vector artboard layer mask vector artboard layer mask vector artboard,design
backup_2016-09-08.zip,compressed archive contents,archives
scan_doc7895.jpg,,images
document1,,other
physics_book.epub,,books
styles_main.css,export default component import pandas as pd,code
drone_flight_beach.mov,,videos
project_export_4863.7z,,archives
gothic_3967.otf,,fonts
download_2442,,other
wireframes_9493.fig,,design
export_orders.csv,"{""status"": ""ok"", ""items"": 42} id,name,value id,name,value",data
cooking_book.epub,chapter one it was a preface acknowledgements,books
expenses_jun.xlsx,budget forecast q1 sum of expenses budget forecast q1,spreadsheets
interview_recording_3585.flac,,audio
newfile_9383,,other
project_export_8506.7z,,archives
banner_9535.ai,layer mask vector artboard layer mask vector artboard layer mask vector artboard layer mask vector artboard,design
styles_main.css,function render props,code
meeting_notes_2022-06-07.txt,,documents
customers_export.tsv,"id,name,value id,name,value {""status"": ""ok"", ""items"": 42}",data
scan_doc6256.jpg,,images
budget_2016.xlsx,sum of expenses budget forecast q1 budget forecast q1,spreadsheets
scan_doc3843.jpg,,images
download_2828,,other
hours_tracking_1279.ods,,spreadsheets
hours_tracking_7775.ods,,spreadsheets
letter_to_hooli.txt,,documents
pitch_deck_v4799.pptx,slide overview agenda slide overview agenda slide overview agenda,presentations
project_export_5167.7z,compressed archive contents compressed archive contents,archives
project_export_4103.7z,compressed archive contents compressed archive contents,archives
scan_doc3370.jpg,,images
lecture_history.mkv,,videos
gothic_5913.otf,,fonts
inter_bold.ttf,,fonts
VID_135.mp4,,videos
calibre_9576.mobi,chapter one it was a chapter one it was a,books
calibre_6534.mobi,chapter one it was a chapter one it was a,books
export_users.csv,"{""status"": ""ok"", ""items"": 42}",data
inter_bold.ttf,,fonts
inter_bold.ttf,,fonts
history_book.epub,,books
inter_bold.ttf,,fonts
vacation_lake.jpeg,,images
vacation_city.jpeg,,images
expenses_jan.xlsx,"column,values column,values column,values",spreadsheets
screenshot_2018-12-25.png,,images
birthday_2026.mp4,,videos
server_main.go,function render props export default component export default component,code
wireframes_304.fig,layer mask vector artboard layer mask vector artboard layer mask vector artboard layer mask vector artboard,design
hours_tracking_665.ods,"column,values sum of expenses",spreadsheets
lease_agreement_5239.pdf,dear sir or madam,documents
metrics_2022-12-21.json,"id,name,value {""status"": ""ok"", ""items"": 42}",data
grotesk_medium.woff2,,fonts
untitled_8376,,other
photos_archive_2015.tar.gz,compressed archive contents compressed archive contents compressed archive contents compressed archive contents,archives
gothic_6211.otf,,fonts
metrics_2025-09-03.json,"{""status"": ""ok"", ""items"": 42} {""status"": ""ok"", ""items"": 42} {""status"": ""ok"", ""items"": 42} {""status"": ""ok"", ""items"": 42}",data
document1,,other
interview_recording_9590.flac,,audio
birthday_2026.mp4,,videos
untitled_8065,,other
voice_memo_9123.m4a,,audio
voice_memo_5580.m4a,,audio
VID_7924.mp4,,videos
metrics_2023-10-23.json,"id,name,value id,name,value id,name,value",data
birthday_2018.mp4,,videos
quarterly_review_q2.pptx,,presentations
export_events.csv,,data
grotesk_medium.woff2,,fonts
document1,,other
scan_doc9493.jpg,,images
export_orders.csv,,data
project_export_4063.7z,compressed archive contents compressed archive contents,archives
manual_v8215.pdf,agreement between parties meeting agenda attendees dear sir or madam invoice total due,documents
screenshot_2025-07-07.png,,images
expenses_jun.xlsx,,spreadsheets
birthday_2020.mp4,,videos
customers_export.tsv,,data
newfile_3116,,other
pitch_deck_v3508.pptx,market opportunity pricing market opportunity pricing market opportunity pricing,presentations
VID_6189.mp4,,videos
gothic_2881.otf,,fonts
document1,,other
project_export_2113.7z,,archives
app_component_3473.tsx,function render props,code
receipt_1798.pdf,agreement between parties,documents
banner_3707.ai,layer mask vector artboard layer mask vector artboard layer mask vector artboard layer mask vector artboard,design
report_draft_9882.docx,agreement between parties,documents
training_gardening.key,slide overview agenda,presentations
server_main.go,export default component function render props,code
interview_recording_1024.flac,,audio
screenshot_2021-02-03.png,,images
hours_tracking_993.ods,"sum of expenses column,values",spreadsheets
quarterly_review_q1.pptx,slide overview agenda,presentations
calibre_2809.mobi,preface acknowledgements chapter one it was a preface acknowledgements preface acknowledgements,books
song_demo_8278.wav,,audio
backup_2019-04-03.zip,compressed archive contents compressed archive contents,archives
IMG_6635.jpg,,images
query_runner.py,,code
song_demo_5937.wav,,audio
training_cooking.key,,presentations
styles_main.css,import pandas as pd,code
vacation_city.jpeg,,images
photos_archive_2019.tar.gz,compressed archive contents compressed archive contents compressed archive contents,archives
interview_recording_8535.flac,,audio
wireframes_5425.fig,layer mask vector artboard,design
download_5646,,other
untitled_4046,,other
podcast_ep379.mp3,,audio
photos_archive_2023.tar.gz,compressed archive contents compressed archive contents compressed archive contents,archives
hours_tracking_7525.ods,"budget forecast q1 column,values sum of expenses column,values",spreadsheets
styles_main.css,import pandas as pd export default component import pandas as pd export default component,code
gardening_book.epub,preface acknowledgements preface acknowledgements chapter one it was a preface acknowledgements,books
song_demo_5490.wav,,audio
pitch_deck_v8878.pptx,slide overview agenda market opportunity pricing,presentations
budget_2019.xlsx,"column,values column,values sum of expenses",spreadsheets
wireframes_4292.fig,layer mask vector artboard layer mask vector artboard layer mask vector artboard,design
podcast_ep6283.mp3,,audio
hours_tracking_7158.ods,"sum of expenses column,values budget forecast q1 budget forecast q1",spreadsheets
config_1239.json,"id,name,value",data
interview_recording_3087.flac,,audio
styles_main.css,export default component function render props,code
scan_doc46.jpg,,images
voice_memo_530.m4a,,audio
logo_draft_v4815.psd,layer mask vector artboard layer mask vector artboard layer mask vector artboard,design
quarterly_review_q1.pptx,,presentations
project_export_463.7z,compressed archive contents,archives
drone_flight_mountains.mov,,videos
family_trip.png,,images
expenses_may.xlsx,budget forecast q1 budget forecast q1 budget forecast q1 sum of expenses,spreadsheets
IMG_8815.jpg,,images
physics_book.epub,,books
banner_4616.ai,layer mask vector artboard layer mask vector artboard layer mask vector artboard,design
budget_2024.xlsx,"column,values",spreadsheets
utils_3617.py,import pandas as pd export default component function render props function render props,code
hours_tracking_2523.ods,budget forecast q1 sum of expenses sum of expenses,spreadsheets
vacation_beach.jpeg,,images
untitled_1022,,other
inter_bold.ttf,,fonts
wireframes_3947.fig,,design
interview_recording_8997.flac,,audio
lecture_gardening.mkv,,videos
metrics_2017-12-20.json,"id,name,value id,name,value",data
podcast_ep3837.mp3,,audio
IMG_6387.jpg,,images
lease_agreement_4286.pdf,dear sir or madam dear sir or madam agreement between parties invoice total due,documents
expenses_mar.xlsx,"column,values",spreadsheets
newfile_609,,other
screenshot_2018-04-06.png,,images
gothic_6528.otf,,fonts
untitled_118,,other
IMG_8243.jpg,,images
calibre_9880.mobi,,books
report_draft_8313.docx,invoice total due,documents
inter_bold.ttf,,fonts
document1,,other
cooking_book.epub,,books
IMG_3224.jpg,,images
physics_book.epub,chapter one it was a,books
inter_bold.ttf,,fonts
drone_flight_mountains.mov,,videos
meeting_notes_2020-09-10.txt,invoice total due invoice total due,documents
lecture_cooking.mkv,,videos
config_8923.json,,data
app_component_2844.tsx,export default component function render props export default component,code
banner_245.ai,,design
inter_bold.ttf,,fonts
wireframes_4656.fig,layer mask vector artboard,design
voice_memo_8694.m4a,,audio
banner_4272.ai,layer mask vector artboard,design
receipt_3749.pdf,,documents
drone_flight_mountains.mov,,videos
birthday_2025.mp4,,videos
report_draft_4194.docx,dear sir or madam dear sir or madam invoice total due agreement between parties,documents
gothic_2229.otf,,fonts
wireframes_1984.fig,layer mask vector artboard layer mask vector artboard layer mask vector artboard,design
letter_to_umbrella.txt,dear sir or madam dear sir or madam dear sir or madam,documents
untitled_1036,,other
customers_export.tsv,"id,name,value",data
utils_2618.py,,code
IMG_7197.jpg,,images
hours_tracking_8449.ods,,spreadsheets
calibre_3064.mobi,chapter one it was a chapter one it was a,books
inter_bold.ttf,,fonts
vacation_beach.jpeg,,images
utils_5725.py,export default component export default component import pandas as pd export default component,code
logo_draft_v493.psd,layer mask vector artboard layer mask vector artboard layer mask vector artboard,design
query_runner.py,export default component export default component,code
interview_recording_6885.flac,,audio
calibre_1910.mobi,chapter one it was a,books
hours_tracking_6474.ods,,spreadsheets
lecture_history.mkv,,videos
untitled_9067,,other
styles_main.css,export default component import pandas as pd,code
podcast_ep4700.mp3,,audio
metrics_2015-10-21.json,"id,name,value id,name,value {""status"": ""ok"", ""items"": 42}",data
birthday_2024.mp4,,videos
backup_2019-12-03.zip,compressed archive contents compressed archive contents compressed archive contents,archives
project_export_8090.7z,compressed archive contents compressed archive contents compressed archive contents,archives
receipt_7277.pdf,invoice total due invoice total due invoice total due agreement between parties,documents
expenses_mar.xlsx,budget forecast q1,spreadsheets
budget_2017.xlsx,,spreadsheets
song_demo_2888.wav,,audio
utils_9194.py,function render props export default component,code
inter_bold.ttf,,fonts
export_orders.csv,,data
backup_2023-03-24.zip,compressed archive contents compressed archive contents compressed archive contents,archives
banner_75.ai,,design
backup_2026-09-14.zip,compressed archive contents compressed archive contents,archives
birthday_2019.mp4,,videos
family_graduation.png,,images
expenses_apr.xlsx,sum of expenses sum of expenses budget forecast q1,spreadsheets
training_cooking.key,,presentations
VID_859.mp4,,videos
backup_2021-08-18.zip,compressed archive contents compressed archive contents compressed archive contents compressed archive contents,archives
styles_main.css,function render props export default component,code
cooking_book.epub,chapter one it was a preface acknowledgements preface acknowledgements,books
expenses_mar.xlsx,"column,values budget forecast q1 sum of expenses",spreadsheets
meeting_notes_2018-10-24.txt,invoice total due agreement between parties,documents
photos_archive_2026.tar.gz,compressed archive contents compressed archive contents compressed archive contents,archives
newfile_963,,other
drone_flight_lake.mov,,videos
song_demo_5086.wav,,audio
banner_2101.ai,layer mask vector artboard,design
project_export_9134.7z,compressed archive contents compressed archive contents compressed archive contents compressed archive contents,archives
app_component_190.tsx,,code
server_main.go,export default component export default component function render props export default component,code
customers_export.tsv,,data
hours_tracking_3050.ods,"sum of expenses column,values sum of expenses",spreadsheets
photos_archive_2023.tar.gz,compressed archive contents compressed archive contents compressed archive contents compressed archive contents,archives
cooking_book.epub,,books
podcast_ep9347.mp3,,audio
gardening_book.epub,preface acknowledgements preface acknowledgements preface acknowledgements chapter one it was a,books
photos_archive_2016.tar.gz,compressed archive contents compressed archive contents,archives
IMG_3008.jpg,,images
family_dinner.png,,images
scan_doc9439.jpg,,images
letter_to_umbrella.txt,,documents
expenses_may.xlsx,"column,values",spreadsheets
banner_2097.ai,layer mask vector artboard,design
expenses_mar.xlsx,budget forecast q1 budget forecast q1,spreadsheets
photos_archive_2025.tar.gz,compressed archive contents,archives
drone_flight_mountains.mov,,videos
customers_export.tsv,"id,name,value {""status"": ""ok"", ""items"": 42} {""status"": ""ok"", ""items"": 42} {""status"": ""ok"", ""items"": 42}",data
podcast_ep5166.mp3,,audio
vacation_mountains.jpeg,,images
styles_main.css,import pandas as pd export default component export default component export default component,code
wireframes_6513.fig,,design
banner_8310.ai,layer mask vector artboard layer mask vector artboard,design
voice_memo_5535.m4a,,audio
marketing_book.epub,,books
meeting_notes_2015-01-14.txt,agreement between parties agreement between parties dear sir or madam dear sir or madam,documents
download_3918,,other
song_demo_6893.wav,,audio
utils_2891.py,function render props export default component function render props function render props,code
grotesk_medium.woff2,,fonts
banner_9939.ai,layer mask vector artboard layer mask vector artboard,design
quarterly_review_q2.pptx,,presentations
config_6598.json,"{""status"": ""ok"", ""items"": 42} id,name,value",data
project_export_1342.7z,compressed archive contents,archives
training_physics.key,,presentations
voice_memo_1716.m4a,,audio
wireframes_547.fig,layer mask vector artboard,design
hours_tracking_982.ods,"sum of expenses budget forecast q1 column,values",spreadsheets
vacation_city.jpeg,,images
cooking_book.epub,chapter one it was a chapter one it was a chapter one it was a preface acknowledgements,books
resume_alex_nova.docx,invoice total due agreement between parties dear sir or madam agreement between parties,documents
lecture_marketing.mkv,,videos
budget_2024.xlsx,"column,values budget forecast q1",spreadsheets
resume_alex_lee.docx,,documents
family_dinner.png,,images
screenshot_2023-11-21.png,,images
utils_8668.py,function render props import pandas as pd,code
utils_3985.py,function render props import pandas as pd import pandas as pd export default component,code
inter_bold.ttf,,fonts
gothic_3189.otf,,fonts
export_orders.csv,"{""status"": ""ok"", ""items"": 42} {""status"": ""ok"", ""items"": 42} id,name,value",data
query_runner.py,export default component import pandas as pd export default component function render props,code
photos_archive_2026.tar.gz,,archives
report_draft_9427.docx,,documents
styles_main.css,export default component import pandas as pd,code
lecture_history.mkv,,videos
voice_memo_2832.m4a,,audio
podcast_ep2371.mp3,,audio
untitled_684,,other
calibre_2180.mobi,chapter one it was a preface acknowledgements chapter one it was a,books
voice_memo_380.m4a,,audio
backup_2016-04-15.zip,compressed archive contents compressed archive contents,archives
quarterly_review_q4.pptx,slide overview agenda market opportunity pricing,presentations
lecture_physics.mkv,,videos
screenshot_2024-06-06.png,,images
calibre_8994.mobi,,books
marketing_book.epub,,books
marketing_book.epub,preface acknowledgements chapter one it was a,books
config_5617.json,,data
family_dinner.png,,images
meeting_notes_2015-09-14.txt,,documents
inter_bold.ttf,,fonts
budget_2021.xlsx,"budget forecast q1 column,values",spreadsheets
newfile_5401,,other
pitch_deck_v3524.pptx,,presentations
lease_agreement_5846.pdf,meeting agenda attendees invoice total due agreement between parties,documents
backup_2026-03-18.zip,compressed archive contents compressed archive contents,archives
calibre_4580.mobi,,books
config_6583.json,"{""status"": ""ok"", ""items"": 42} {""status"": ""ok"", ""items"": 42} {""status"": ""ok"", ""items"": 42}",data
utils_68.py,function render props,code
vacation_city.jpeg,,images
manual_v4750.pdf,invoice total due invoice total due meeting agenda attendees invoice total due,documents
podcast_ep5330.mp3,,audio
metrics_2015-09-27.json,"id,name,value {""status"": ""ok"", ""items"": 42} {""status"": ""ok"", ""items"": 42} id,name,value",data
app_component_8906.tsx,,code
training_gardening.key,market opportunity pricing,presentations
config_8444.json,,data
training_physics.key,,presentations
hours_tracking_520.ods,"budget forecast q1 column,values sum of expenses",spreadsheets
budget_2019.xlsx,,spreadsheets
logo_draft_v4363.psd,layer mask vector artboard layer mask vector artboard,design
inter_bold.ttf,,fonts
training_gardening.key,,presentations
quarterly_review_q3.pptx,slide overview agenda slide overview agenda slide overview agenda market opportunity pricing,presentations
gothic_3135.otf,,fonts
inter_bold.ttf,,fonts
invoice_4714_acme.pdf,agreement between parties meeting agenda attendees meeting agenda attendees dear sir or madam,documents
photos_archive_2024.tar.gz,,archives
banner_1579.ai,layer mask vector artboard,design
budget_2016.xlsx,"column,values column,values budget forecast q1 sum of expenses",spreadsheets
customers_export.tsv,,data
document1,,other
physics_book.epub,,books
IMG_7065.jpg,,images
calibre_1720.mobi,preface acknowledgements preface acknowledgements,books
photos_archive_2024.tar.gz,compressed archive contents compressed archive contents,archives
photos_archive_2021.tar.gz,compressed archive contents compressed archive contents,archives
logo_draft_v5956.psd,layer mask vector artboard layer mask vector artboard layer mask vector artboard,design
config_6663.json,"{""status"": ""ok"", ""items"": 42} id,name,value",data
photos_archive_2024.tar.gz,,archives
utils_1082.py,function render props export default component function render props export default component,code
newfile_7243,,other
resume_alex_patel.docx,,documents
birthday_2023.mp4,,videos
metrics_2025-03-28.json,"id,name,value id,name,value {""status"": ""ok"", ""items"": 42} {""status"": ""ok"", ""items"": 42}",data
lease_agreement_8941.pdf,agreement between parties,documents
untitled_1416,,other
metrics_2022-03-22.json,"id,name,value",data
quarterly_review_q3.pptx,slide overview agenda slide overview agenda market opportunity pricing slide overview agenda,presentations
budget_2017.xlsx,sum of expenses budget forecast q1 sum of expenses sum of expenses,spreadsheets
metrics_2021-01-22.json,"{""status"": ""ok"", ""items"": 42} id,name,value id,name,value id,name,value",data
expenses_jan.xlsx,"column,values sum of expenses sum of expenses",spreadsheets
calibre_3529.mobi,chapter one it was a,books
IMG_9031.jpg,,images
podcast_ep3775.mp3,,audio
podcast_ep442.mp3,,audio
quarterly_review_q2.pptx,,presentations
marketing_book.epub,preface acknowledgements chapter one it was a,books
calibre_9050.mobi,chapter one it was a,books
backup_2022-05-07.zip,,archives
inter_bold.ttf,,fonts
untitled_4173,,other
gothic_5108.otf,,fonts
letter_to_hooli.txt,,documents
styles_main.css,function render props,code
VID_8926.mp4,,videos
gothic_8197.otf,,fonts
budget_2026.xlsx,sum of expenses budget forecast q1 budget forecast q1,spreadsheets
banner_7254.ai,layer mask vector artboard layer mask vector artboard layer mask vector artboard layer mask vector artboard,design
family_dinner.png,,images
inter_bold.ttf,,fonts
download_7546,,other
resume_alex_kim.docx,,documents
document1,,other
physics_book.epub,chapter one it was a chapter one it was a preface acknowledgements preface acknowledgements,books
newfile_977,,other
logo_draft_v8333.psd,layer mask vector artboard layer mask vector artboard layer mask vector artboard,design
pitch_deck_v3976.pptx,market opportunity pricing market opportunity pricing slide overview agenda,presentations
photos_archive_2016.tar.gz,compressed archive contents,archives
letter_to_umbrella.txt,,documents
utils_3166.py,import pandas as pd import pandas as pd export default component,code
expenses_jun.xlsx,,spreadsheets
metrics_2018-10-19.json,,data
server_main.go,export default component,code
drone_flight_city.mov,,videos
drone_flight_beach.mov,,videos
letter_to_hooli.txt,meeting agenda attendees,documents
inter_bold.ttf,,fonts
song_demo_6035.wav,,audio
voice_memo_203.m4a,,audio
query_runner.py,import pandas as pd,code
song_demo_4699.wav,,audio
calibre_2524.mobi,chapter one it was a,books
grotesk_medium.woff2,,fonts
pitch_deck_v9498.pptx,slide overview agenda,presentations
budget_2022.xlsx,"budget forecast q1 column,values column,values budget forecast q1",spreadsheets
untitled_1243,,other
config_4984.json,"id,name,value id,name,value {""status"": ""ok"", ""items"": 42}",data
calibre_4651.mobi,chapter one it was a,books
grotesk_medium.woff2,,fonts
budget_2024.xlsx,,spreadsheets
server_main.go,import pandas as pd,code
interview_recording_4184.flac,,audio
banner_3369.ai,,design
utils_1061.py,function render props,code
hours_tracking_8824.ods,"column,values budget forecast q1 sum of expenses budget forecast q1",spreadsheets
project_export_1926.7z,,archives
export_orders.csv,"id,name,value id,name,value",data
hours_tracking_916.ods,budget forecast q1 sum of expenses sum of expenses budget forecast q1,spreadsheets
wireframes_9921.fig,,design
inter_bold.ttf,,fonts
training_physics.key,market opportunity pricing market opportunity pricing market opportunity pricing,presentations
podcast_ep1689.mp3,,audio
podcast_ep6566.mp3,,audio
utils_2029.py,import pandas as pd,code
calibre_5302.mobi,preface acknowledgements chapter one it was a,books
logo_draft_v9971.psd,layer mask vector artboard layer mask vector artboard layer mask vector artboard layer mask vector artboard,design
hours_tracking_5289.ods,sum of expenses,spreadsheets
marketing_book.epub,,books
IMG_4495.jpg,,images
budget_2023.xlsx,budget forecast q1 sum of expenses,spreadsheets
hours_tracking_4302.ods,"column,values budget forecast q1",spreadsheets
hours_tracking_9759.ods,,spreadsheets
project_export_1806.7z,compressed archive contents,archives
calibre_4690.mobi,,books
app_component_1035.tsx,import pandas as pd,code
photos_archive_2023.tar.gz,compressed archive contents compressed archive contents compressed archive contents compressed archive contents,archives
server_main.go,function render props function render props,code
config_8795.json,"{""status"": ""ok"", ""items"": 42} {""status"": ""ok"", ""items"": 42} {""status"": ""ok"", ""items"": 42}",data
banner_9644.ai,layer mask vector artboard layer mask vector artboard,design
app_component_5311.tsx,export default component export default component function render props,code
download_6528,,other
VID_5990.mp4,,videos
voice_memo_848.m4a,,audio
photos_archive_2021.tar.gz,compressed archive contents compressed archive contents,archives
inter_bold.ttf,,fonts
birthday_2018.mp4,,videos
IMG_4877.jpg,,images
calibre_2118.mobi,preface acknowledgements,books
song_demo_3238.wav,,audio
grotesk_medium.woff2,,fonts
customers_export.tsv,"id,name,value id,name,value {""status"": ""ok"", ""items"": 42}",data
budget_2021.xlsx,,spreadsheets
training_history.key,market opportunity pricing market opportunity pricing slide overview agenda slide overview agenda,presentations
voice_memo_5261.m4a,,audio
server_main.go,function render props,code
server_main.go,export default component import pandas as pd,code
photos_archive_2024.tar.gz,compressed archive contents compressed archive contents compressed archive contents compressed archive contents,archives
song_demo_4176.wav,,audio
hours_tracking_7308.ods,"column,values sum of expenses column,values column,values",spreadsheets
untitled_1857,,other
report_draft_6612.docx,dear sir or madam invoice total due agreement between parties,documents
metrics_2026-12-10.json,"{""status"": ""ok"", ""items"": 42} {""status"": ""ok"", ""items"": 42} id,name,value {""status"": ""ok"", ""items"": 42}",data
customers_export.tsv,"id,name,value",data
podcast_ep3614.mp3,,audio
pitch_deck_v2923.pptx,slide overview agenda market opportunity pricing,presentations
utils_6620.py,function render props,code
budget_2016.xlsx,,spreadsheets
backup_2025-03-16.zip,compressed archive contents compressed archive contents compressed archive contents,archives
backup_2021-07-27.zip,compressed archive contents,archives
grotesk_medium.woff2,,fonts
calibre_3076.mobi,chapter one it was a chapter one it was a,books
query_runner.py,export default component,code
metrics_2023-08-01.json,"{""status"": ""ok"", ""items"": 42}",data
customers_export.tsv,"{""status"": ""ok"", ""items"": 42} {""status"": ""ok"", ""items"": 42} {""status"": ""ok"", ""items"": 42}",data
pitch_deck_v2870.pptx,market opportunity pricing,presentations
manual_v2811.pdf,dear sir or madam invoice total due meeting agenda attendees invoice total due,documents
export_orders.csv,"{""status"": ""ok"", ""items"": 42} {""status"": ""ok"", ""items"": 42} {""status"": ""ok"", ""items"": 42}",data
utils_612.py,function render props,code
logo_draft_v621.psd,layer mask vector artboard,design
styles_main.css,,code
inter_bold.ttf,,fonts
birthday_2026.mp4,,videos
query_runner.py,function render props function render props,code
resume_alex_patel.docx,agreement between parties meeting agenda attendees agreement between parties dear sir or madam,documents
vacation_lake.jpeg,,images
quarterly_review_q1.pptx,slide overview agenda,presentations
backup_2019-07-01.zip,,archives
download_3623,,other
song_demo_1866.wav,,audio
expenses_jan.xlsx,"column,values budget forecast q1 sum of expenses budget forecast q1",spreadsheets
interview_recording_3367.flac,,audio
inter_bold.ttf,,fonts
quarterly_review_q4.pptx,market opportunity pricing market opportunity pricing market opportunity pricing,presentations
banner_7186.ai,layer mask vector artboard,design
hours_tracking_2206.ods,budget forecast q1,spreadsheets
training_physics.key,slide overview agenda slide overview agenda slide overview agenda,presentations
podcast_ep9351.mp3,,audio
IMG_5324.jpg,,images
interview_recording_2329.flac,,audio
manual_v9756.pdf,meeting agenda attendees agreement between parties invoice total due,documents
inter_bold.ttf,,fonts
VID_7582.mp4,,videos
calibre_3982.mobi,chapter one it was a preface acknowledgements,books
receipt_9901.pdf,dear sir or madam,documents
calibre_6384.mobi,preface acknowledgements preface acknowledgements,books
document1,,other
pitch_deck_v9927.pptx,slide overview agenda slide overview agenda slide overview agenda,presentations
receipt_9738.pdf,dear sir or madam invoice total due agreement between parties,documents
calibre_9804.mobi,,books
logo_draft_v6237.psd,layer mask vector artboard,design
scan_doc5752.jpg,,images
query_runner.py,import pandas as pd import pandas as pd,code
VID_7415.mp4,,videos
scan_doc4089.jpg,,images
manual_v442.pdf,,documents
project_export_2658.7z,compressed archive contents compressed archive contents,archives
customers_export.tsv,"id,name,value",data
config_4545.json,"id,name,value id,name,value",data
metrics_2018-11-28.json,,data
styles_main.css,function render props export default component function render props import pandas as pd,code
VID_2201.mp4,,videos
query_runner.py,function render props,code
inter_bold.ttf,,fonts
training_history.key,slide overview agenda slide overview agenda,presentations
styles_main.css,function render props import pandas as pd,code
backup_2015-03-27.zip,compressed archive contents compressed archive contents compressed archive contents,archives
VID_1876.mp4,,videos
gothic_2132.otf,,fonts
song_demo_6529.wav,,audio
logo_draft_v1419.psd,layer mask vector artboard layer mask vector artboard layer mask vector artboard,design
expenses_jun.xlsx,sum of expenses,spreadsheets
document1,,other
VID_5501.mp4,,videos
grotesk_medium.woff2,,fonts
marketing_book.epub,preface acknowledgements chapter one it was a preface acknowledgements chapter one it was a,books
expenses_mar.xlsx,,spreadsheets
untitled_4512,,other
newfile_4992,,other
lease_agreement_9005.pdf,meeting agenda attendees invoice total due dear sir or madam meeting agenda attendees,documents
hours_tracking_524.ods,"column,values sum of expenses sum of expenses",spreadsheets
calibre_4407.mobi,chapter one it was a preface acknowledgements preface acknowledgements,books
scan_doc3187.jpg,,images
export_users.csv,"{""status"": ""ok"", ""items"": 42} id,name,value {""status"": ""ok"", ""items"": 42}",data
grotesk_medium.woff2,,fonts
hours_tracking_9485.ods,budget forecast q1,spreadsheets
VID_535.mp4,,videos
photos_archive_2018.tar.gz,compressed archive contents compressed archive contents compressed archive contents compressed archive contents,archives
config_9610.json,"{""status"": ""ok"", ""items"": 42}",data
marketing_book.epub,preface acknowledgements preface acknowledgements chapter one it was a,books
training_history.key,,presentations
song_demo_6657.wav,,audio
config_9109.json,"{""status"": ""ok"", ""items"": 42}",data
pitch_deck_v7582.pptx,market opportunity pricing market opportunity pricing market opportunity pricing,presentations
banner_3500.ai,layer mask vector artboard layer mask vector artboard,design
project_export_8901.7z,compressed archive contents compressed archive contents,archives
project_export_3060.7z,compressed archive contents compressed archive contents compressed archive contents compressed archive contents,archives
interview_recording_7069.flac,,audio
untitled_1024,,other
budget_2022.xlsx,,spreadsheets
banner_6017.ai,layer mask vector artboard,design
banner_9218.ai,,design
lease_agreement_8339.pdf,meeting agenda attendees,documents
scan_doc5205.jpg,,images
vacation_city.jpeg,,images
newfile_597,,other
config_8899.json,"{""status"": ""ok"", ""items"": 42} id,name,value id,name,value {""status"": ""ok"", ""items"": 42}",data
song_demo_4326.wav,,audio
history_book.epub,preface acknowledgements chapter one it was a chapter one it was a chapter one it was a,books
scan_doc7327.jpg,,images
download_4977,,other
app_component_351.tsx,export default component export default component function render props import pandas as pd,code
backup_2022-06-08.zip,,archives
vacation_beach.jpeg,,images
drone_flight_lake.mov,,videos
invoice_2655_initech.pdf,dear sir or madam dear sir or madam,documents
export_users.csv,"{""status"": ""ok"", ""items"": 42} {""status"": ""ok"", ""items"": 42}",data
document1,,other
screenshot_2020-11-10.png,,images
interview_recording_3040.flac,,audio
project_export_431.7z,compressed archive contents compressed archive contents compressed archive contents,archives
pitch_deck_v5591.pptx,market opportunity pricing market opportunity pricing slide overview agenda,presentations
expenses_mar.xlsx,"column,values budget forecast q1 sum of expenses budget forecast q1",spreadsheets
lecture_gardening.mkv,,videos
expenses_jan.xlsx,"column,values sum of expenses",spreadsheets
hours_tracking_2746.ods,"budget forecast q1 column,values column,values sum of expenses",spreadsheets
app_component_226.tsx,function render props import pandas as pd,code
customers_export.tsv,"id,name,value {""status"": ""ok"", ""items"": 42} id,name,value",data
server_main.go,function render props export default component,code
inter_bold.ttf,,fonts
song_demo_7238.wav,,audio
VID_5328.mp4,,videos
resume_priya_garcia.docx,agreement between parties meeting agenda attendees meeting agenda attendees invoice total due,documents
pitch_deck_v4124.pptx,market opportunity pricing slide overview agenda,presentations
budget_2025.xlsx,"sum of expenses sum of expenses budget forecast q1 column,values",spreadsheets
history_book.epub,preface acknowledgements chapter one it was a,books
backup_2024-11-03.zip,compressed archive contents compressed archive contents compressed archive contents,archives
app_component_4913.tsx,import pandas as pd export default component export default component,code
gardening_book.epub,preface acknowledgements,books
photos_archive_2022.tar.gz,compressed archive contents compressed archive contents,archives
meeting_notes_2021-08-17.txt,agreement between parties invoice total due,documents
letter_to_umbrella.txt,dear sir or madam invoice total due dear sir or madam,documents
project_export_7597.7z,compressed archive contents compressed archive contents compressed archive contents,archives
interview_recording_2774.flac,,audio
invoice_2232_umbrella.pdf,agreement between parties dear sir or madam meeting agenda attendees,documents
training_marketing.key,slide overview agenda market opportunity pricing market opportunity pricing market opportunity pricing,presentations
grotesk_medium.woff2,,fonts
birthday_2016.mp4,,videos
screenshot_2026-03-22.png,,images
server_main.go,,code
logo_draft_v7346.psd,layer mask vector artboard layer mask vector artboard,design
logo_draft_v1892.psd,layer mask vector artboard layer mask vector artboard layer mask vector artboard,design
query_runner.py,function render props export default component,code
export_users.csv,,data
customers_export.tsv,"id,name,value {""status"": ""ok"", ""items"": 42}",data
birthday_2020.mp4,,videos
untitled_5884,,other
photos_archive_2024.tar.gz,compressed archive contents compressed archive contents,archives
photos_archive_2025.tar.gz,compressed archive contents compressed archive contents compressed archive contents,archives
training_marketing.key,slide overview agenda slide overview agenda market opportunity pricing slide overview agenda,presentations
document1,,other
wireframes_9387.fig,,design
app_component_3755.tsx,export default component function render props import pandas as pd,code
physics_book.epub,chapter one it was a chapter one it was a chapter one it was a chapter one it was a,books
backup_2024-09-23.zip,compressed archive contents compressed archive contents compressed archive contents,archives
expenses_jan.xlsx,,spreadsheets
voice_memo_5277.m4a,,audio
inter_bold.ttf,,fonts
budget_2024.xlsx,,spreadsheets
pitch_deck_v7097.pptx,slide overview agenda slide overview agenda,presentations
quarterly_review_q2.pptx,,presentations
inter_bold.ttf,,fonts
grotesk_medium.woff2,,fonts
utils_5250.py,import pandas as pd export default component import pandas as pd export default component,code
logo_draft_v7478.psd,layer mask vector artboard,design
untitled_1382,,other
gothic_5025.otf,,fonts
lease_agreement_1825.pdf,meeting agenda attendees meeting agenda attendees agreement between parties invoice total due,documents
photos_archive_2024.tar.gz,compressed archive contents compressed archive contents compressed archive contents compressed archive contents,archives
cooking_book.epub,,books
project_export_1570.7z,compressed archive contents,archives
inter_bold.ttf,,fonts
server_main.go,import pandas as pd import pandas as pd function render props,code
drone_flight_city.mov,,videos
training_history.key,market opportunity pricing,presentations
invoice_6025_globex.pdf,invoice total due agreement between parties dear sir or madam invoice total due,documents
report_draft_3202.docx,,documents
invoice_1183_initech.pdf,,documents
hours_tracking_7222.ods,,spreadsheets
logo_draft_v1029.psd,layer mask vector artboard layer mask vector artboard layer mask vector artboard layer mask vector artboard,design
quarterly_review_q3.pptx,market opportunity pricing market opportunity pricing market opportunity pricing slide overview agenda,presentations
newfile_1532,,other
inter_bold.ttf,,fonts
budget_2019.xlsx,"sum of expenses column,values",spreadsheets
budget_2021.xlsx,sum of expenses sum of expenses,spreadsheets
IMG_5987.jpg,,images
gothic_9844.otf,,fonts
training_gardening.key,market opportunity pricing market opportunity pricing,presentations
training_physics.key,slide overview agenda slide overview agenda slide overview agenda,presentations
voice_memo_1023.m4a,,audio
training_marketing.key,market opportunity pricing slide overview agenda slide overview agenda,presentations
project_export_6392.7z,compressed archive contents compressed archive contents compressed archive contents,archives
wireframes_1187.fig,layer mask vector artboard layer mask vector artboard,design
hours_tracking_3362.ods,budget forecast q1,spreadsheets
receipt_9578.pdf,dear sir or madam meeting agenda attendees,documents
song_demo_5887.wav,,audio
manual_v7724.pdf,meeting agenda attendees dear sir or madam invoice total due,documents
quarterly_review_q4.pptx,market opportunity pricing,presentations
screenshot_2025-08-15.png,,images
utils_8679.py,import pandas as pd,code
physics_book.epub,,books
vacation_city.jpeg,,images
utils_1653.py,function render props export default component export default component function render props,code
hours_tracking_971.ods,,spreadsheets
physics_book.epub,preface acknowledgements preface acknowledgements chapter one it was a,books
export_users.csv,"{""status"": ""ok"", ""items"": 42}",data
wireframes_8371.fig,layer mask vector artboard layer mask vector artboard layer mask vector artboard,design
server_main.go,export default component function render props,code
gothic_2154.otf,,fonts
backup_2021-11-02.zip,compressed archive contents compressed archive contents compressed archive contents,archives
gothic_6285.otf,,fonts
calibre_3912.mobi,chapter one it was a preface acknowledgements,books
family_graduation.png,,images
voice_memo_345.m4a,,audio
wireframes_605.fig,layer mask vector artboard layer mask vector artboard,design
hours_tracking_9397.ods,sum of expenses budget forecast q1,spreadsheets
export_events.csv,"id,name,value id,name,value id,name,value",data
query_runner.py,export default component export default component import pandas as pd,code
photos_archive_2020.tar.gz,compressed archive contents compressed archive contents compressed archive contents compressed archive contents,archives
receipt_4507.pdf,agreement between parties dear sir or madam dear sir or madam dear sir or madam,documents
utils_8441.py,function render props function render props import pandas as pd function render props,code
calibre_9800.mobi,chapter one it was a preface acknowledgements preface acknowledgements chapter one it was a,books
wireframes_740.fig,layer mask vector artboard layer mask vector artboard layer mask vector artboard,design
VID_8672.mp4,,videos
scan_doc8540.jpg,,images
calibre_5128.mobi,chapter one it was a chapter one it was a,books
metrics_2019-02-21.json,"id,name,value id,name,value {""status"": ""ok"", ""items"": 42}",data
calibre_877.mobi,chapter one it was a preface acknowledgements chapter one it was a chapter one it was a,books
birthday_2024.mp4,,videos
utils_498.py,import pandas as pd export default component import pandas as pd,code
drone_flight_lake.mov,,videos
customers_export.tsv,"{""status"": ""ok"", ""items"": 42} {""status"": ""ok"", ""items"": 42} id,name,value id,name,value",data
invoice_2758_umbrella.pdf,dear sir or madam,documents
IMG_3241.jpg,,images
logo_draft_v1041.psd,layer mask vector artboard,design
config_681.json,"id,name,value id,name,value {""status"": ""ok"", ""items"": 42}",data
customers_export.tsv,,data
VID_906.mp4,,videos
download_4299,,other
untitled_1069,,other
download_9062,,other
interview_recording_8.flac,,audio
project_export_5000.7z,compressed archive contents,archives
report_draft_5594.docx,invoice total due invoice total due,documents
logo_draft_v7820.psd,layer mask vector artboard layer mask vector artboard layer mask vector artboard,design
photos_archive_2023.tar.gz,compressed archive contents,archives
quarterly_review_q4.pptx,market opportunity pricing slide overview agenda slide overview agenda market opportunity pricing,presentations
backup_2015-01-07.zip,,archives
gothic_898.otf,,fonts
photos_archive_2024.tar.gz,compressed archive contents compressed archive contents,archives
training_marketing.key,market opportunity pricing slide overview agenda slide overview agenda slide overview agenda,presentations
gothic_1117.otf,,fonts
project_export_2800.7z,compressed archive contents compressed archive contents compressed archive contents,archives
photos_archive_2025.tar.gz,,archives
vacation_beach.jpeg,,images
voice_memo_6924.m4a,,audio
budget_2024.xlsx,"column,values budget forecast q1",spreadsheets
customers_export.tsv,"id,name,value",data
training_cooking.key,slide overview agenda market opportunity pricing,presentations
inter_bold.ttf,,fonts
vacation_city.jpeg,,images
app_component_8831.tsx,import pandas as pd export default component,code
resume_jo_patel.docx,agreement between parties,documents
gardening_book.epub,preface acknowledgements chapter one it was a,books
query_runner.py,function render props import pandas as pd,code
hours_tracking_2964.ods,,spreadsheets
customers_export.tsv,"{""status"": ""ok"", ""items"": 42} id,name,value",data
download_1533,,other
vacation_mountains.jpeg,,images
birthday_2020.mp4,,videos
hours_tracking_4178.ods,"column,values sum of expenses sum of expenses",spreadsheets
hours_tracking_3389.ods,,spreadsheets
backup_2017-08-20.zip,,archives
cooking_book.epub,preface acknowledgements chapter one it was a chapter one it was a chapter one it was a,books
logo_draft_v4535.psd,layer mask vector artboard layer mask vector artboard,design
calibre_8832.mobi,chapter one it was a,books
training_history.key,slide overview agenda market opportunity pricing slide overview agenda,presentations
VID_3574.mp4,,videos
drone_flight_city.mov,,videos
vacation_beach.jpeg,,images
project_export_9780.7z,compressed archive contents,archives
cooking_book.epub,chapter one it was a chapter one it was a chapter one it was a,books
grotesk_medium.woff2,,fonts
grotesk_medium.woff2,,fonts
export_events.csv,"{""status"": ""ok"", ""items"": 42} {""status"": ""ok"", ""items"": 42} {""status"": ""ok"", ""items"": 42} id,name,value",data
photos_archive_2016.tar.gz,compressed archive contents compressed archive contents,archives
photos_archive_2025.tar.gz,compressed archive contents,archives
hours_tracking_386.ods,sum of expenses budget forecast q1 sum of expenses,spreadsheets
family_dinner.png,,images
backup_2021-09-27.zip,compressed archive contents compressed archive contents compressed archive contents compressed archive contents,archives
pitch_deck_v778.pptx,slide overview agenda slide overview agenda,presentations
query_runner.py,import pandas as pd function render props function render props function render props,code
metrics_2023-05-28.json,"id,name,value",data
resume_sam_garcia.docx,meeting agenda attendees meeting agenda attendees,documents
budget_2024.xlsx,,spreadsheets
marketing_book.epub,preface acknowledgements preface acknowledgements,books
inter_bold.ttf,,fonts
marketing_book.epub,preface acknowledgements chapter one it was a preface acknowledgements,books
voice_memo_537.m4a,,audio
untitled_6142,,other
birthday_2018.mp4,,videos
app_component_4500.tsx,export default component export default component,code
grotesk_medium.woff2,,fonts
query_runner.py,import pandas as pd export default component import pandas as pd,code
document1,,other
backup_2026-04-26.zip,compressed archive contents compressed archive contents,archives
project_export_8914.7z,compressed archive contents,archives
download_9945,,other
server_main.go,export default component import pandas as pd import pandas as pd,code
receipt_6675.pdf,agreement between parties invoice total due dear sir or madam agreement between parties,documents
banner_8643.ai,layer mask vector artboard layer mask vector artboard,design
podcast_ep1134.mp3,,audio
lecture_physics.mkv,,videos
photos_archive_2018.tar.gz,compressed archive contents compressed archive contents,archives
config_9082.json,,data
server_main.go,import pandas as pd import pandas as pd export default component export default component,code
pitch_deck_v5144.pptx,,presentations
voice_memo_8983.m4a,,audio
gothic_8773.otf,,fonts
VID_8859.mp4,,videos
interview_recording_1525.flac,,audio
history_book.epub,preface acknowledgements,books
hours_tracking_5844.ods,budget forecast q1,spreadsheets
VID_45.mp4,,videos
vacation_mountains.jpeg,,images
customers_export.tsv,,data
family_trip.png,,images
photos_archive_2026.tar.gz,compressed archive contents,archives
voice_memo_8006.m4a,,audio
screenshot_2025-07-28.png,,images
gothic_7101.otf,,fonts
training_history.key,slide overview agenda slide overview agenda market opportunity pricing,presentations
inter_bold.ttf,,fonts
backup_2024-12-21.zip,,archives
gothic_5241.otf,,fonts
quarterly_review_q4.pptx,,presentations
marketing_book.epub,chapter one it was a,books
hours_tracking_4193.ods,sum of expenses sum of expenses,spreadsheets
project_export_9254.7z,compressed archive contents compressed archive contents compressed archive contents compressed archive contents,archives
gothic_2243.otf,,fonts
banner_2923.ai,layer mask vector artboard,design
IMG_7647.jpg,,images
wireframes_7032.fig,layer mask vector artboard layer mask vector artboard layer mask vector artboard,design
budget_2026.xlsx,,spreadsheets
grotesk_medium.woff2,,fonts
server_main.go,,code
interview_recording_2533.flac,,audio
customers_export.tsv,"id,name,value id,name,value",data
interview_recording_7814.flac,,audio
calibre_5537.mobi,chapter one it was a chapter one it was a chapter one it was a,books
receipt_3405.pdf,meeting agenda attendees,documents
wireframes_4365.fig,layer mask vector artboard layer mask vector artboard,design
interview_recording_5616.flac,,audio
app_component_292.tsx,function render props function render props,code
voice_memo_7100.m4a,,audio
quarterly_review_q1.pptx,market opportunity pricing slide overview agenda,presentations
server_main.go,export default component export default component function render props,code
newfile_2342,,other
hours_tracking_3483.ods,"column,values sum of expenses column,values budget forecast q1",spreadsheets
budget_2024.xlsx,,spreadsheets
interview_recording_1162.flac,,audio
song_demo_8412.wav,,audio
banner_9861.ai,layer mask vector artboard layer mask vector artboard layer mask vector artboard,design
VID_3934.mp4,,videos
calibre_1192.mobi,chapter one it was a chapter one it was a preface acknowledgements chapter one it was a,books
manual_v6416.pdf,agreement between parties,documents
download_4412,,other
lecture_physics.mkv,,videos
pitch_deck_v2277.pptx,market opportunity pricing market opportunity pricing,presentations
newfile_7561,,other
budget_2015.xlsx,"sum of expenses budget forecast q1 column,values column,values",spreadsheets
newfile_7710,,other
resume_sam_patel.docx,agreement between parties meeting agenda attendees meeting agenda attendees dear sir or madam,documents
backup_2021-10-18.zip,compressed archive contents,archives
IMG_2689.jpg,,images
grotesk_medium.woff2,,fonts
config_1445.json,"id,name,value {""status"": ""ok"", ""items"": 42} id,name,value id,name,value",data
metrics_2018-12-28.json,"{""status"": ""ok"", ""items"": 42}",data
vacation_lake.jpeg,,images
pitch_deck_v1438.pptx,,presentations
training_physics.key,,presentations
scan_doc7668.jpg,,images
quarterly_review_q3.pptx,slide overview agenda market opportunity pricing market opportunity pricing market opportunity pricing,presentations
banner_6391.ai,layer mask vector artboard layer mask vector artboard layer mask vector artboard layer mask vector artboard,design
export_orders.csv,"{""status"": ""ok"", ""items"": 42}",data
training_physics.key,,presentations
VID_2334.mp4,,videos
metrics_2017-03-01.json,"{""status"": ""ok"", ""items"": 42} {""status"": ""ok"", ""items"": 42}",data
wireframes_1608.fig,layer mask vector artboard,design
pitch_deck_v3609.pptx,slide overview agenda,presentations
report_draft_942.docx,invoice total due meeting agenda attendees invoice total due,documents
utils_5701.py,export default component,code
budget_2025.xlsx,"column,values budget forecast q1",spreadsheets
interview_recording_9310.flac,,audio
calibre_5333.mobi,chapter one it was a chapter one it was a chapter one it was a preface acknowledgements,books
training_marketing.key,market opportunity pricing market opportunity pricing slide overview agenda slide overview agenda,presentations
metrics_2015-12-20.json,"id,name,value",data
manual_v4990.pdf,dear sir or madam dear sir or madam meeting agenda attendees,documents
customers_export.tsv,"id,name,value id,name,value id,name,value",data
wireframes_5249.fig,layer mask vector artboard layer mask vector artboard layer mask vector artboard layer mask vector artboard,design
birthday_2021.mp4,,videos
pitch_deck_v7648.pptx,,presentations
download_978,,other
lecture_gardening.mkv,,videos
pitch_deck_v1337.pptx,market opportunity pricing slide overview agenda,presentations
document1,,other
download_9339,,other
quarterly_review_q4.pptx,market opportunity pricing,presentations
export_orders.csv,,data
config_5861.json,"{""status"": ""ok"", ""items"": 42} id,name,value {""status"": ""ok"", ""items"": 42} id,name,value",data
query_runner.py,function render props function render props import pandas as pd import pandas as pd,code
export_orders.csv,"id,name,value",data
quarterly_review_q2.pptx,slide overview agenda slide overview agenda market opportunity pricing,presentations
calibre_2872.mobi,preface acknowledgements preface acknowledgements chapter one it was a,books
query_runner.py,import pandas as pd,code
VID_6739.mp4,,videos
project_export_6999.7z,compressed archive contents compressed archive contents,archives
VID_5168.mp4,,videos
receipt_2781.pdf,meeting agenda attendees dear sir or madam meeting agenda attendees meeting agenda attendees,documents
calibre_6368.mobi,chapter one it was a preface acknowledgements chapter one it was a,books
grotesk_medium.woff2,,fonts
export_users.csv,"id,name,value id,name,value",data
styles_main.css,import pandas as pd import pandas as pd export default component function render props,code
download_9025,,other
download_9921,,other
metrics_2024-05-02.json,"id,name,value",data
customers_export.tsv,"id,name,value id,name,value {""status"": ""ok"", ""items"": 42} id,name,value",data
query_runner.py,import pandas as pd export default component export default component,code
newfile_638,,other
config_5231.json,"{""status"": ""ok"", ""items"": 42} {""status"": ""ok"", ""items"": 42} id,name,value {""status"": ""ok"", ""items"": 42}",data
voice_memo_3385.m4a,,audio
untitled_1634,,other
IMG_1241.jpg,,images
interview_recording_6654.flac,,audio
meeting_notes_2017-09-03.txt,meeting agenda attendees meeting agenda attendees meeting agenda attendees,documents
birthday_2017.mp4,,videos
gothic_8242.otf,,fonts
download_6297,,other
project_export_1854.7z,compressed archive contents compressed archive contents compressed archive contents,archives
vacation_beach.jpeg,,images
export_users.csv,"{""status"": ""ok"", ""items"": 42} id,name,value",data
meeting_notes_2026-07-07.txt,invoice total due,documents
grotesk_medium.woff2,,fonts
untitled_8000,,other
lecture_history.mkv,,videos
report_draft_8376.docx,,documents
family_dinner.png,,images
expenses_may.xlsx,budget forecast q1,spreadsheets
vacation_beach.jpeg,,images
photos_archive_2026.tar.gz,,archives
marketing_book.epub,chapter one it was a preface acknowledgements,books
voice_memo_7479.m4a,,audio
history_book.epub,preface acknowledgements chapter one it was a preface acknowledgements,books
newfile_182,,other
customers_export.tsv,"id,name,value",data
interview_recording_8759.flac,,audio
utils_2798.py,export default component,code
photos_archive_2022.tar.gz,compressed archive contents compressed archive contents compressed archive contents compressed archive contents,archives
download_5950,,other
download_7084,,other
birthday_2023.mp4,,videos
training_history.key,,presentations
history_book.epub,,books
history_book.epub,chapter one it was a preface acknowledgements chapter one it was a,books
untitled_8826,,other
birthday_2023.mp4,,videos
resume_jo_patel.docx,agreement between parties,documents
lecture_history.mkv,,videos
manual_v4443.pdf,,documents
podcast_ep6920.mp3,,audio
hours_tracking_526.ods,"column,values",spreadsheets
query_runner.py,export default component export default component import pandas as pd,code
budget_2015.xlsx,"sum of expenses column,values budget forecast q1",spreadsheets
IMG_5767.jpg,,images
banner_4143.ai,layer mask vector artboard,design
customers_export.tsv,,data
calibre_3468.mobi,preface acknowledgements chapter one it was a,books
receipt_808.pdf,agreement between parties,documents
pitch_deck_v9683.pptx,market opportunity pricing,presentations
voice_memo_1984.m4a,,audio
scan_doc200.jpg,,images
project_export_5951.7z,compressed archive contents compressed archive contents compressed archive contents compressed archive contents,archives
lecture_cooking.mkv,,videos
interview_recording_3421.flac,,audio
birthday_2016.mp4,,videos
pitch_deck_v6623.pptx,market opportunity pricing slide overview agenda,presentations
metrics_2017-03-10.json,"{""status"": ""ok"", ""items"": 42} id,name,value {""status"": ""ok"", ""items"": 42} {""status"": ""ok"", ""items"": 42}",data
server_main.go,import pandas as pd import pandas as pd export default component,code
resume_wei_patel.docx,agreement between parties meeting agenda attendees meeting agenda attendees dear sir or madam,documents
customers_export.tsv,"id,name,value id,name,value id,name,value",data
project_export_9287.7z,compressed archive contents compressed archive contents compressed archive contents,archives
voice_memo_5108.m4a,,audio
pitch_deck_v2569.pptx,market opportunity pricing market opportunity pricing market opportunity pricing market opportunity pricing,presentations
export_users.csv,"{""status"": ""ok"", ""items"": 42} id,name,value",data
gothic_3081.otf,,fonts
training_physics.key,market opportunity pricing slide overview agenda,presentations
gothic_5232.otf,,fonts
expenses_feb.xlsx,"column,values budget forecast q1 budget forecast q1 budget forecast q1",spreadsheets
photos_archive_2023.tar.gz,compressed archive contents,archives
drone_flight_lake.mov,,videos
download_7614,,other
expenses_apr.xlsx,,spreadsheets
podcast_ep9480.mp3,,audio
budget_2017.xlsx,"sum of expenses budget forecast q1 column,values column,values",spreadsheets
interview_recording_7559.flac,,audio
drone_flight_lake.mov,,videos
hours_tracking_837.ods,sum of expenses,spreadsheets
project_export_8155.7z,compressed archive contents compressed archive contents compressed archive contents,archives
pitch_deck_v7347.pptx,market opportunity pricing,presentations
inter_bold.ttf,,fonts
training_history.key,market opportunity pricing market opportunity pricing market opportunity pricing,presentations
VID_6793.mp4,,videos
letter_to_umbrella.txt,,documents
budget_2020.xlsx,"column,values",spreadsheets
quarterly_review_q1.pptx,slide overview agenda slide overview agenda slide overview agenda market opportunity pricing,presentations
calibre_7844.mobi,,books
document1,,other
meeting_notes_2015-08-18.txt,,documents
manual_v4385.pdf,agreement between parties invoice total due agreement between parties,documents
budget_2016.xlsx,sum of expenses,spreadsheets
podcast_ep1858.mp3,,audio
pitch_deck_v980.pptx,market opportunity pricing slide overview agenda slide overview agenda market opportunity pricing,presentations
VID_1966.mp4,,videos
lease_agreement_4905.pdf,dear sir or madam,documents
logo_draft_v3748.psd,layer mask vector artboard layer mask vector artboard,design
IMG_9982.jpg,,images
calibre_4498.mobi,chapter one it was a chapter one it was a chapter one it was a,books
drone_flight_beach.mov,,videos
photos_archive_2023.tar.gz,compressed archive contents compressed archive contents compressed archive contents compressed archive contents,archives
lecture_gardening.mkv,,videos
config_6458.json,"id,name,value",data
pitch_deck_v5765.pptx,market opportunity pricing slide overview agenda slide overview agenda market opportunity pricing,presentations
marketing_book.epub,chapter one it was a chapter one it was a chapter one it was a preface acknowledgements,books
song_demo_7719.wav,,audio
gothic_9600.otf,,fonts
budget_2019.xlsx,"sum of expenses budget forecast q1 column,values sum of expenses",spreadsheets
vacation_lake.jpeg,,images
receipt_9023.pdf,invoice total due dear sir or madam,documents
metrics_2019-02-08.json,"id,name,value id,name,value",data
hours_tracking_6884.ods,sum of expenses,spreadsheets
interview_recording_6220.flac,,audio
scan_doc2755.jpg,,images
VID_5142.mp4,,videos
document1,,other
customers_export.tsv,"{""status"": ""ok"", ""items"": 42} {""status"": ""ok"", ""items"": 42}",data
receipt_4093.pdf,invoice total due dear sir or madam meeting agenda attendees,documents
calibre_651.mobi,chapter one it was a preface acknowledgements preface acknowledgements,books
untitled_8405,,other
gardening_book.epub,,books
logo_draft_v3730.psd,layer mask vector artboard layer mask vector artboard layer mask vector artboard layer mask vector artboard,design
interview_recording_1248.flac,,audio
resume_sam_nova.docx,dear sir or madam dear sir or madam,documents
newfile_1903,,other
untitled_3512,,other
podcast_ep8024.mp3,,audio
voice_memo_6941.m4a,,audio
screenshot_2024-06-10.png,,images
newfile_3842,,other
backup_2019-11-01.zip,,archives
wireframes_591.fig,layer mask vector artboard layer mask vector artboard layer mask vector artboard,design
family_graduation.png,,images
logo_draft_v5893.psd,,design
receipt_885.pdf,meeting agenda attendees agreement between parties meeting agenda attendees,documents
app_component_2036.tsx,export default component,code
download_342,,other
newfile_9336,,other
resume_alex_patel.docx,dear sir or madam agreement between parties agreement between parties dear sir or madam,documents
vacation_city.jpeg,,images
letter_to_umbrella.txt,meeting agenda attendees meeting agenda attendees,documents
hours_tracking_5933.ods,"column,values",spreadsheets
customers_export.tsv,"id,name,value id,name,value {""status"": ""ok"", ""items"": 42}",data
inter_bold.ttf,,fonts
wireframes_6331.fig,layer mask vector artboard layer mask vector artboard layer mask vector artboard,design
photos_archive_2021.tar.gz,compressed archive contents compressed archive contents compressed archive contents,archives
IMG_4836.jpg,,images
styles_main.css,function render props export default component export default component import pandas as pd,code
scan_doc5777.jpg,,images
inter_bold.ttf,,fonts
manual_v3235.pdf,dear sir or madam,documents
physics_book.epub,preface acknowledgements,books
export_orders.csv,"{""status"": ""ok"", ""items"": 42} id,name,value",data
gothic_795.otf,,fonts
backup_2019-10-16.zip,compressed archive contents compressed archive contents compressed archive contents compressed archive contents,archives
styles_main.css,import pandas as pd,code
calibre_9129.mobi,chapter one it was a preface acknowledgements,books
app_component_4136.tsx,import pandas as pd import pandas as pd function render props function render props,code
config_8213.json,"id,name,value {""status"": ""ok"", ""items"": 42}",data
grotesk_medium.woff2,,fonts
project_export_5372.7z,compressed archive contents,archives
banner_2250.ai,layer mask vector artboard layer mask vector artboard layer mask vector artboard,design
quarterly_review_q3.pptx,slide overview agenda slide overview agenda,presentations
project_export_8883.7z,compressed archive contents compressed archive contents,archives
config_4924.json,"id,name,value {""status"": ""ok"", ""items"": 42} id,name,value",data
letter_to_acme.txt,dear sir or madam invoice total due dear sir or madam meeting agenda attendees,documents
IMG_6565.jpg,,images
wireframes_3897.fig,,design
family_dinner.png,,images
export_orders.csv,,data
song_demo_6481.wav,,audio
interview_recording_5745.flac,,audio
invoice_8256_hooli.pdf,meeting agenda attendees,documents
newfile_4103,,other
VID_1073.mp4,,videos
wireframes_2652.fig,layer mask vector artboard,design
metrics_2019-04-08.json,"id,name,value",data
calibre_1657.mobi,chapter one it was a preface acknowledgements,books
meeting_notes_2024-02-22.txt,,documents
lease_agreement_6825.pdf,invoice total due invoice total due meeting agenda attendees,documents
training_marketing.key,,presentations
budget_2016.xlsx,"column,values column,values",spreadsheets
metrics_2016-08-11.json,"{""status"": ""ok"", ""items"": 42} {""status"": ""ok"", ""items"": 42} {""status"": ""ok"", ""items"": 42} {""status"": ""ok"", ""items"": 42}",data
banner_1884.ai,layer mask vector artboard,design
customers_export.tsv,"id,name,value",data
banner_5937.ai,layer mask vector artboard,design
utils_9310.py,export default component import pandas as pd import pandas as pd function render props,code
backup_2019-06-05.zip,compressed archive contents compressed archive contents,archives
quarterly_review_q4.pptx,slide overview agenda,presentations
logo_draft_v3117.psd,layer mask vector artboard layer mask vector artboard layer mask vector artboard layer mask vector artboard,design
config_3386.json,"{""status"": ""ok"", ""items"": 42} id,name,value {""status"": ""ok"", ""items"": 42}",data
scan_doc8331.jpg,,images
app_component_6233.tsx,export default component import pandas as pd,code
utils_8751.py,,code
photos_archive_2026.tar.gz,,archives
resume_sam_garcia.docx,invoice total due invoice total due,documents
drone_flight_beach.mov,,videos
invoice_5333_hooli.pdf,agreement between parties meeting agenda attendees meeting agenda attendees meeting agenda attendees,documents
project_export_3419.7z,,archives
grotesk_medium.woff2,,fonts
calibre_8732.mobi,preface acknowledgements,books
backup_2022-06-24.zip,,archives
training_marketing.key,slide overview agenda market opportunity pricing slide overview agenda market opportunity pricing,presentations
calibre_2599.mobi,chapter one it was a chapter one it was a chapter one it was a preface acknowledgements,books
project_export_799.7z,compressed archive contents compressed archive contents compressed archive contents compressed archive contents,archives
backup_2022-04-26.zip,compressed archive contents,archives
banner_3210.ai,layer mask vector artboard layer mask vector artboard layer mask vector artboard layer mask vector artboard,design
report_draft_9774.docx,dear sir or madam dear sir or madam meeting agenda attendees,documents
quarterly_review_q1.pptx,slide overview agenda,presentations
server_main.go,function render props function render props,code
song_demo_8603.wav,,audio
banner_5783.ai,layer mask vector artboard layer mask vector artboard layer mask vector artboard,design
report_draft_2836.docx,invoice total due invoice total due,documents
backup_2016-07-11.zip,,archives
expenses_mar.xlsx,budget forecast q1,spreadsheets
grotesk_medium.woff2,,fonts
podcast_ep6846.mp3,,audio
inter_bold.ttf,,fonts
song_demo_9578.wav,,audio
drone_flight_beach.mov,,videos
physics_book.epub,chapter one it was a preface acknowledgements,books
screenshot_2020-04-25.png,,images
expenses_jun.xlsx,,spreadsheets
scan_doc9742.jpg,,images
budget_2021.xlsx,budget forecast q1 sum of expenses,spreadsheets
project_export_4271.7z,compressed archive contents,archives
document1,,other
training_cooking.key,market opportunity pricing slide overview agenda,presentations
photos_archive_2015.tar.gz,compressed archive contents,archives
birthday_2018.mp4,,videos
resume_wei_kim.docx,dear sir or madam invoice total due invoice total due,documents
marketing_book.epub,preface acknowledgements,books
styles_main.css,,code
config_7261.json,"id,name,value",data
voice_memo_467.m4a,,audio
budget_2019.xlsx,"sum of expenses budget forecast q1 column,values column,values",spreadsheets
newfile_2703,,other
untitled_191,,other
expenses_apr.xlsx,"budget forecast q1 column,values budget forecast q1",spreadsheets
gothic_9940.otf,,fonts
backup_2025-01-01.zip,compressed archive contents compressed archive contents compressed archive contents,archives
export_users.csv,"{""status"": ""ok"", ""items"": 42} {""status"": ""ok"", ""items"": 42} {""status"": ""ok"", ""items"": 42} {""status"": ""ok"", ""items"": 42}",data
song_demo_7275.wav,,audio
interview_recording_2462.flac,,audio
screenshot_2022-06-19.png,,images
quarterly_review_q1.pptx,slide overview agenda market opportunity pricing market opportunity pricing,presentations
logo_draft_v9891.psd,layer mask vector artboard layer mask vector artboard layer mask vector artboard layer mask vector artboard,design
vacation_lake.jpeg,,images
VID_3051.mp4,,videos
IMG_2832.jpg,,images
training_marketing.key,slide overview agenda slide overview agenda market opportunity pricing market opportunity pricing,presentations
calibre_8208.mobi,preface acknowledgements preface acknowledgements preface acknowledgements,books
VID_3443.mp4,,videos
song_demo_2826.wav,,audio
inter_bold.ttf,,fonts
interview_recording_6613.flac,,audio
family_dinner.png,,images
metrics_2024-11-05.json,"{""status"": ""ok"", ""items"": 42} id,name,value",data
lecture_cooking.mkv,,videos
pitch_deck_v4888.pptx,market opportunity pricing market opportunity pricing,presentations
backup_2018-01-06.zip,compressed archive contents compressed archive contents,archives
logo_draft_v7903.psd,layer mask vector artboard layer mask vector artboard layer mask vector artboard layer mask vector artboard,design
metrics_2018-03-15.json,"id,name,value id,name,value",data
screenshot_2023-05-19.png,,images
drone_flight_mountains.mov,,videos
pitch_deck_v340.pptx,market opportunity pricing market opportunity pricing slide overview agenda,presentations
podcast_ep2623.mp3,,audio
grotesk_medium.woff2,,fonts
expenses_feb.xlsx,"sum of expenses column,values sum of expenses",spreadsheets
photos_archive_2017.tar.gz,compressed archive contents compressed archive contents compressed archive contents,archives
resume_jo_nova.docx,dear sir or madam dear sir or madam dear sir or madam invoice total due,documents
config_1168.json,"{""status"": ""ok"", ""items"": 42} {""status"": ""ok"", ""items"": 42} {""status"": ""ok"", ""items"": 42}",data
family_graduation.png,,images
project_export_4685.7z,compressed archive contents compressed archive contents compressed archive contents,archives
query_runner.py,export default component function render props,code
styles_main.css,,code
photos_archive_2019.tar.gz,compressed archive contents,archives
document1,,other
voice_memo_2056.m4a,,audio
untitled_6445,,other
backup_2015-11-21.zip,compressed archive contents compressed archive contents,archives
physics_book.epub,preface acknowledgements,books
physics_book.epub,chapter one it was a chapter one it was a chapter one it was a,books
styles_main.css,function render props export default component function render props,code
server_main.go,,code
gothic_7108.otf,,fonts
podcast_ep1088.mp3,,audio
photos_archive_2020.tar.gz,,archives
gothic_5641.otf,,fonts
quarterly_review_q1.pptx,slide overview agenda market opportunity pricing market opportunity pricing market opportunity pricing,presentations
family_dinner.png,,images
banner_2220.ai,layer mask vector artboard layer mask vector artboard layer mask vector artboard,design
inter_bold.ttf,,fonts
training_history.key,market opportunity pricing slide overview agenda slide overview agenda,presentations
vacation_city.jpeg,,images
project_export_5335.7z,compressed archive contents compressed archive contents,archives
pitch_deck_v9129.pptx,slide overview agenda,presentations
styles_main.css,,code
budget_2023.xlsx,"column,values sum of expenses column,values",spreadsheets
logo_draft_v3387.psd,layer mask vector artboard,design
untitled_9346,,other
interview_recording_3831.flac,,audio
gardening_book.epub,preface acknowledgements preface acknowledgements,books
wireframes_5114.fig,layer mask vector artboard,design
newfile_3721,,other
inter_bold.ttf,,fonts
grotesk_medium.woff2,,fonts
project_export_8657.7z,,archives
pitch_deck_v5235.pptx,market opportunity pricing slide overview agenda market opportunity pricing,presentations
training_marketing.key,slide overview agenda market opportunity pricing market opportunity pricing,presentations
lecture_history.mkv,,videos
photos_archive_2015.tar.gz,compressed archive contents,archives
customers_export.tsv,"{""status"": ""ok"", ""items"": 42} {""status"": ""ok"", ""items"": 42}",data
podcast_ep6746.mp3,,audio
vacation_city.jpeg,,images
quarterly_review_q3.pptx,,presentations
document1,,other
untitled_7357,,other
podcast_ep8845.mp3,,audio
lecture_gardening.mkv,,videos
query_runner.py,import pandas as pd export default component import pandas as pd function render props,code
scan_doc9827.jpg,,images
newfile_4332,,other
calibre_146.mobi,preface acknowledgements,books
hours_tracking_5747.ods,"budget forecast q1 sum of expenses column,values",spreadsheets
pitch_deck_v6734.pptx,,presentations
inter_bold.ttf,,fonts
pitch_deck_v1717.pptx,,presentations
song_demo_5918.wav,,audio
backup_2023-07-15.zip,compressed archive contents compressed archive contents compressed archive contents compressed archive contents,archives
lecture_physics.mkv,,videos
hours_tracking_2307.ods,"column,values budget forecast q1 sum of expenses",spreadsheets
vacation_mountains.jpeg,,images
budget_2021.xlsx,"column,values budget forecast q1 column,values sum of expenses",spreadsheets
screenshot_2020-04-21.png,,images
inter_bold.ttf,,fonts
banner_7971.ai,layer mask vector artboard layer mask vector artboard layer mask vector artboard layer mask vector artboard,design
inter_bold.ttf,,fonts
pitch_deck_v7484.pptx,slide overview agenda,presentations
grotesk_medium.woff2,,fonts
interview_recording_6983.flac,,audio
export_orders.csv,"id,name,value {""status"": ""ok"", ""items"": 42} {""status"": ""ok"", ""items"": 42} {""status"": ""ok"", ""items"": 42}",data
VID_4072.mp4,,videos
cooking_book.epub,chapter one it was a,books
query_runner.py,import pandas as pd,code
VID_9753.mp4,,videos
expenses_apr.xlsx,,spreadsheets
IMG_3920.jpg,,images
banner_5759.ai,layer mask vector artboard,design
document1,,other
banner_6467.ai,,design
history_book.epub,preface acknowledgements,books
marketing_book.epub,chapter one it was a chapter one it was a chapter one it was a,books
podcast_ep1614.mp3,,audio
calibre_7994.mobi,chapter one it was a preface acknowledgements,books
calibre_1468.mobi,chapter one it was a chapter one it was a preface acknowledgements preface acknowledgements,books
drone_flight_mountains.mov,,videos
hours_tracking_6390.ods,"column,values column,values",spreadsheets
drone_flight_lake.mov,,videos
pitch_deck_v2830.pptx,market opportunity pricing,presentations
newfile_6130,,other
grotesk_medium.woff2,,fonts
pitch_deck_v7013.pptx,slide overview agenda,presentations
project_export_3063.7z,compressed archive contents compressed archive contents,archives
document1,,other
calibre_7123.mobi,chapter one it was a preface acknowledgements preface acknowledgements preface acknowledgements,books
export_orders.csv,"id,name,value id,name,value id,name,value",data
voice_memo_3618.m4a,,audio
report_draft_7254.docx,,documents
pitch_deck_v6594.pptx,slide overview agenda slide overview agenda slide overview agenda slide overview agenda,presentations
letter_to_umbrella.txt,meeting agenda attendees,documents
config_505.json,"id,name,value {""status"": ""ok"", ""items"": 42} {""status"": ""ok"", ""items"": 42} id,name,value",data
styles_main.css,function render props export default component,code
IMG_3423.jpg,,images
grotesk_medium.woff2,,fonts
calibre_1733.mobi,preface acknowledgements preface acknowledgements preface acknowledgements chapter one it was a,books
marketing_book.epub,,books
quarterly_review_q3.pptx,slide overview agenda,presentations
app_component_8053.tsx,,code
project_export_59.7z,,archives
photos_archive_2021.tar.gz,compressed archive contents compressed archive contents compressed archive contents,archives
pitch_deck_v8433.pptx,slide overview agenda,presentations
app_component_2272.tsx,function render props,code
quarterly_review_q2.pptx,slide overview agenda slide overview agenda slide overview agenda,presentations
backup_2024-01-14.zip,,archives
calibre_7426.mobi,chapter one it was a preface acknowledgements preface acknowledgements chapter one it was a,books
export_events.csv,"{""status"": ""ok"", ""items"": 42} id,name,value",data
lease_agreement_7101.pdf,invoice total due agreement between parties,documents
wireframes_4264.fig,,design
family_trip.png,,images
IMG_2497.jpg,,images
birthday_2022.mp4,,videos
logo_draft_v1742.psd,layer mask vector artboard layer mask vector artboard layer mask vector artboard,design
banner_995.ai,layer mask vector artboard,design
letter_to_umbrella.txt,agreement between parties invoice total due invoice total due,documents
query_runner.py,function render props export default component,code
calibre_4092.mobi,,books
birthday_2018.mp4,,videos
birthday_2018.mp4,,videos
metrics_2022-09-24.json,"{""status"": ""ok"", ""items"": 42} id,name,value {""status"": ""ok"", ""items"": 42} id,name,value",data
calibre_4165.mobi,,books
gothic_7733.otf,,fonts
metrics_2021-10-12.json,"{""status"": ""ok"", ""items"": 42}",data
untitled_288,,other
letter_to_acme.txt,dear sir or madam,documents
hours_tracking_2446.ods,sum of expenses sum of expenses sum of expenses,spreadsheets
export_orders.csv,"id,name,value id,name,value id,name,value {""status"": ""ok"", ""items"": 42}",data
photos_archive_2017.tar.gz,compressed archive contents compressed archive contents compressed archive contents compressed archive contents,archives
document1,,other
inter_bold.ttf,,fonts
app_component_3923.tsx,function render props function render props export default component export default component,code
gothic_8802.otf,,fonts
budget_2018.xlsx,"budget forecast q1 column,values budget forecast q1 budget forecast q1",spreadsheets
backup_2017-08-08.zip,compressed archive contents compressed archive contents,archives
photos_archive_2018.tar.gz,compressed archive contents,archives
calibre_7146.mobi,preface acknowledgements chapter one it was a,books
marketing_book.epub,,books
wireframes_5711.fig,layer mask vector artboard,design
screenshot_2026-05-10.png,,images
export_users.csv,"{""status"": ""ok"", ""items"": 42} {""status"": ""ok"", ""items"": 42} {""status"": ""ok"", ""items"": 42} {""status"": ""ok"", ""items"": 42}",data
lecture_marketing.mkv,,videos
photos_archive_2024.tar.gz,compressed archive contents compressed archive contents,archives
export_events.csv,,data
birthday_2022.mp4,,videos
lecture_physics.mkv,,videos
wireframes_7255.fig,,design
expenses_jun.xlsx,budget forecast q1 sum of expenses budget forecast q1,spreadsheets
VID_7247.mp4,,videos
letter_to_initech.txt,agreement between parties agreement between parties dear sir or madam dear sir or madam,documents
lecture_marketing.mkv,,videos
config_5128.json,"id,name,value",data
config_2650.json,"id,name,value {""status"": ""ok"", ""items"": 42} {""status"": ""ok"", ""items"": 42}",data
inter_bold.ttf,,fonts
expenses_feb.xlsx,sum of expenses sum of expenses sum of expenses budget forecast q1,spreadsheets
interview_recording_3888.flac,,audio
family_dinner.png,,images
grotesk_medium.woff2,,fonts
config_8436.json,"id,name,value",data
gardening_book.epub,,books
config_7560.json,,data
drone_flight_city.mov,,videos
lease_agreement_8377.pdf,dear sir or madam meeting agenda attendees agreement between parties meeting agenda attendees,documents
IMG_2574.jpg,,images
gothic_63.otf,,fonts
screenshot_2017-07-02.png,,images
birthday_2023.mp4,,videos
backup_2015-12-12.zip,compressed archive contents compressed archive contents compressed archive contents,archives
download_7345,,other
quarterly_review_q1.pptx,slide overview agenda slide overview agenda market opportunity pricing slide overview agenda,presentations
invoice_8743_globex.pdf,,documents
voice_memo_1852.m4a,,audio
untitled_4224,,other
wireframes_2618.fig,,design
screenshot_2021-06-15.png,,images
grotesk_medium.woff2,,fonts
hours_tracking_9673.ods,budget forecast q1 sum of expenses budget forecast q1 sum of expenses,spreadsheets
newfile_2017,,other
marketing_book.epub,chapter one it was a,books
query_runner.py,export default component function render props export default component,code
logo_draft_v1843.psd,layer mask vector artboard layer mask vector artboard layer mask vector artboard,design
logo_draft_v5636.psd,,design
calibre_1498.mobi,preface acknowledgements preface acknowledgements,books
VID_9498.mp4,,videos
banner_1854.ai,layer mask vector artboard layer mask vector artboard layer mask vector artboard,design
podcast_ep2370.mp3,,audio
query_runner.py,import pandas as pd function render props function render props,code
grotesk_medium.woff2,,fonts
lecture_physics.mkv,,videos
download_4941,,other
scan_doc9143.jpg,,images
document1,,other
report_draft_5366.docx,,documents
screenshot_2023-10-08.png,,images
download_9412,,other
logo_draft_v3410.psd,layer mask vector artboard,design
screenshot_2026-10-22.png,,images
query_runner.py,function render props,code
budget_2016.xlsx,budget forecast q1,spreadsheets
document1,,other
training_physics.key,market opportunity pricing slide overview agenda market opportunity pricing market opportunity pricing,presentations
IMG_588.jpg,,images
export_users.csv,"id,name,value id,name,value {""status"": ""ok"", ""items"": 42} id,name,value",data
customers_export.tsv,"{""status"": ""ok"", ""items"": 42} {""status"": ""ok"", ""items"": 42} {""status"": ""ok"", ""items"": 42} id,name,value",data
podcast_ep5557.mp3,,audio
calibre_6866.mobi,chapter one it was a chapter one it was a,books
song_demo_7191.wav,,audio
gothic_4637.otf,,fonts
drone_flight_beach.mov,,videos
budget_2018.xlsx,"budget forecast q1 column,values budget forecast q1 column,values",spreadsheets
pitch_deck_v8530.pptx,market opportunity pricing slide overview agenda,presentations
pitch_deck_v9036.pptx,slide overview agenda market opportunity pricing slide overview agenda slide overview agenda,presentations
query_runner.py,import pandas as pd export default component function render props,code
pitch_deck_v2520.pptx,slide overview agenda market opportunity pricing slide overview agenda market opportunity pricing,presentations
export_events.csv,,data
scan_doc3179.jpg,,images
banner_3953.ai,layer mask vector artboard layer mask vector artboard layer mask vector artboard,design
birthday_2025.mp4,,videos
marketing_book.epub,chapter one it was a chapter one it was a,books
photos_archive_2015.tar.gz,,archives
grotesk_medium.woff2,,fonts
voice_memo_2618.m4a,,audio
gothic_6033.otf,,fonts
project_export_1028.7z,compressed archive contents compressed archive contents compressed archive contents compressed archive contents,archives
untitled_642,,other
logo_draft_v9356.psd,layer mask vector artboard,design
vacation_beach.jpeg,,images
birthday_2022.mp4,,videos
hours_tracking_9626.ods,"column,values sum of expenses column,values",spreadsheets
calibre_6735.mobi,preface acknowledgements,books
training_cooking.key,market opportunity pricing market opportunity pricing slide overview agenda slide overview agenda,presentations
history_book.epub,chapter one it was a preface acknowledgements preface acknowledgements,books
export_users.csv,,data
query_runner.py,function render props import pandas as pd function render props,code
IMG_7815.jpg,,images
interview_recording_9691.flac,,audio
expenses_apr.xlsx,"column,values",spreadsheets
VID_4330.mp4,,videos
hours_tracking_3134.ods,budget forecast q1,spreadsheets
pitch_deck_v264.pptx,market opportunity pricing market opportunity pricing slide overview agenda market opportunity pricing,presentations
logo_draft_v4218.psd,,design
photos_archive_2020.tar.gz,compressed archive contents,archives
drone_flight_city.mov,,videos
calibre_2159.mobi,chapter one it was a preface acknowledgements preface acknowledgements chapter one it was a,books
grotesk_medium.woff2,,fonts
budget_2024.xlsx,"budget forecast q1 column,values column,values",spreadsheets
physics_book.epub,preface acknowledgements preface acknowledgements,books
birthday_2023.mp4,,videos
training_cooking.key,market opportunity pricing,presentations
banner_3755.ai,layer mask vector artboard layer mask vector artboard layer mask vector artboard layer mask vector artboard,design
export_events.csv,"id,name,value {""status"": ""ok"", ""items"": 42} {""status"": ""ok"", ""items"": 42} {""status"": ""ok"", ""items"": 42}",data
family_trip.png,,images
hours_tracking_5704.ods,,spreadsheets
interview_recording_4586.flac,,audio
vacation_mountains.jpeg,,images
VID_3620.mp4,,videos
training_gardening.key,,presentations
backup_2016-10-18.zip,compressed archive contents compressed archive contents compressed archive contents compressed archive contents,archives
VID_1111.mp4,,videos
invoice_5349_globex.pdf,agreement between parties invoice total due dear sir or madam invoice total due,documents
backup_2020-01-16.zip,compressed archive contents,archives
podcast_ep9557.mp3,,audio
training_history.key,market opportunity pricing slide overview agenda,presentations
pitch_deck_v324.pptx,slide overview agenda slide overview agenda slide overview agenda slide overview agenda,presentations
project_export_1341.7z,compressed archive contents compressed archive contents compressed archive contents compressed archive contents,archives
quarterly_review_q2.pptx,market opportunity pricing slide overview agenda,presentations
app_component_7997.tsx,function render props export default component function render props export default component,code
gothic_9138.otf,,fonts
calibre_7027.mobi,,books
photos_archive_2024.tar.gz,,archives
voice_memo_6678.m4a,,audio
budget_2025.xlsx,sum of expenses,spreadsheets
birthday_2023.mp4,,videos
document1,,other
query_runner.py,,code
config_2820.json,"{""status"": ""ok"", ""items"": 42} {""status"": ""ok"", ""items"": 42} {""status"": ""ok"", ""items"": 42}",data
customers_export.tsv,"{""status"": ""ok"", ""items"": 42} {""status"": ""ok"", ""items"": 42}",data
family_dinner.png,,images
backup_2016-05-20.zip,compressed archive contents compressed archive contents compressed archive contents compressed archive contents,archives
quarterly_review_q4.pptx,market opportunity pricing,presentations
logo_draft_v7819.psd,layer mask vector artboard layer mask vector artboard layer mask vector artboard,design
pitch_deck_v6728.pptx,slide overview agenda market opportunity pricing slide overview agenda market opportunity pricing,presentations
song_demo_6825.wav,,audio
config_8442.json,,data
lease_agreement_9828.pdf,meeting agenda attendees dear sir or madam dear sir or madam,documents
server_main.go,function render props,code
newfile_1820,,other
quarterly_review_q4.pptx,market opportunity pricing,presentations
voice_memo_7243.m4a,,audio
utils_1639.py,export default component function render props,code
utils_6952.py,import pandas as pd import pandas as pd,code
screenshot_2025-03-21.png,,images
download_6065,,other
drone_flight_lake.mov,,videos
voice_memo_548.m4a,,audio
project_export_790.7z,compressed archive contents,archives
banner_2016.ai,layer mask vector artboard layer mask vector artboard layer mask vector artboard layer mask vector artboard,design
song_demo_7826.wav,,audio
config_806.json,"{""status"": ""ok"", ""items"": 42} id,name,value {""status"": ""ok"", ""items"": 42}",data
export_orders.csv,"{""status"": ""ok"", ""items"": 42} id,name,value id,name,value",data
screenshot_2020-12-28.png,,images
quarterly_review_q2.pptx,slide overview agenda market opportunity pricing,presentations
receipt_2360.pdf,invoice total due,documents
metrics_2022-08-13.json,"id,name,value {""status"": ""ok"", ""items"": 42} {""status"": ""ok"", ""items"": 42}",data
gothic_263.otf,,fonts
metrics_2023-02-17.json,"id,name,value id,name,value",data
hours_tracking_7222.ods,"column,values",spreadsheets
query_runner.py,,code
drone_flight_beach.mov,,videos
meeting_notes_2021-03-03.txt,dear sir or madam invoice total due agreement between parties agreement between parties,documents
letter_to_globex.txt,meeting agenda attendees meeting agenda attendees invoice total due dear sir or madam,documents
receipt_4439.pdf,agreement between parties meeting agenda attendees agreement between parties meeting agenda attendees,documents
podcast_ep7297.mp3,,audio
budget_2020.xlsx,"budget forecast q1 column,values",spreadsheets
interview_recording_4699.flac,,audio
hours_tracking_6093.ods,budget forecast q1 sum of expenses,spreadsheets
pitch_deck_v8755.pptx,slide overview agenda market opportunity pricing slide overview agenda slide overview agenda,presentations
quarterly_review_q2.pptx,,presentations
report_draft_5542.docx,dear sir or madam invoice total due invoice total due meeting agenda attendees,documents
project_export_8897.7z,compressed archive contents compressed archive contents compressed archive contents,archives
wireframes_6580.fig,layer mask vector artboard layer mask vector artboard,design
scan_doc314.jpg,,images
gothic_7002.otf,,fonts
quarterly_review_q2.pptx,,presentations
voice_memo_304.m4a,,audio
inter_bold.ttf,,fonts
styles_main.css,import pandas as pd export default component,code
training_gardening.key,slide overview agenda market opportunity pricing slide overview agenda,presentations
logo_draft_v8138.psd,,design
expenses_mar.xlsx,"column,values column,values budget forecast q1 sum of expenses",spreadsheets
lease_agreement_705.pdf,meeting agenda attendees dear sir or madam invoice total due,documents
lecture_gardening.mkv,,videos
song_demo_8221.wav,,audio
budget_2026.xlsx,,spreadsheets
wireframes_7057.fig,layer mask vector artboard layer mask vector artboard layer mask vector artboard layer mask vector artboard,design
pitch_deck_v8701.pptx,slide overview agenda,presentations
calibre_1085.mobi,,books
expenses_jan.xlsx,"sum of expenses sum of expenses sum of expenses column,values",spreadsheets
vacation_lake.jpeg,,images
utils_5282.py,,code
drone_flight_lake.mov,,videos
physics_book.epub,preface acknowledgements chapter one it was a chapter one it was a preface acknowledgements,books
meeting_notes_2019-07-15.txt,agreement between parties agreement between parties agreement between parties,documents
birthday_2020.mp4,,videos
untitled_4077,,other
drone_flight_mountains.mov,,videos
document1,,other
metrics_2015-08-04.json,"id,name,value",data
training_cooking.key,,presentations
document1,,other
wireframes_549.fig,layer mask vector artboard layer mask vector artboard layer mask vector artboard,design
VID_1475.mp4,,videos
app_component_3507.tsx,function render props import pandas as pd export default component function render props,code
grotesk_medium.woff2,,fonts
banner_943.ai,layer mask vector artboard,design
screenshot_2017-10-06.png,,images
resume_priya_patel.docx,dear sir or madam invoice total due agreement between parties,documents
birthday_2021.mp4,,videos
gardening_book.epub,,books
export_orders.csv,"{""status"": ""ok"", ""items"": 42} {""status"": ""ok"", ""items"": 42} id,name,value",data
logo_draft_v2974.psd,layer mask vector artboard layer mask vector artboard layer mask vector artboard,design
letter_to_acme.txt,meeting agenda attendees agreement between parties dear sir or madam meeting agenda attendees,documents
server_main.go,import pandas as pd function render props,code
export_orders.csv,"id,name,value id,name,value id,name,value",data
export_users.csv,,data
document1,,other
calibre_3258.mobi,chapter one it was a preface acknowledgements chapter one it was a,books
birthday_2021.mp4,,videos
voice_memo_9166.m4a,,audio
gothic_1123.otf,,fonts
drone_flight_lake.mov,,videos
logo_draft_v9387.psd,layer mask vector artboard layer mask vector artboard layer mask vector artboard layer mask vector artboard,design
family_graduation.png,,images
IMG_7827.jpg,,images
customers_export.tsv,"id,name,value",data
customers_export.tsv,"id,name,value",data
utils_2638.py,function render props function render props function render props,code
newfile_4465,,other
inter_bold.ttf,,fonts
customers_export.tsv,"{""status"": ""ok"", ""items"": 42} id,name,value {""status"": ""ok"", ""items"": 42}",data
family_graduation.png,,images
quarterly_review_q1.pptx,market opportunity pricing slide overview agenda slide overview agenda,presentations
export_orders.csv,"id,name,value {""status"": ""ok"", ""items"": 42} {""status"": ""ok"", ""items"": 42} id,name,value",data
newfile_3526,,other
invoice_1919_acme.pdf,invoice total due meeting agenda attendees,documents
banner_8157.ai,layer mask vector artboard,design
interview_recording_8553.flac,,audio
document1,,other
banner_3371.ai,layer mask vector artboard layer mask vector artboard layer mask vector artboard layer mask vector artboard,design
export_events.csv,"{""status"": ""ok"", ""items"": 42} {""status"": ""ok"", ""items"": 42} {""status"": ""ok"", ""items"": 42}",data
budget_2015.xlsx,,spreadsheets
hours_tracking_1401.ods,"budget forecast q1 column,values budget forecast q1",spreadsheets
quarterly_review_q3.pptx,slide overview agenda,presentations
styles_main.css,export default component export default component function render props,code
metrics_2020-05-14.json,"{""status"": ""ok"", ""items"": 42}",data
drone_flight_city.mov,,videos
backup_2019-08-15.zip,compressed archive contents compressed archive contents,archives
calibre_2850.mobi,chapter one it was a chapter one it was a,books
photos_archive_2025.tar.gz,compressed archive contents,archives
training_cooking.key,slide overview agenda slide overview agenda slide overview agenda,presentations
backup_2017-08-12.zip,compressed archive contents compressed archive contents compressed archive contents compressed archive contents,archives
gardening_book.epub,,books
calibre_1910.mobi,preface acknowledgements,books
query_runner.py,import pandas as pd function render props,code
logo_draft_v8535.psd,layer mask vector artboard layer mask vector artboard layer mask vector artboard layer mask vector artboard,design
birthday_2023.mp4,,videos
backup_2022-10-25.zip,,archives
query_runner.py,import pandas as pd export default component,code
logo_draft_v7156.psd,layer mask vector artboard,design
logo_draft_v3144.psd,layer mask vector artboard layer mask vector artboard layer mask vector artboard,design
project_export_2590.7z,compressed archive contents compressed archive contents compressed archive contents,archives
inter_bold.ttf,,fonts
styles_main.css,function render props import pandas as pd function render props import pandas as pd,code
hours_tracking_942.ods,"sum of expenses budget forecast q1 column,values",spreadsheets
IMG_3681.jpg,,images
hours_tracking_1121.ods,"column,values column,values budget forecast q1",spreadsheets
app_component_1413.tsx,function render props,code
voice_memo_2270.m4a,,audio
manual_v5264.pdf,meeting agenda attendees,documents
wireframes_7532.fig,layer mask vector artboard layer mask vector artboard layer mask vector artboard,design
podcast_ep1054.mp3,,audio
VID_1776.mp4,,videos
project_export_9985.7z,compressed archive contents compressed archive contents,archives
project_export_3478.7z,compressed archive contents compressed archive contents compressed archive contents,archives
inter_bold.ttf,,fonts
receipt_2858.pdf,invoice total due dear sir or madam meeting agenda attendees,documents
project_export_8092.7z,,archives
song_demo_7513.wav,,audio
query_runner.py,export default component function render props,code
physics_book.epub,preface acknowledgements,books
meeting_notes_2026-04-22.txt,dear sir or madam meeting agenda attendees agreement between parties,documents
grotesk_medium.woff2,,fonts
budget_2016.xlsx,"column,values budget forecast q1",spreadsheets
untitled_4354,,other
document1,,other
pitch_deck_v2501.pptx,,presentations
training_gardening.key,slide overview agenda slide overview agenda,presentations
family_trip.png,,images
VID_3538.mp4,,videos
export_users.csv,"{""status"": ""ok"", ""items"": 42}",data
utils_1617.py,function render props export default component import pandas as pd export default component,code
inter_bold.ttf,,fonts
voice_memo_8020.m4a,,audio
pitch_deck_v3226.pptx,slide overview agenda slide overview agenda market opportunity pricing,presentations
server_main.go,import pandas as pd export default component function render props,code
newfile_5733,,other
inter_bold.ttf,,fonts
VID_7307.mp4,,videos
interview_recording_7357.flac,,audio
drone_flight_mountains.mov,,videos
wireframes_1756.fig,layer mask vector artboard,design
lecture_physics.mkv,,videos
download_5377,,other
lecture_marketing.mkv,,videos
hours_tracking_5252.ods,"budget forecast q1 budget forecast q1 column,values",spreadsheets
cooking_book.epub,chapter one it was a preface acknowledgements,books
quarterly_review_q4.pptx,market opportunity pricing market opportunity pricing slide overview agenda,presentations
untitled_1664,,other
history_book.epub,chapter one it was a preface acknowledgements,books
calibre_2423.mobi,chapter one it was a preface acknowledgements,books
banner_8975.ai,layer mask vector artboard layer mask vector artboard layer mask vector artboard,design
backup_2026-04-07.zip,compressed archive contents compressed archive contents,archives
interview_recording_1243.flac,,audio
vacation_mountains.jpeg,,images
logo_draft_v957.psd,layer mask vector artboard,design
hours_tracking_7047.ods,"column,values sum of expenses column,values budget forecast q1",spreadsheets
expenses_may.xlsx,,spreadsheets
document1,,other
server_main.go,import pandas as pd function render props,code
styles_main.css,,code
calibre_1168.mobi,chapter one it was a chapter one it was a chapter one it was a,books
receipt_2341.pdf,invoice total due agreement between parties,documents
meeting_notes_2023-10-03.txt,meeting agenda attendees dear sir or madam meeting agenda attendees,documents
export_events.csv,,data
project_export_6920.7z,compressed archive contents compressed archive contents compressed archive contents compressed archive contents,archives
vacation_beach.jpeg,,images
photos_archive_2022.tar.gz,,archives
cooking_book.epub,chapter one it was a,books
photos_archive_2022.tar.gz,compressed archive contents compressed archive contents,archives
logo_draft_v6257.psd,layer mask vector artboard layer mask vector artboard layer mask vector artboard,design
birthday_2026.mp4,,videos
server_main.go,import pandas as pd,code
training_cooking.key,slide overview agenda,presentations
styles_main.css,export default component,code
gothic_6856.otf,,fonts
gardening_book.epub,preface acknowledgements preface acknowledgements,books
app_component_5960.tsx,export default component function render props export default component import pandas as pd,code
letter_to_hooli.txt,,documents
customers_export.tsv,"id,name,value id,name,value",data
server_main.go,export default component function render props function render props function render props,code
inter_bold.ttf,,fonts
wireframes_371.fig,,design
pitch_deck_v1004.pptx,,presentations
song_demo_5214.wav,,audio
app_component_5852.tsx,export default component export default component export default component,code
lecture_physics.mkv,,videos
banner_3259.ai,,design
history_book.epub,chapter one it was a chapter one it was a,books
invoice_3776_initech.pdf,invoice total due,documents
interview_recording_9960.flac,,audio
app_component_4580.tsx,,code
history_book.epub,preface acknowledgements,books
wireframes_1141.fig,layer mask vector artboard layer mask vector artboard layer mask vector artboard layer mask vector artboard,design
interview_recording_1775.flac,,audio
server_main.go,function render props export default component function render props,code
config_7500.json,"id,name,value",data
server_main.go,function render props,code
calibre_2445.mobi,preface acknowledgements preface acknowledgements,books
birthday_2025.mp4,,videos
calibre_3771.mobi,preface acknowledgements preface acknowledgements,books
photos_archive_2021.tar.gz,compressed archive contents compressed archive contents compressed archive contents compressed archive contents,archives
wireframes_7.fig,layer mask vector artboard,design
lecture_marketing.mkv,,videos
letter_to_acme.txt,meeting agenda attendees meeting agenda attendees,documents
wireframes_6307.fig,layer mask vector artboard layer mask vector artboard layer mask vector artboard,design
hours_tracking_1264.ods,"column,values sum of expenses",spreadsheets
vacation_mountains.jpeg,,images
hours_tracking_6198.ods,"column,values",spreadsheets
invoice_3209_hooli.pdf,dear sir or madam,documents
photos_archive_2017.tar.gz,,archives
resume_alex_nova.docx,agreement between parties,documents
IMG_2264.jpg,,images
backup_2025-10-03.zip,compressed archive contents,archives
birthday_2020.mp4,,videos
VID_740.mp4,,videos
training_gardening.key,,presentations
invoice_9053_globex.pdf,dear sir or madam invoice total due meeting agenda attendees,documents
song_demo_7514.wav,,audio
IMG_4848.jpg,,images
receipt_9090.pdf,invoice total due dear sir or madam,documents
cooking_book.epub,,books
document1,,other
inter_bold.ttf,,fonts
calibre_2107.mobi,preface acknowledgements preface acknowledgements chapter one it was a,books
config_2540.json,"{""status"": ""ok"", ""items"": 42} {""status"": ""ok"", ""items"": 42} id,name,value {""status"": ""ok"", ""items"": 42}",data
newfile_8214,,other
report_draft_5184.docx,invoice total due invoice total due,documents
backup_2015-11-11.zip,compressed archive contents,archives
metrics_2017-06-26.json,"{""status"": ""ok"", ""items"": 42} {""status"": ""ok"", ""items"": 42} id,name,value",data
calibre_1622.mobi,preface acknowledgements preface acknowledgements preface acknowledgements preface acknowledgements,books
drone_flight_lake.mov,,videos
styles_main.css,,code
budget_2025.xlsx,sum of expenses,spreadsheets
calibre_5079.mobi,preface acknowledgements chapter one it was a,books
gothic_3347.otf,,fonts
voice_memo_1654.m4a,,audio
newfile_1644,,other
calibre_7729.mobi,,books
VID_9397.mp4,,videos
resume_jo_garcia.docx,,documents
document1,,other
download_6925,,other
lecture_history.mkv,,videos
physics_book.epub,chapter one it was a preface acknowledgements preface acknowledgements,books
manual_v3182.pdf,dear sir or madam agreement between parties agreement between parties dear sir or madam,documents
photos_archive_2024.tar.gz,compressed archive contents,archives
invoice_4895_initech.pdf,,documents
photos_archive_2017.tar.gz,compressed archive contents compressed archive contents,archives
styles_main.css,function render props function render props,code
history_book.epub,preface acknowledgements chapter one it was a chapter one it was a,books
cooking_book.epub,chapter one it was a chapter one it was a chapter one it was a,books
calibre_1426.mobi,preface acknowledgements,books
logo_draft_v9850.psd,layer mask vector artboard layer mask vector artboard layer mask vector artboard layer mask vector artboard,design
pitch_deck_v9537.pptx,market opportunity pricing market opportunity pricing slide overview agenda slide overview agenda,presentations
family_graduation.png,,images
grotesk_medium.woff2,,fonts
document1,,other
IMG_4261.jpg,,images
wireframes_105.fig,layer mask vector artboard layer mask vector artboard,design
app_component_3550.tsx,import pandas as pd export default component export default component,code
drone_flight_beach.mov,,videos
song_demo_3799.wav,,audio
expenses_feb.xlsx,,spreadsheets
scan_doc3811.jpg,,images
wireframes_4594.fig,,design
download_5694,,other
metrics_2017-11-24.json,,data
VID_5510.mp4,,videos
export_events.csv,,data
hours_tracking_7042.ods,,spreadsheets
untitled_9619,,other
hours_tracking_7477.ods,"column,values budget forecast q1",spreadsheets
manual_v6463.pdf,invoice total due dear sir or madam invoice total due dear sir or madam,documents
newfile_807,,other
grotesk_medium.woff2,,fonts
photos_archive_2026.tar.gz,compressed archive contents compressed archive contents,archives
customers_export.tsv,"id,name,value {""status"": ""ok"", ""items"": 42} {""status"": ""ok"", ""items"": 42}",data
marketing_book.epub,preface acknowledgements chapter one it was a,books
export_orders.csv,"id,name,value id,name,value",data
inter_bold.ttf,,fonts
lease_agreement_253.pdf,dear sir or madam dear sir or madam invoice total due,documents
vacation_city.jpeg,,images
song_demo_5019.wav,,audio
wireframes_7131.fig,,design
banner_3206.ai,layer mask vector artboard,design
budget_2016.xlsx,"column,values column,values",spreadsheets
inter_bold.ttf,,fonts
styles_main.css,export default component function render props import pandas as pd import pandas as pd,code
meeting_notes_2023-12-23.txt,meeting agenda attendees dear sir or madam invoice total due,documents
metrics_2021-07-15.json,,data
customers_export.tsv,,data
untitled_5622,,other
document1,,other
training_gardening.key,market opportunity pricing market opportunity pricing slide overview agenda,presentations
banner_254.ai,layer mask vector artboard layer mask vector artboard layer mask vector artboard,design
grotesk_medium.woff2,,fonts
grotesk_medium.woff2,,fonts
interview_recording_5045.flac,,audio
pitch_deck_v3953.pptx,market opportunity pricing,presentations
app_component_5376.tsx,export default component export default component function render props,code
customers_export.tsv,,data
podcast_ep5678.mp3,,audio
vacation_mountains.jpeg,,images
song_demo_7885.wav,,audio
lecture_marketing.mkv,,videos
screenshot_2016-01-02.png,,images
lecture_history.mkv,,videos
budget_2016.xlsx,,spreadsheets
birthday_2018.mp4,,videos
IMG_3428.jpg,,images
meeting_notes_2025-05-04.txt,invoice total due,documents
expenses_apr.xlsx,"column,values",spreadsheets
query_runner.py,import pandas as pd function render props export default component,code
meeting_notes_2025-07-24.txt,meeting agenda attendees dear sir or madam agreement between parties invoice total due,documents
calibre_8026.mobi,chapter one it was a chapter one it was a preface acknowledgements preface acknowledgements,books
birthday_2015.mp4,,videos
customers_export.tsv,"id,name,value id,name,value {""status"": ""ok"", ""items"": 42}",data
drone_flight_city.mov,,videos
config_2048.json,"id,name,value {""status"": ""ok"", ""items"": 42}",data
server_main.go,,code
vacation_beach.jpeg,,images
calibre_3985.mobi,preface acknowledgements preface acknowledgements chapter one it was a,books
metrics_2025-09-05.json,"{""status"": ""ok"", ""items"": 42} id,name,value {""status"": ""ok"", ""items"": 42} {""status"": ""ok"", ""items"": 42}",data
expenses_jan.xlsx,"column,values",spreadsheets
grotesk_medium.woff2,,fonts
project_export_2516.7z,compressed archive contents,archives
backup_2015-10-08.zip,compressed archive contents compressed archive contents compressed archive contents,archives
vacation_city.jpeg,,images
query_runner.py,import pandas as pd,code
expenses_jan.xlsx,sum of expenses,spreadsheets
gardening_book.epub,,books
untitled_2137,,other
untitled_2554,,other
quarterly_review_q1.pptx,,presentations
expenses_apr.xlsx,,spreadsheets
photos_archive_2025.tar.gz,compressed archive contents compressed archive contents compressed archive contents,archives
document1,,other
song_demo_364.wav,,audio
expenses_may.xlsx,sum of expenses sum of expenses,spreadsheets
scan_doc4503.jpg,,images
hours_tracking_4372.ods,budget forecast q1,spreadsheets
vacation_mountains.jpeg,,images
project_export_868.7z,compressed archive contents compressed archive contents,archives
wireframes_644.fig,layer mask vector artboard layer mask vector artboard,design
grotesk_medium.woff2,,fonts
drone_flight_beach.mov,,videos
song_demo_5592.wav,,audio
newfile_8291,,other
gothic_2997.otf,,fonts
project_export_2963.7z,compressed archive contents,archives
budget_2026.xlsx,"column,values column,values column,values",spreadsheets
lecture_cooking.mkv,,videos
invoice_4062_acme.pdf,,documents
inter_bold.ttf,,fonts
photos_archive_2016.tar.gz,compressed archive contents,archives
logo_draft_v1416.psd,layer mask vector artboard,design
VID_2262.mp4,,videos
config_282.json,"id,name,value {""status"": ""ok"", ""items"": 42} {""status"": ""ok"", ""items"": 42}",data
birthday_2017.mp4,,videos
config_145.json,,data
calibre_7932.mobi,preface acknowledgements preface acknowledgements chapter one it was a chapter one it was a,books
training_cooking.key,slide overview agenda slide overview agenda,presentations
banner_804.ai,layer mask vector artboard layer mask vector artboard layer mask vector artboard layer mask vector artboard,design
VID_8827.mp4,,videos
birthday_2026.mp4,,videos
inter_bold.ttf,,fonts
config_2044.json,,data
newfile_6479,,other
server_main.go,import pandas as pd import pandas as pd function render props function render props,code
hours_tracking_1314.ods,"column,values sum of expenses budget forecast q1 sum of expenses",spreadsheets
invoice_2476_acme.pdf,invoice total due,documents
birthday_2021.mp4,,videos
export_events.csv,"id,name,value",data
interview_recording_4868.flac,,audio
document1,,other
quarterly_review_q2.pptx,slide overview agenda market opportunity pricing slide overview agenda,presentations
query_runner.py,import pandas as pd export default component,code
calibre_3233.mobi,chapter one it was a preface acknowledgements chapter one it was a,books
calibre_8435.mobi,preface acknowledgements chapter one it was a preface acknowledgements preface acknowledgements,books
hours_tracking_2.ods,budget forecast q1 budget forecast q1,spreadsheets
utils_3700.py,,code
export_users.csv,"{""status"": ""ok"", ""items"": 42}",data
metrics_2018-12-20.json,"id,name,value {""status"": ""ok"", ""items"": 42}",data
photos_archive_2021.tar.gz,compressed archive contents compressed archive contents compressed archive contents,archives
calibre_9960.mobi,preface acknowledgements preface acknowledgements chapter one it was a preface acknowledgements,books
query_runner.py,import pandas as pd function render props,code
hours_tracking_7587.ods,"budget forecast q1 sum of expenses column,values",spreadsheets
calibre_1536.mobi,,books
photos_archive_2020.tar.gz,compressed archive contents compressed archive contents compressed archive contents,archives
export_users.csv,"id,name,value id,name,value",data
quarterly_review_q2.pptx,,presentations
utils_6610.py,function render props,code
quarterly_review_q1.pptx,market opportunity pricing slide overview agenda market opportunity pricing market opportunity pricing,presentations
newfile_6228,,other
voice_memo_8793.m4a,,audio
calibre_4988.mobi,chapter one it was a preface acknowledgements preface acknowledgements chapter one it was a,books
inter_bold.ttf,,fonts
document1,,other
customers_export.tsv,,data
config_7284.json,"{""status"": ""ok"", ""items"": 42} id,name,value",data
podcast_ep172.mp3,,audio
query_runner.py,import pandas as pd import pandas as pd function render props function render props,code
query_runner.py,function render props,code
song_demo_3584.wav,,audio
app_component_4099.tsx,import pandas as pd,code
hours_tracking_6125.ods,sum of expenses,spreadsheets
expenses_feb.xlsx,"column,values sum of expenses budget forecast q1 budget forecast q1",spreadsheets
birthday_2020.mp4,,videos
newfile_6720,,other
letter_to_hooli.txt,meeting agenda attendees,documents
lease_agreement_1793.pdf,dear sir or madam invoice total due dear sir or madam,documents
cooking_book.epub,preface acknowledgements,books
calibre_7680.mobi,chapter one it was a chapter one it was a chapter one it was a,books
config_6462.json,"id,name,value",data
training_gardening.key,slide overview agenda slide overview agenda,presentations
calibre_5597.mobi,chapter one it was a chapter one it was a,books
screenshot_2016-06-21.png,,images
query_runner.py,import pandas as pd,code
training_marketing.key,slide overview agenda market opportunity pricing market opportunity pricing,presentations
server_main.go,import pandas as pd import pandas as pd import pandas as pd import pandas as pd,code
download_4547,,other
song_demo_3539.wav,,audio
letter_to_hooli.txt,dear sir or madam agreement between parties invoice total due,documents
birthday_2024.mp4,,videos
calibre_4564.mobi,chapter one it was a chapter one it was a,books
physics_book.epub,,books
gothic_5556.otf,,fonts
budget_2025.xlsx,sum of expenses sum of expenses,spreadsheets
inter_bold.ttf,,fonts
quarterly_review_q4.pptx,slide overview agenda market opportunity pricing,presentations
drone_flight_beach.mov,,videos
metrics_2025-08-15.json,"{""status"": ""ok"", ""items"": 42}",data
pitch_deck_v5023.pptx,,presentations
document1,,other
training_cooking.key,slide overview agenda slide overview agenda market opportunity pricing slide overview agenda,presentations
expenses_jan.xlsx,"column,values column,values budget forecast q1 sum of expenses",spreadsheets
wireframes_2869.fig,,design
pitch_deck_v6527.pptx,slide overview agenda market opportunity pricing,presentations
voice_memo_5004.m4a,,audio
IMG_3173.jpg,,images
server_main.go,export default component,code
budget_2016.xlsx,budget forecast q1,spreadsheets
scan_doc6966.jpg,,images
utils_2974.py,,code
newfile_3354,,other
customers_export.tsv,"id,name,value {""status"": ""ok"", ""items"": 42}",data
hours_tracking_1791.ods,,spreadsheets
report_draft_3231.docx,,documents
query_runner.py,import pandas as pd,code
untitled_1688,,other
training_gardening.key,slide overview agenda,presentations
letter_to_initech.txt,agreement between parties,documents
quarterly_review_q1.pptx,,presentations
VID_6768.mp4,,videos
wireframes_5973.fig,layer mask vector artboard layer mask vector artboard layer mask vector artboard,design
untitled_8322,,other
report_draft_8151.docx,dear sir or madam invoice total due,documents
inter_bold.ttf,,fonts
drone_flight_beach.mov,,videos
cooking_book.epub,preface acknowledgements,books
download_6460,,other
budget_2022.xlsx,sum of expenses,spreadsheets
budget_2018.xlsx,,spreadsheets
vacation_lake.jpeg,,images
family_trip.png,,images
logo_draft_v9469.psd,layer mask vector artboard layer mask vector artboard layer mask vector artboard,design
pitch_deck_v6423.pptx,slide overview agenda slide overview agenda slide overview agenda slide overview agenda,presentations
receipt_1312.pdf,dear sir or madam meeting agenda attendees agreement between parties,documents
gothic_9054.otf,,fonts
birthday_2023.mp4,,videos
expenses_may.xlsx,"sum of expenses budget forecast q1 column,values budget forecast q1",spreadsheets
drone_flight_city.mov,,videos
utils_7256.py,,code
photos_archive_2022.tar.gz,compressed archive contents compressed archive contents compressed archive contents,archives
logo_draft_v3370.psd,layer mask vector artboard,design
grotesk_medium.woff2,,fonts
quarterly_review_q3.pptx,market opportunity pricing market opportunity pricing,presentations
budget_2015.xlsx,sum of expenses,spreadsheets
styles_main.css,,code
screenshot_2017-12-04.png,,images
logo_draft_v3829.psd,layer mask vector artboard layer mask vector artboard layer mask vector artboard layer mask vector artboard,design
manual_v6924.pdf,meeting agenda attendees,documents
birthday_2018.mp4,,videos
newfile_6842,,other
lecture_cooking.mkv,,videos
app_component_5024.tsx,export default component,code
report_draft_8002.docx,agreement between parties dear sir or madam meeting agenda attendees,documents
download_8017,,other
banner_1754.ai,layer mask vector artboard layer mask vector artboard layer mask vector artboard layer mask vector artboard,design
invoice_9166_umbrella.pdf,agreement between parties dear sir or madam invoice total due,documents
app_component_7153.tsx,import pandas as pd,code
manual_v9794.pdf,meeting agenda attendees,documents
calibre_2828.mobi,chapter one it was a,books
quarterly_review_q4.pptx,slide overview agenda market opportunity pricing market opportunity pricing slide overview agenda,presentations
logo_draft_v511.psd,layer mask vector artboard layer mask vector artboard layer mask vector artboard,design
pitch_deck_v9722.pptx,slide overview agenda slide overview agenda market opportunity pricing,presentations
budget_2022.xlsx,"sum of expenses column,values column,values column,values",spreadsheets
song_demo_4831.wav,,audio
receipt_8968.pdf,invoice total due meeting agenda attendees,documents
IMG_5659.jpg,,images
metrics_2024-02-24.json,,data
calibre_7301.mobi,,books
inter_bold.ttf,,fonts
podcast_ep4930.mp3,,audio
birthday_2024.mp4,,videos
export_users.csv,"id,name,value",data
wireframes_7015.fig,layer mask vector artboard,design
customers_export.tsv,"{""status"": ""ok"", ""items"": 42} id,name,value id,name,value",data
history_book.epub,,books
scan_doc2964.jpg,,images
expenses_apr.xlsx,budget forecast q1 sum of expenses budget forecast q1 sum of expenses,spreadsheets
export_orders.csv,"{""status"": ""ok"", ""items"": 42} id,name,value",data
interview_recording_4387.flac,,audio
utils_8790.py,import pandas as pd export default component export default component import pandas as pd,code
hours_tracking_2906.ods,,spreadsheets
project_export_5039.7z,,archives
VID_522.mp4,,videos
song_demo_2456.wav,,audio
training_physics.key,market opportunity pricing,presentations
utils_8132.py,export default component import pandas as pd export default component function render props,code
hours_tracking_8019.ods,sum of expenses sum of expenses,spreadsheets
backup_2015-08-01.zip,compressed archive contents compressed archive contents,archives
quarterly_review_q2.pptx,,presentations
download_5501,,other
untitled_9862,,other
drone_flight_lake.mov,,videos
gardening_book.epub,chapter one it was a,books
inter_bold.ttf,,fonts
gothic_5867.otf,,fonts
drone_flight_city.mov,,videos
expenses_may.xlsx,"budget forecast q1 sum of expenses column,values budget forecast q1",spreadsheets
document1,,other
server_main.go,import pandas as pd export default component,code
birthday_2020.mp4,,videos
document1,,other
newfile_4039,,other
newfile_3834,,other
gothic_6324.otf,,fonts
physics_book.epub,chapter one it was a chapter one it was a,books
config_8811.json,"{""status"": ""ok"", ""items"": 42} id,name,value {""status"": ""ok"", ""items"": 42}",data
gothic_1635.otf,,fonts
banner_4030.ai,layer mask vector artboard layer mask vector artboard,design
VID_2044.mp4,,videos
logo_draft_v8444.psd,,design
pitch_deck_v9074.pptx,slide overview agenda market opportunity pricing slide overview agenda,presentations
expenses_jan.xlsx,,spreadsheets
metrics_2021-03-18.json,"{""status"": ""ok"", ""items"": 42} id,name,value {""status"": ""ok"", ""items"": 42} {""status"": ""ok"", ""items"": 42}",data
family_dinner.png,,images
download_6130,,other
manual_v4567.pdf,meeting agenda attendees invoice total due,documents
interview_recording_2167.flac,,audio
grotesk_medium.woff2,,fonts
scan_doc6230.jpg,,images
scan_doc2167.jpg,,images
logo_draft_v6744.psd,layer mask vector artboard layer mask vector artboard,design
customers_export.tsv,"id,name,value {""status"": ""ok"", ""items"": 42} id,name,value",data
podcast_ep8232.mp3,,audio
untitled_8121,,other
logo_draft_v4981.psd,layer mask vector artboard,design
photos_archive_2022.tar.gz,compressed archive contents compressed archive contents compressed archive contents,archives
expenses_apr.xlsx,"column,values budget forecast q1 sum of expenses",spreadsheets
logo_draft_v7789.psd,layer mask vector artboard layer mask vector artboard layer mask vector artboard,design
metrics_2017-08-26.json,"{""status"": ""ok"", ""items"": 42}",data
newfile_5176,,other
budget_2020.xlsx,"column,values column,values budget forecast q1 sum of expenses",spreadsheets
gothic_9841.otf,,fonts
receipt_49.pdf,agreement between parties agreement between parties invoice total due invoice total due,documents
inter_bold.ttf,,fonts
document1,,other
banner_2503.ai,layer mask vector artboard layer mask vector artboard layer mask vector artboard layer mask vector artboard,design
IMG_9682.jpg,,images
manual_v3225.pdf,,documents
lease_agreement_3686.pdf,invoice total due agreement between parties dear sir or madam,documents
query_runner.py,,code
lease_agreement_7459.pdf,meeting agenda attendees dear sir or madam invoice total due invoice total due,documents
lecture_gardening.mkv,,videos
budget_2018.xlsx,"sum of expenses sum of expenses budget forecast q1 column,values",spreadsheets
query_runner.py,function render props import pandas as pd,code
lecture_marketing.mkv,,videos
budget_2019.xlsx,"column,values sum of expenses budget forecast q1",spreadsheets
drone_flight_lake.mov,,videos
project_export_8758.7z,compressed archive contents compressed archive contents,archives
styles_main.css,export default component import pandas as pd import pandas as pd,code
drone_flight_beach.mov,,videos
server_main.go,export default component export default component function render props,code
pitch_deck_v9767.pptx,market opportunity pricing slide overview agenda slide overview agenda,presentations
birthday_2017.mp4,,videos
newfile_3141,,other
interview_recording_8546.flac,,audio
podcast_ep5923.mp3,,audio
quarterly_review_q2.pptx,,presentations
expenses_feb.xlsx,"budget forecast q1 budget forecast q1 column,values column,values",spreadsheets
calibre_6123.mobi,chapter one it was a preface acknowledgements,books
history_book.epub,chapter one it was a,books
download_4721,,other
query_runner.py,function render props import pandas as pd,code
inter_bold.ttf,,fonts
lecture_physics.mkv,,videos
song_demo_159.wav,,audio
interview_recording_823.flac,,audio
gothic_9706.otf,,fonts
server_main.go,import pandas as pd,code
inter_bold.ttf,,fonts
logo_draft_v7838.psd,layer mask vector artboard,design
document1,,other
grotesk_medium.woff2,,fonts
grotesk_medium.woff2,,fonts
grotesk_medium.woff2,,fonts
IMG_736.jpg,,images
birthday_2016.mp4,,videos
app_component_67.tsx,function render props function render props,code
query_runner.py,function render props import pandas as pd import pandas as pd,code
interview_recording_1353.flac,,audio
gothic_7577.otf,,fonts
wireframes_6129.fig,layer mask vector artboard layer mask vector artboard,design
history_book.epub,,books
metrics_2023-05-24.json,"{""status"": ""ok"", ""items"": 42} id,name,value {""status"": ""ok"", ""items"": 42}",data
voice_memo_7279.m4a,,audio
meeting_notes_2025-07-13.txt,agreement between parties agreement between parties invoice total due meeting agenda attendees,documents
drone_flight_lake.mov,,videos
budget_2023.xlsx,"sum of expenses sum of expenses column,values",spreadsheets
project_export_9461.7z,compressed archive contents,archives
pitch_deck_v1170.pptx,market opportunity pricing market opportunity pricing slide overview agenda market opportunity pricing,presentations
export_users.csv,,data
gothic_6069.otf,,fonts
utils_7165.py,function render props export default component,code
server_main.go,export default component export default component export default component export default component,code
expenses_feb.xlsx,sum of expenses sum of expenses,spreadsheets
budget_2023.xlsx,sum of expenses,spreadsheets
training_marketing.key,,presentations
expenses_feb.xlsx,"column,values",spreadsheets
photos_archive_2024.tar.gz,,archives
interview_recording_8031.flac,,audio
inter_bold.ttf,,fonts
training_physics.key,,presentations
backup_2022-03-17.zip,compressed archive contents compressed archive contents compressed archive contents compressed archive contents,archives
newfile_3003,,other
project_export_1590.7z,compressed archive contents compressed archive contents,archives
expenses_may.xlsx,"column,values sum of expenses budget forecast q1 budget forecast q1",spreadsheets
app_component_4031.tsx,function render props,code
download_3879,,other
drone_flight_mountains.mov,,videos
calibre_6567.mobi,chapter one it was a preface acknowledgements,books
banner_4675.ai,layer mask vector artboard layer mask vector artboard,design
customers_export.tsv,"{""status"": ""ok"", ""items"": 42} {""status"": ""ok"", ""items"": 42} {""status"": ""ok"", ""items"": 42}",data
voice_memo_7652.m4a,,audio
wireframes_5845.fig,layer mask vector artboard layer mask vector artboard layer mask vector artboard,design
pitch_deck_v1410.pptx,market opportunity pricing market opportunity pricing market opportunity pricing market opportunity pricing,presentations
meeting_notes_2019-11-26.txt,,documents
download_578,,other
inter_bold.ttf,,fonts
quarterly_review_q2.pptx,market opportunity pricing slide overview agenda slide overview agenda market opportunity pricing,presentations
screenshot_2024-03-19.png,,images
scan_doc9658.jpg,,images
logo_draft_v7847.psd,,design
grotesk_medium.woff2,,fonts
song_demo_6871.wav,,audio
birthday_2017.mp4,,videos
manual_v3285.pdf,agreement between parties,documents
calibre_3087.mobi,chapter one it was a,books
grotesk_medium.woff2,,fonts
inter_bold.ttf,,fonts
grotesk_medium.woff2,,fonts
song_demo_21.wav,,audio
training_cooking.key,market opportunity pricing slide overview agenda slide overview agenda market opportunity pricing,presentations
drone_flight_lake.mov,,videos
wireframes_5611.fig,layer mask vector artboard layer mask vector artboard,design
grotesk_medium.woff2,,fonts
photos_archive_2021.tar.gz,,archives
grotesk_medium.woff2,,fonts
song_demo_8841.wav,,audio
scan_doc3640.jpg,,images
interview_recording_201.flac,,audio
birthday_2023.mp4,,videos
untitled_5138,,other
export_orders.csv,,data
calibre_9989.mobi,preface acknowledgements,books
history_book.epub,preface acknowledgements preface acknowledgements preface acknowledgements chapter one it was a,books
quarterly_review_q2.pptx,slide overview agenda slide overview agenda slide overview agenda market opportunity pricing,presentations
hours_tracking_6893.ods,sum of expenses budget forecast q1,spreadsheets
marketing_book.epub,preface acknowledgements preface acknowledgements preface acknowledgements,books
query_runner.py,export default component,code
logo_draft_v4383.psd,,design
calibre_7249.mobi,,books
family_graduation.png,,images
song_demo_1493.wav,,audio
cooking_book.epub,preface acknowledgements,books
calibre_1250.mobi,preface acknowledgements,books
styles_main.css,function render props function render props export default component,code
drone_flight_mountains.mov,,videos
calibre_8841.mobi,preface acknowledgements preface acknowledgements preface acknowledgements chapter one it was a,books
banner_8698.ai,layer mask vector artboard layer mask vector artboard layer mask vector artboard,design
customers_export.tsv,"id,name,value id,name,value id,name,value",data
vacation_beach.jpeg,,images
wireframes_4429.fig,layer mask vector artboard layer mask vector artboard layer mask vector artboard layer mask vector artboard,design
voice_memo_6515.m4a,,audio
customers_export.tsv,,data
logo_draft_v640.psd,,design
export_events.csv,"id,name,value id,name,value {""status"": ""ok"", ""items"": 42} {""status"": ""ok"", ""items"": 42}",data
pitch_deck_v1820.pptx,market opportunity pricing slide overview agenda market opportunity pricing,presentations
expenses_mar.xlsx,"budget forecast q1 column,values",spreadsheets
IMG_3999.jpg,,images
voice_memo_7475.m4a,,audio
screenshot_2024-07-02.png,,images
screenshot_2015-01-25.png,,images
gardening_book.epub,,books
project_export_171.7z,,archives
inter_bold.ttf,,fonts
metrics_2021-05-04.json,"{""status"": ""ok"", ""items"": 42}",data
training_cooking.key,slide overview agenda market opportunity pricing slide overview agenda slide overview agenda,presentations
export_users.csv,,data
photos_archive_2024.tar.gz,compressed archive contents compressed archive contents compressed archive contents,archives
lecture_cooking.mkv,,videos
project_export_5104.7z,,archives
podcast_ep6674.mp3,,audio
gothic_2701.otf,,fonts
birthday_2024.mp4,,videos
gothic_5303.otf,,fonts
export_orders.csv,"{""status"": ""ok"", ""items"": 42} {""status"": ""ok"", ""items"": 42}",data
project_export_1305.7z,compressed archive contents compressed archive contents compressed archive contents,archives
backup_2022-02-16.zip,,archives
physics_book.epub,preface acknowledgements preface acknowledgements preface acknowledgements preface acknowledgements,books
banner_6407.ai,layer mask vector artboard layer mask vector artboard layer mask vector artboard,design
grotesk_medium.woff2,,fonts
report_draft_5845.docx,meeting agenda attendees meeting agenda attendees meeting agenda attendees agreement between parties,documents
quarterly_review_q2.pptx,,presentations
document1,,other
meeting_notes_2020-06-13.txt,meeting agenda attendees meeting agenda attendees dear sir or madam,documents
export_orders.csv,"{""status"": ""ok"", ""items"": 42} {""status"": ""ok"", ""items"": 42} {""status"": ""ok"", ""items"": 42} {""status"": ""ok"", ""items"": 42}",data
meeting_notes_2026-02-27.txt,invoice total due dear sir or madam dear sir or madam,documents
banner_3403.ai,layer mask vector artboard layer mask vector artboard layer mask vector artboard layer mask vector artboard,design
podcast_ep1205.mp3,,audio
drone_flight_mountains.mov,,videos
report_draft_8353.docx,,documents
quarterly_review_q4.pptx,market opportunity pricing market opportunity pricing slide overview agenda,presentations
app_component_9313.tsx,export default component export default component,code
calibre_3273.mobi,preface acknowledgements chapter one it was a chapter one it was a,books
utils_2853.py,export default component function render props,code
cooking_book.epub,preface acknowledgements chapter one it was a preface acknowledgements chapter one it was a,books
IMG_888.jpg,,images
photos_archive_2022.tar.gz,compressed archive contents compressed archive contents compressed archive contents,archives
interview_recording_4456.flac,,audio
calibre_4767.mobi,preface acknowledgements preface acknowledgements preface acknowledgements,books
backup_2019-08-18.zip,,archives
physics_book.epub,preface acknowledgements preface acknowledgements preface acknowledgements chapter one it was a,books
pitch_deck_v1015.pptx,,presentations
IMG_2266.jpg,,images
quarterly_review_q1.pptx,slide overview agenda slide overview agenda,presentations
VID_8801.mp4,,videos
document1,,other
history_book.epub,,books
calibre_3789.mobi,preface acknowledgements preface acknowledgements,books
IMG_2111.jpg,,images
family_trip.png,,images
pitch_deck_v161.pptx,slide overview agenda slide overview agenda market opportunity pricing market opportunity pricing,presentations
quarterly_review_q3.pptx,market opportunity pricing market opportunity pricing slide overview agenda slide overview agenda,presentations
screenshot_2015-02-17.png,,images
customers_export.tsv,"{""status"": ""ok"", ""items"": 42} {""status"": ""ok"", ""items"": 42}",data
resume_wei_kim.docx,,documents
wireframes_9393.fig,layer mask vector artboard layer mask vector artboard layer mask vector artboard layer mask vector artboard,design
song_demo_368.wav,,audio
untitled_276,,other
IMG_6652.jpg,,images
training_marketing.key,slide overview agenda,presentations
family_trip.png,,images
query_runner.py,export default component,code
photos_archive_2018.tar.gz,compressed archive contents,archives
backup_2021-03-08.zip,compressed archive contents compressed archive contents compressed archive contents,archives
project_export_280.7z,compressed archive contents compressed archive contents,archives
config_4591.json,,data
project_export_640.7z,compressed archive contents compressed archive contents compressed archive contents,archives
lease_agreement_6916.pdf,invoice total due agreement between parties,documents
photos_archive_2021.tar.gz,compressed archive contents,archives
VID_107.mp4,,videos
newfile_313,,other
wireframes_9139.fig,layer mask vector artboard layer mask vector artboard,design
server_main.go,import pandas as pd,code
birthday_2021.mp4,,videos
photos_archive_2025.tar.gz,compressed archive contents compressed archive contents,archives
calibre_376.mobi,,books
VID_9184.mp4,,videos
server_main.go,,code
voice_memo_9344.m4a,,audio
calibre_4129.mobi,chapter one it was a chapter one it was a,books
resume_wei_kim.docx,agreement between parties,documents
interview_recording_4307.flac,,audio
server_main.go,import pandas as pd function render props function render props function render props,code
song_demo_6361.wav,,audio
meeting_notes_2023-11-15.txt,meeting agenda attendees dear sir or madam agreement between parties,documents
download_6239,,other
drone_flight_city.mov,,videos
project_export_1455.7z,compressed archive contents,archives
project_export_9695.7z,compressed archive contents,archives
quarterly_review_q2.pptx,market opportunity pricing slide overview agenda,presentations
backup_2023-02-27.zip,compressed archive contents compressed archive contents compressed archive contents,archives
config_6889.json,,data
wireframes_9908.fig,layer mask vector artboard layer mask vector artboard,design
interview_recording_1019.flac,,audio
banner_7831.ai,layer mask vector artboard layer mask vector artboard layer mask vector artboard,design
budget_2025.xlsx,"column,values budget forecast q1 column,values column,values",spreadsheets
export_events.csv,,data
pitch_deck_v1865.pptx,,presentations
voice_memo_803.m4a,,audio
backup_2018-04-16.zip,compressed archive contents compressed archive contents compressed archive contents,archives
document1,,other
customers_export.tsv,"{""status"": ""ok"", ""items"": 42} {""status"": ""ok"", ""items"": 42} id,name,value id,name,value",data
config_9429.json,"id,name,value",data
vacation_mountains.jpeg,,images
drone_flight_lake.mov,,videos
hours_tracking_8240.ods,budget forecast q1 sum of expenses,spreadsheets
server_main.go,import pandas as pd export default component import pandas as pd export default component,code
lecture_marketing.mkv,,videos
newfile_6870,,other
config_1988.json,"id,name,value {""status"": ""ok"", ""items"": 42}",data
untitled_7911,,other
hours_tracking_6361.ods,"column,values column,values budget forecast q1 column,values",spreadsheets
styles_main.css,,code
IMG_8109.jpg,,images
drone_flight_mountains.mov,,videos
app_component_4867.tsx,,code
utils_1800.py,,code
voice_memo_7422.m4a,,audio
query_runner.py,export default component function render props function render props,code
quarterly_review_q1.pptx,market opportunity pricing slide overview agenda slide overview agenda slide overview agenda,presentations
grotesk_medium.woff2,,fonts
podcast_ep164.mp3,,audio
photos_archive_2017.tar.gz,,archives
hours_tracking_835.ods,"budget forecast q1 column,values",spreadsheets
lecture_marketing.mkv,,videos
config_8593.json,"{""status"": ""ok"", ""items"": 42} id,name,value",data
photos_archive_2024.tar.gz,,archives
podcast_ep1095.mp3,,audio
calibre_3151.mobi,,books
song_demo_7844.wav,,audio
drone_flight_mountains.mov,,videos
family_trip.png,,images
project_export_817.7z,compressed archive contents compressed archive contents,archives
untitled_9005,,other
lecture_physics.mkv,,videos
backup_2017-06-09.zip,compressed archive contents compressed archive contents,archives
scan_doc3358.jpg,,images
quarterly_review_q1.pptx,market opportunity pricing slide overview agenda slide overview agenda slide overview agenda,presentations
newfile_5997,,other
inter_bold.ttf,,fonts
voice_memo_4468.m4a,,audio
inter_bold.ttf,,fonts
project_export_2600.7z,compressed archive contents compressed archive contents compressed archive contents,archives
training_history.key,market opportunity pricing,presentations
budget_2020.xlsx,"sum of expenses sum of expenses column,values",spreadsheets
grotesk_medium.woff2,,fonts
budget_2019.xlsx,,spreadsheets
server_main.go,export default component,code
budget_2026.xlsx,,spreadsheets
photos_archive_2018.tar.gz,compressed archive contents,archives
gardening_book.epub,,books
logo_draft_v142.psd,layer mask vector artboard layer mask vector artboard,design
newfile_3254,,other
vacation_mountains.jpeg,,images
logo_draft_v686.psd,layer mask vector artboard,design
training_marketing.key,,presentations
hours_tracking_9330.ods,,spreadsheets
receipt_9580.pdf,agreement between parties dear sir or madam,documents
podcast_ep6143.mp3,,audio
customers_export.tsv,"{""status"": ""ok"", ""items"": 42} {""status"": ""ok"", ""items"": 42}",data
expenses_mar.xlsx,"budget forecast q1 column,values sum of expenses",spreadsheets
manual_v5968.pdf,agreement between parties meeting agenda attendees agreement between parties agreement between parties,documents
wireframes_7659.fig,,design
wireframes_1587.fig,layer mask vector artboard layer mask vector artboard layer mask vector artboard,design
document1,,other
inter_bold.ttf,,fonts
untitled_2981,,other
voice_memo_4989.m4a,,audio
gothic_3389.otf,,fonts
query_runner.py,export default component import pandas as pd function render props,code
cooking_book.epub,chapter one it was a,books
hours_tracking_7425.ods,budget forecast q1 sum of expenses sum of expenses,spreadsheets
query_runner.py,,code
invoice_2237_umbrella.pdf,invoice total due meeting agenda attendees,documents
logo_draft_v7695.psd,layer mask vector artboard layer mask vector artboard layer mask vector artboard,design
hours_tracking_9992.ods,budget forecast q1,spreadsheets
budget_2017.xlsx,,spreadsheets
query_runner.py,import pandas as pd,code
screenshot_2022-06-24.png,,images
app_component_6862.tsx,import pandas as pd import pandas as pd import pandas as pd function render props,code
lecture_marketing.mkv,,videos
gothic_5224.otf,,fonts
quarterly_review_q3.pptx,market opportunity pricing slide overview agenda market opportunity pricing market opportunity pricing,presentations
photos_archive_2016.tar.gz,compressed archive contents compressed archive contents compressed archive contents,archives
expenses_jun.xlsx,budget forecast q1,spreadsheets
backup_2021-11-08.zip,compressed archive contents,archives
song_demo_5290.wav,,audio
drone_flight_mountains.mov,,videos
inter_bold.ttf,,fonts
